GEO.id,GEO.id2,GEO.display-label,HD01_VD01,HD02_VD01,HD01_VD02,HD02_VD02,HD01_VD03,HD02_VD03,HD01_VD04,HD02_VD04,HD01_VD05,HD02_VD05,HD01_VD06,HD02_VD06,HD01_VD07,HD02_VD07,HD01_VD08,HD02_VD08,HD01_VD09,HD02_VD09,HD01_VD10,HD02_VD10
Id,Id2,Geography,Estimate; Aggregate travel time to work (in minutes):,Margin of Error; Aggregate travel time to work (in minutes):,Estimate; Aggregate travel time to work (in minutes): - Less than 10 minutes,Margin of Error; Aggregate travel time to work (in minutes): - Less than 10 minutes,Estimate; Aggregate travel time to work (in minutes): - 10 to 14 minutes,Margin of Error; Aggregate travel time to work (in minutes): - 10 to 14 minutes,Estimate; Aggregate travel time to work (in minutes): - 15 to 19 minutes,Margin of Error; Aggregate travel time to work (in minutes): - 15 to 19 minutes,Estimate; Aggregate travel time to work (in minutes): - 20 to 24 minutes,Margin of Error; Aggregate travel time to work (in minutes): - 20 to 24 minutes,Estimate; Aggregate travel time to work (in minutes): - 25 to 29 minutes,Margin of Error; Aggregate travel time to work (in minutes): - 25 to 29 minutes,Estimate; Aggregate travel time to work (in minutes): - 30 to 34 minutes,Margin of Error; Aggregate travel time to work (in minutes): - 30 to 34 minutes,Estimate; Aggregate travel time to work (in minutes): - 35 to 44 minutes,Margin of Error; Aggregate travel time to work (in minutes): - 35 to 44 minutes,Estimate; Aggregate travel time to work (in minutes): - 45 to 59 minutes,Margin of Error; Aggregate travel time to work (in minutes): - 45 to 59 minutes,Estimate; Aggregate travel time to work (in minutes): - 60 or more minutes,Margin of Error; Aggregate travel time to work (in minutes): - 60 or more minutes
310M300US10180,10180,"Abilene, TX Metro Area",1313825,136189,65475,8655,161535,22668,259235,36978,161375,30534,48615,16515,193560,50120,54590,27360,42645,22125,326795,129833
310M300US10420,10420,"Akron, OH Metro Area",7359250,216350,237340,17270,547025,50109,844270,51989,954110,70697,632680,51181,1051805,83900,883725,84195,1040545,106320,1167750,139437
310M300US10500,10500,"Albany, GA Metro Area",1215320,81647,37020,8226,133210,17486,183940,29197,201660,32990,95015,25167,228330,40642,76825,28789,109635,37028,149680,57748
310M300US10540,10540,"Albany, OR Metro Area",1014290,94953,65160,11370,75485,15852,95550,18206,140375,24962,87340,24871,115440,28792,137710,36869,109205,38228,188025,74252
310M300US10580,10580,"Albany-Schenectady-Troy, NY Metro Area",9953675,280213,266695,22751,611990,46006,1157005,68959,1412895,94426,754075,67823,1863835,119865,1052015,93338,1213455,122355,1621720,221879
310M300US10740,10740,"Albuquerque, NM Metro Area",9286780,239103,233785,22148,528690,36699,1103110,75214,1452210,94247,657245,71567,1615935,127464,825100,103566,1252080,176164,1618625,255400
310M300US10780,10780,"Alexandria, LA Metro Area",1579405,164852,46030,11195,102135,15971,195765,30669,218050,42209,79115,29113,205625,43689,93275,32002,89145,44519,550265,168208
310M300US10900,10900,"Allentown-Bethlehem-Easton, PA-NJ Metro Area",10791735,265992,240120,20299,528360,27551,867070,56105,1133020,72555,697755,67072,1476025,106600,819390,81101,1334160,115258,3695830,241608
310M300US11020,11020,"Altoona, PA Metro Area",1009635,66785,58015,9063,104365,14210,148400,21512,122135,22730,91480,21778,125640,28492,67080,20923,136890,36857,155630,41949
310M300US11100,11100,"Amarillo, TX Metro Area",2334755,118924,96810,11065,249000,23865,476390,46974,437290,53714,127800,28346,250170,52080,110725,36016,138045,44226,448520,109002
310M300US11180,11180,"Ames, IA Metro Area",867915,62089,58720,10537,127440,18346,137710,24978,125905,28876,69345,37029,56610,14656,96065,30436,101455,33314,94665,41420
310M300US11260,11260,"Anchorage, AK Metro Area",3977595,182806,177515,16500,392755,31433,648595,38766,665055,53499,178115,34478,374310,49219,170060,33993,370880,62006,1000315,155400
310M300US11460,11460,"Ann Arbor, MI Metro Area",4133240,151908,90265,12208,271780,20296,459965,34284,597960,46634,326555,42857,584190,57169,469845,59066,613500,59077,719185,133979
310M300US11500,11500,"Anniston-Oxford-Jacksonville, AL Metro Area",1140770,115332,26900,6553,72785,17551,105880,24191,154260,24627,72230,18895,197040,42730,85065,34917,113695,31229,312910,110321
310M300US11540,11540,"Appleton, WI Metro Area",2378430,99792,109685,9522,228295,22210,398845,32676,404285,41393,187765,29362,352970,46594,220815,36441,173085,36517,302690,84260
310M300US11700,11700,"Asheville, NC Metro Area",4126900,171706,116215,14664,358025,33559,629295,57927,612330,65320,342955,60604,621630,70413,414685,75253,451025,96176,580730,136283
310M300US12020,12020,"Athens-Clarke County, GA Metro Area",2056830,138260,68385,12933,175305,20630,282765,35045,257215,39227,152605,33732,236990,40060,152175,46597,249925,61411,481465,131526
310M300US12060,12060,"Atlanta-Sandy Springs-Roswell, GA Metro Area",83440035,1019230,997855,47077,2657210,97472,4854610,162334,6908800,240211,3727210,185269,12196310,387180,8604840,374506,14825140,612099,28668055,1050891
310M300US12100,12100,"Atlantic City-Hammonton, NJ Metro Area",2866405,173067,73415,11961,189575,23376,315860,36683,401010,49179,262350,40560,362820,64302,198430,47825,341935,78932,721010,152861
310M300US12220,12220,"Auburn-Opelika, AL Metro Area",1660850,135596,41385,8213,136230,24916,181425,29312,180365,40325,101500,34144,314940,59461,119200,40225,278440,63283,307365,115910
310M300US12260,12260,"Augusta-Richmond County, GA-SC Metro Area",5883135,236245,117730,15404,393940,43132,670230,55764,764280,66163,425590,63049,1079520,114516,543950,74357,775950,112507,1111945,169473
310M300US12420,12420,"Austin-Round Rock, TX Metro Area",26768530,535365,455850,28215,1225310,74254,2378340,108096,2913565,154238,1767345,133339,4480955,246421,3066085,209563,4221440,282210,6259635,486548
310M300US12540,12540,"Bakersfield, CA Metro Area",7239115,287364,189185,17828,610810,46701,997025,72252,1073980,90499,553195,77387,1034775,104818,465890,75420,739675,103347,1574580,274154
310M300US12580,12580,"Baltimore-Columbia-Towson, MD Metro Area",41451070,556555,479265,31611,1361245,69812,2746425,101724,3810430,143660,2380350,136249,6018255,208308,4562640,216549,7352400,300066,12740060,552418
310M300US12620,12620,"Bangor, ME Metro Area",1513995,85893,60195,9199,108280,15491,190630,25624,192810,34617,134765,30664,214885,29888,120390,26382,155100,36397,336940,81155
310M300US12700,12700,"Barnstable Town, MA Metro Area",2112535,136788,82195,11929,170305,21673,297540,35602,240975,40688,133050,29948,231415,36377,116965,29751,166450,45507,673645,108300
310M300US12940,12940,"Baton Rouge, LA Metro Area",9460785,366712,193865,18194,492630,44885,844345,72446,1306905,99672,621935,77359,1674260,142965,773665,107569,1409115,157836,2144065,298628
310M300US12980,12980,"Battle Creek, MI Metro Area",1108935,64046,42225,5673,145480,17997,147945,23500,180155,33153,83730,20592,120105,23545,120860,33677,83725,24092,184710,39761
310M300US13020,13020,"Bay City, MI Metro Area",1048520,101899,34130,5923,69910,12627,118830,22208,132875,22219,79425,20683,166630,34510,90000,27139,58345,18403,298375,95255
310M300US13140,13140,"Beaumont-Port Arthur, TX Metro Area",3808355,160352,117170,12056,265035,26372,440405,39877,686805,63044,180105,40697,715670,82280,260100,47690,329435,62891,813625,157399
310M300US13220,13220,"Beckley, WV Metro Area",1083575,97005,31810,6368,69080,13261,105220,21784,114780,28828,57805,21681,212460,52053,74720,28003,104680,32123,313020,90038
310M300US13380,13380,"Bellingham, WA Metro Area",2203565,153370,91595,13672,173795,28235,253585,35461,306250,51613,184015,38739,348620,66027,149875,33667,138015,41140,557810,147423
310M300US13460,13460,"Bend-Redmond, OR Metro Area",1422015,114386,106280,18183,195050,30389,202675,33754,178195,39207,70375,25853,287335,65666,85470,32958,101450,42737,195180,90989
310M300US13740,13740,"Billings, MT Metro Area",1481165,89594,67855,10152,190475,21780,287855,32387,280680,38733,146505,33301,142120,38523,44330,15700,65990,22268,255355,92504
310M300US13780,13780,"Binghamton, NY Metro Area",1945190,87515,84440,9363,204840,23498,352615,38629,336030,38997,153935,26006,257585,40816,145870,33883,138580,37531,271295,53692
310M300US13820,13820,"Birmingham-Hoover, AL Metro Area",12789905,314759,256895,25246,596815,41296,1156780,72227,1550980,101947,1026180,82222,2343310,125226,1459085,106766,2134075,162305,2265780,227342
310M300US13900,13900,"Bismarck, ND Metro Area",1323610,79534,47785,7351,152710,17026,318200,36721,182375,32947,47365,22247,162525,39256,37065,16961,111065,32610,264510,65247
310M300US13980,13980,"Blacksburg-Christiansburg-Radford, VA Metro Area",1708135,106220,74595,11104,183740,22164,222070,33348,212320,33689,119745,26624,251105,45537,156100,49928,177935,49079,310525,71698
310M300US14010,14010,"Bloomington, IL Metro Area",1731380,101030,95860,11619,225060,19671,305470,31874,259275,39952,82575,19478,178575,30425,149515,45159,180630,41336,254420,71053
310M300US14020,14020,"Bloomington, IN Metro Area",1549985,120745,77805,13440,170205,21208,294740,39721,192875,37132,65345,17560,167290,38595,96910,34023,108895,28349,375920,105792
310M300US14100,14100,"Bloomsburg-Berwick, PA Metro Area",803670,50853,42945,6187,53805,10246,97265,15690,101070,14377,70725,15275,141115,23055,73950,19054,97460,27570,125335,33984
310M300US14260,14260,"Boise City, ID Metro Area",6856670,227909,181215,19330,503100,43957,837945,72740,1187960,88395,556160,64443,1273430,112549,615595,112714,656150,109768,1045125,181538
310M300US14460,14460,"Boston-Cambridge-Newton, MA-NH Metro Area",75053995,923720,1070665,33564,2617825,91743,4298410,142583,6058370,167670,3503530,135739,11010170,306281,8282165,333156,13438295,429269,24774565,810584
310M300US14500,14500,"Boulder, CO Metro Area",3269070,135191,109255,13998,259490,25776,402580,35188,442720,52361,256105,37392,532700,55200,351730,56641,348735,68964,565750,85305
310M300US14540,14540,"Bowling Green, KY Metro Area",1690700,94337,51045,9889,147850,22517,213900,30531,229065,41567,117610,26915,292500,59084,147100,31780,156710,47770,334925,83440
310M300US14740,14740,"Bremerton-Silverdale, WA Metro Area",3546675,185617,53230,8540,150445,15957,312240,30053,368945,39618,157740,35082,474360,68844,314785,52771,235220,39901,1479710,196216
310M300US14860,14860,"Bridgeport-Stamford-Norwalk, CT Metro Area",13268820,365328,250480,17311,684895,35930,1084185,78655,1142535,88343,572315,52596,1383440,99551,927650,91211,1542980,142194,5680340,371067
310M300US15180,15180,"Brownsville-Harlingen, TX Metro Area",3125575,169366,100725,14335,228200,30089,538565,54162,460665,59040,270605,57190,731070,97468,103375,38114,285390,93971,406975,123064
310M300US15260,15260,"Brunswick, GA Metro Area",1110680,97424,29250,6452,63130,16845,106535,22937,197240,41499,103205,29499,186780,38914,59605,27264,183050,55789,181885,77704
310M300US15380,15380,"Buffalo-Cheektowaga-Niagara Falls, NY Metro Area",11177715,284727,362305,23611,801090,39579,1417330,82910,1897955,99560,1135245,86215,1872445,119744,1185895,110727,1083425,124064,1422020,186380
310M300US15500,15500,"Burlington, NC Metro Area",1757810,97410,46500,8186,116130,18588,228215,32027,219700,35412,73875,17788,252210,45464,224230,51001,307085,57562,289865,67824
310M300US15540,15540,"Burlington-South Burlington, VT Metro Area",2450070,101002,72665,9796,176465,25454,295020,28366,358075,41240,174990,32953,425800,59297,256330,43246,301775,60454,388955,75580
310M300US15680,15680,"California-Lexington Park, MD Metro Area",1868640,171322,18970,5024,64850,13273,113715,21801,152510,32215,94755,21651,160980,41026,129060,40150,227725,54472,906070,187042
310M300US15940,15940,"Canton-Massillon, OH Metro Area",4020090,145240,149890,14845,326435,31456,475795,42956,502885,58391,330590,42492,511475,56731,449725,63121,435870,67472,837425,129742
310M300US15980,15980,"Cape Coral-Fort Myers, FL Metro Area",7568490,315577,134610,20383,321625,29391,564590,54954,893700,69777,494130,64886,1510280,115593,820255,106477,1188900,151573,1640395,271486
310M300US16020,16020,"Cape Girardeau, MO-IL Metro Area",859625,86498,37000,6450,72605,14202,96540,18160,109650,26456,83085,22658,120110,28593,52110,23057,99280,30184,189240,75550
310M300US16060,16060,"Carbondale-Marion, IL Metro Area",987905,68968,59700,9799,99815,13305,120965,21090,119840,18260,55150,14397,159325,32528,66260,23412,106755,31149,200100,59102
310M300US16180,16180,"Carson City, NV Metro Area",429360,48468,28560,5758,58925,11415,60810,13788,21840,8632,23570,12570,60930,22840,20430,11246,53495,23337,100805,44514
310M300US16220,16220,"Casper, WY Metro Area",652605,70673,42815,8085,95025,13970,160365,20787,127310,22326,40000,17739,35665,13419,31730,21803,14360,9409,105335,56569
310M300US16300,16300,"Cedar Rapids, IA Metro Area",2641390,111362,108990,12460,271690,24334,403755,44235,436905,48508,208440,34755,358710,47710,269030,50244,195315,34611,388555,90354
310M300US16540,16540,"Chambersburg-Waynesboro, PA Metro Area",1718985,115709,47315,9284,99810,14621,162510,24863,226285,27624,123085,31174,204690,28783,131370,32107,230215,52560,493700,108810
310M300US16580,16580,"Champaign-Urbana, IL Metro Area",2136905,109520,87280,10645,268870,29413,356610,32762,389665,52327,194990,32694,280755,46323,155540,35264,147975,39280,255220,81112
310M300US16620,16620,"Charleston, WV Metro Area",1882495,116875,56170,9548,146780,21251,268865,35910,262025,40135,185960,39431,302230,43594,172610,45165,151550,37059,336305,95521
310M300US16700,16700,"Charleston-North Charleston, SC Metro Area",9017690,285267,152815,16447,418520,35847,781535,53893,1165460,89111,622465,62208,1829555,142701,1121150,144884,1357260,126883,1568930,233376
310M300US16740,16740,"Charlotte-Concord-Gastonia, NC-SC Metro Area",29665630,468799,540375,29467,1356805,69153,2594260,124793,3455385,145836,2211265,125657,5598745,212528,3476690,206444,4890805,279404,5541295,357677
310M300US16820,16820,"Charlottesville, VA Metro Area",2478515,158877,51825,10547,160045,21766,285320,40002,295315,41291,159520,33010,457300,65682,223740,49037,361840,64969,483610,110961
310M300US16860,16860,"Chattanooga, TN-GA Metro Area",5661675,204757,132045,18874,330575,28768,537355,47691,867840,87203,545605,65739,932520,88948,560270,85319,748615,98644,1006850,181736
310M300US16940,16940,"Cheyenne, WY Metro Area",712180,67973,55110,7651,122875,18830,188300,30897,103880,23108,38365,16808,33810,15875,11455,8259,52195,33457,106185,53240
310M300US16980,16980,"Chicago-Naperville-Elgin, IL-IN-WI Metro Area",140075780,978208,1847350,57563,4540060,109142,7813805,218245,10802165,212102,6638305,214959,20497980,471634,16424230,450071,25121590,528354,46390295,1025693
310M300US17020,17020,"Chico, CA Metro Area",1739430,128799,84955,11459,192770,23773,229380,29256,161690,31344,98050,26685,358980,59662,105135,29972,97460,27053,411010,115339
310M300US17140,17140,"Cincinnati, OH-KY-IN Metro Area",24522660,412336,550075,31743,1324955,59400,2327655,103289,3465525,152287,2090645,119330,4340740,162927,3008915,175971,3351230,194949,4062925,389801
310M300US17300,17300,"Clarksville, TN-KY Metro Area",2911850,139703,78710,10737,174675,24029,321205,43695,419285,57417,160990,35608,464595,74521,243755,60481,399415,86891,649220,114570
310M300US17420,17420,"Cleveland, TN Metro Area",1188345,96273,46660,9519,87085,18814,162485,30068,133415,29922,65830,24635,159990,41333,152920,44336,191425,47098,188535,75678
310M300US17460,17460,"Cleveland-Elyria, OH Metro Area",22823600,345704,531680,26229,1167905,51175,2151640,76988,3076305,109625,2007650,108925,4164545,169996,2988875,173431,3154355,179495,3580640,295406
310M300US17660,17660,"Coeur d'Alene, ID Metro Area",1392085,129651,55370,10264,101995,21835,181950,33325,164400,41396,71345,27433,230425,44562,147580,59905,195670,59948,243345,88571
310M300US17780,17780,"College Station-Bryan, TX Metro Area",2053660,118363,103380,14446,283745,31284,359900,38316,382140,46140,167885,43234,225780,47124,108080,33964,97575,31435,325180,106175
310M300US17820,17820,"Colorado Springs, CO Metro Area",7443620,218859,239040,18001,468850,36614,886725,53143,1201480,73926,657960,62279,1186325,108465,648635,102606,802715,106965,1351885,168915
310M300US17860,17860,"Columbia, MO Metro Area",1511455,97514,74920,11024,238795,26348,312675,45060,232275,38379,89780,24925,189685,46288,102100,38570,130075,37003,141145,71425
310M300US17900,17900,"Columbia, SC Metro Area",9051235,241893,185695,17597,493045,43590,930485,64901,1219540,79174,548055,54087,1727540,132836,1026170,107784,1318465,139422,1602235,190495
310M300US17980,17980,"Columbus, GA-AL Metro Area",2724175,166812,58530,8739,242035,22668,358245,37983,541460,54272,182355,40571,387330,59933,219845,56836,272160,74335,462205,146451
310M300US18020,18020,"Columbus, IN Metro Area",732515,65958,44405,7349,70445,12984,116440,22632,108370,23344,57110,18251,68100,19565,71860,31658,65120,23482,130665,51059
310M300US18140,18140,"Columbus, OH Metro Area",23198545,433649,541315,29285,1289845,66759,2427300,108002,3403850,137521,2159155,144016,4200635,191186,2475935,144431,3015880,192194,3684635,399359
310M300US18580,18580,"Corpus Christi, TX Metro Area",3887750,163270,139300,14094,402160,37091,742835,57122,646645,62446,213270,40537,631045,78357,233360,61569,335415,73221,543715,114956
310M300US18700,18700,"Corvallis, OR Metro Area",736560,54640,46530,7997,94595,14693,117690,21635,89485,22868,42810,14331,73240,18388,34770,17240,79555,25402,157880,55042
310M300US18880,18880,"Crestview-Fort Walton Beach-Destin, FL Metro Area",2885640,146661,89090,14682,186460,25132,281730,40304,295235,42812,174535,33415,439225,68546,305270,54370,539840,107053,574260,120631
310M300US19060,19060,"Cumberland, MD-WV Metro Area",930060,90286,29135,5365,69390,12559,110885,21912,106665,20221,32575,11820,123900,33558,107345,33067,69605,30198,280560,86292
310M300US19100,19100,"Dallas-Fort Worth-Arlington, TX Metro Area",96061810,961454,1462390,57362,3873945,120232,6879865,189637,9830340,249888,5474750,202373,17477770,453306,10648375,420755,16156130,389250,24258240,929536
310M300US19140,19140,"Dalton, GA Metro Area",1469495,118534,25390,6942,82960,15649,195990,32757,248290,36689,131805,36448,281990,53406,97620,30221,142390,47582,263060,96240
310M300US19180,19180,"Danville, IL Metro Area",534060,43532,29815,5841,71985,12250,77890,14123,68180,12493,34625,12664,87630,25982,42190,13598,50785,16891,70955,31657
310M300US19300,19300,"Daphne-Fairhope-Foley, AL Metro Area",2221360,168241,41060,11041,106765,22127,180350,36742,154970,30226,171085,42912,448325,77131,251990,65549,343465,68114,523355,145601
310M300US19340,19340,"Davenport-Moline-Rock Island, IA-IL Metro Area",3374370,118080,152225,11972,323100,27833,513600,43152,540890,43373,358965,48948,506790,57472,263055,47768,252765,46808,462980,103186
310M300US19380,19380,"Dayton, OH Metro Area",7686735,242783,263740,17846,615550,38982,956960,61320,1244555,83929,745685,62960,1111950,95383,724425,95973,660270,91147,1363590,176509
310M300US19460,19460,"Decatur, AL Metro Area",1445715,121125,42135,7464,101135,18341,129195,21244,142145,27033,70955,17745,249420,48480,169775,37981,242080,59076,298875,94510
310M300US19500,19500,"Decatur, IL Metro Area",765370,58860,52710,8638,95495,12776,157550,20161,138885,21461,40670,10398,60540,18126,17770,9354,84430,27423,117320,39120
310M300US19660,19660,"Deltona-Daytona Beach-Ormond Beach, FL Metro Area",6312005,277184,125640,13739,381935,33306,610695,55742,633365,60568,251505,36106,1034345,99706,564605,95039,943740,112662,1766185,234599
310M300US19740,19740,"Denver-Aurora-Lakewood, CO Metro Area",37932540,478106,586685,30202,1513445,66380,3091595,95932,4405010,147170,2696520,146911,7325450,242238,4418570,216090,6331940,260164,7563320,403336
310M300US19780,19780,"Des Moines-West Des Moines, IA Metro Area",6374255,173849,228230,18868,564085,40584,897450,59697,1214625,83403,716910,61535,1116815,95665,562645,69820,448170,91034,625330,122365
310M300US19820,19820,"Detroit-Warren-Dearborn, MI Metro Area",51236275,514268,880090,33164,2362200,73281,4368085,137604,5634585,158948,3551210,145244,8637760,256432,6641085,231772,8549240,290790,10612025,468203
310M300US20020,20020,"Dothan, AL Metro Area",1274740,71819,42505,5527,84595,8258,168600,22626,200665,17987,80435,19747,245955,33493,105105,32154,137050,34785,209830,52811
310M300US20100,20100,"Dover, DE Metro Area",2008270,139011,41950,8418,128940,18587,179890,28018,185830,32600,114125,27377,267890,58103,157950,43631,276535,55887,655160,143616
310M300US20220,20220,"Dubuque, IA Metro Area",797410,49046,59775,6657,137840,17097,177320,22792,120495,21106,43980,10577,62815,15169,20790,9475,45920,18690,128475,45920
310M300US20260,20260,"Duluth, MN-WI Metro Area",2600455,90974,132075,11942,248785,22008,323190,26595,366675,31939,208690,29660,386745,36517,226920,29727,245220,35788,462160,83284
310M300US20500,20500,"Durham-Chapel Hill, NC Metro Area",6332885,244187,130710,15391,401275,36391,695300,56546,899525,77766,445525,51557,1031385,94947,653595,95079,733295,102343,1342275,200801
310M300US20700,20700,"East Stroudsburg, PA Metro Area",2844990,215702,41420,9942,84865,19246,137030,29730,148275,28369,67500,23932,245325,52690,148220,44580,246530,61439,1725820,233887
310M300US20740,20740,"Eau Claire, WI Metro Area",1552030,80476,79140,10857,182460,20010,232975,30194,221320,26272,123915,25263,231705,37628,84610,20836,111650,23035,284255,76391
310M300US20940,20940,"El Centro, CA Metro Area",1216315,121372,53645,9228,124835,20993,155650,30378,186820,39190,70275,24750,177970,36956,57150,21957,71640,34874,318340,110168
310M300US21060,21060,"Elizabethtown-Fort Knox, KY Metro Area",1547060,107428,50510,10532,107545,17177,212250,31543,172700,32923,48585,16199,198375,38423,135290,36104,262955,58055,358855,96729
310M300US21140,21140,"Elkhart-Goshen, IN Metro Area",1769315,91844,70220,10286,186740,25584,283220,32902,306060,40872,146905,37579,327010,58373,123800,34855,120855,48277,204500,67675
310M300US21300,21300,"Elmira, NY Metro Area",737875,81124,40370,5950,84235,13650,82245,17189,108355,22444,59275,23510,93400,21241,54795,22052,59670,24233,155530,69091
310M300US21340,21340,"El Paso, TX Metro Area",8251840,322218,193350,20227,480200,45513,947440,66908,1342080,102126,700520,79878,1503960,137059,814770,124674,801370,126101,1468145,240425
310M300US21420,21420,"Enid, OK Metro Area",502420,65433,34515,7785,70120,13710,120360,22741,56160,13568,21410,8237,44550,19330,26305,16909,16055,10760,112950,60682
310M300US21500,21500,"Erie, PA Metro Area",2430330,105980,109675,9963,216080,24291,377470,35212,406330,37028,210700,44001,337020,43692,177980,35163,207165,46820,387905,84072
310M300US21660,21660,"Eugene, OR Metro Area",3227340,185997,142875,16856,341630,29994,485210,44174,501420,51238,219675,35272,448890,63876,180935,39379,124475,33846,782230,171021
310M300US21780,21780,"Evansville, IN-KY Metro Area",3272240,159013,122535,13138,231940,26696,436770,48762,462590,46891,308655,44716,489845,60974,327140,64671,349010,59919,543755,139333
310M300US21820,21820,"Fairbanks, AK Metro Area",899195,80535,49630,10826,100530,23049,179165,33871,154205,44605,88760,30612,141990,46841,41490,25317,37340,19814,106085,56587
310M300US22020,22020,"Fargo, ND-MN Metro Area",2111385,94149,116245,14899,315435,36349,520390,39559,388560,50112,147735,32962,249700,45790,76235,23476,122490,61138,174605,63636
310M300US22140,22140,"Farmington, NM Metro Area",1122620,85632,32375,6049,71185,11986,114055,19166,117525,19138,52290,17816,203555,43112,67480,22081,134960,36427,329200,78593
310M300US22180,22180,"Fayetteville, NC Metro Area",3605750,161473,110605,11517,233195,27934,415520,33339,627240,49541,258600,35380,690170,71778,266115,50553,343525,65414,660780,137764
310M300US22220,22220,"Fayetteville-Springdale-Rogers, AR-MO Metro Area",4875970,192151,180865,17504,457380,42974,675485,54983,701845,62065,457805,68873,755850,83295,503240,77810,493220,98086,650275,131154
310M300US22380,22380,"Flagstaff, AZ Metro Area",975490,65043,84415,11701,121630,17117,190420,27256,124830,26079,29540,12053,128250,28722,70440,24492,90925,30763,135045,39832
310M300US22420,22420,"Flint, MI Metro Area",4162740,202848,114980,13359,220055,19833,422650,42534,484050,49414,238015,45997,461655,59669,302420,49229,673160,91077,1245755,168907
310M300US22500,22500,"Florence, SC Metro Area",1932180,101415,68685,10520,145995,21374,242560,35305,284190,40787,101275,28173,296140,52500,184055,44976,253290,58481,355995,77126
310M300US22520,22520,"Florence-Muscle Shoals, AL Metro Area",1581595,126205,36715,7327,94980,14832,145305,23087,191720,31053,80730,23033,233370,50617,131545,45913,226330,48259,440900,124951
310M300US22540,22540,"Fond du Lac, WI Metro Area",1046615,72864,60465,7454,108010,15818,109875,15574,111685,20490,55410,12156,152025,26433,92915,21896,130455,31001,225780,59597
310M300US22660,22660,"Fort Collins, CO Metro Area",3708450,153124,136345,12542,281420,28540,405270,43476,518735,51920,304005,45627,472395,53363,300455,53297,396245,72136,893585,137040
310M300US22900,22900,"Fort Smith, AR-OK Metro Area",2471605,146524,91800,11845,222710,24380,293855,31265,352155,40924,171525,33866,413770,54547,143380,40581,313580,72642,468835,130717
310M300US23060,23060,"Fort Wayne, IN Metro Area",4246250,155873,122920,11723,376195,28844,546825,49403,761780,55860,398280,52759,585960,55333,347245,50219,364865,65701,742185,131330
310M300US23420,23420,"Fresno, CA Metro Area",8320315,274718,233460,19621,572905,45986,1144875,67335,1425400,75418,617910,71526,1248705,101988,445975,63346,911590,110772,1719495,234826
310M300US23460,23460,"Gadsden, AL Metro Area",1011130,121279,23825,7798,74795,17307,112485,22954,101735,22915,52435,16050,106080,31105,52190,24291,132660,39166,354925,113143
310M300US23540,23540,"Gainesville, FL Metro Area",2729115,201592,66885,14225,162175,23888,411920,46919,435820,64564,198000,48136,465690,81061,141515,44990,332235,92365,514875,169716
310M300US23580,23580,"Gainesville, GA Metro Area",2345480,130153,32015,7549,114585,17064,231935,29316,356675,57922,150105,29350,368085,52128,145805,49504,264755,55511,681520,129357
310M300US23900,23900,"Gettysburg, PA Metro Area",1349750,86820,32090,6014,54600,9692,106185,17568,131875,22610,72675,21607,154605,27019,99885,21944,257735,49660,440100,77681
310M300US24020,24020,"Glens Falls, NY Metro Area",1456620,97034,47595,7742,109520,16811,113810,20086,143840,20854,72400,21245,196015,35103,132805,30020,259665,55317,380965,79375
310M300US24140,24140,"Goldsboro, NC Metro Area",1068515,113249,32900,7405,89450,19307,156785,29469,157735,29555,69290,23286,103350,36615,79990,29803,116270,36003,262740,91273
310M300US24220,24220,"Grand Forks, ND-MN Metro Area",870180,63228,80965,9964,152305,19441,135800,18267,71245,15733,32890,14036,89465,20943,36435,12549,61705,27115,209375,54339
310M300US24260,24260,"Grand Island, NE Metro Area",718930,64261,46175,7381,86885,16784,111755,20528,102155,24400,41020,11372,85470,20385,51360,21012,105710,29821,88405,44685
310M300US24300,24300,"Grand Junction, CO Metro Area",1136125,79953,66800,9602,156875,19278,187300,28367,218895,48910,47925,19223,113160,34001,41060,21068,60945,24682,243165,73110
310M300US24340,24340,"Grand Rapids-Wyoming, MI Metro Area",10479755,234303,368980,21272,855845,48846,1452190,77122,1714025,89437,893755,75438,1687820,104715,955045,88881,974750,103104,1577350,186961
310M300US24420,24420,"Grants Pass, OR Metro Area",538690,79207,35695,9765,70845,13770,85180,18798,58770,17279,18000,12883,64950,25398,16695,9871,100275,40497,88280,64895
310M300US24500,24500,"Great Falls, MT Metro Area",542235,36863,44325,6634,103265,13314,143005,20061,78940,17810,15375,8311,58530,15826,24995,10927,27235,16087,46560,21755
310M300US24540,24540,"Greeley, CO Metro Area",3579380,145378,86860,10983,166440,20786,304610,43414,284485,38097,195280,35179,587880,70248,450590,70228,480105,82094,1023125,139811
310M300US24580,24580,"Green Bay, WI Metro Area",3242710,161510,138375,13627,306310,28212,457275,38972,534415,47982,221510,37122,394735,39343,258095,38910,391600,73644,540400,137683
310M300US24660,24660,"Greensboro-High Point, NC Metro Area",7186710,200710,195280,18559,508500,38513,1017265,68299,1127495,85243,680575,75315,1163980,95884,748595,97854,840740,111599,904285,152673
310M300US24780,24780,"Greenville, NC Metro Area",1631530,139100,58800,9957,182905,26304,228330,37361,252945,36232,100110,32828,218280,53049,129450,44280,145655,52231,315055,103874
310M300US24860,24860,"Greenville-Anderson-Mauldin, SC Metro Area",9199395,300348,228700,21970,569060,46107,1099590,71519,1286475,80371,786705,81192,1574610,131945,961145,126071,1178665,127413,1514450,261864
310M300US25060,25060,"Gulfport-Biloxi-Pascagoula, MS Metro Area",3876770,206298,103970,16534,288305,32393,417600,52581,596650,69507,285570,44151,773780,103521,254505,50001,427515,81877,728870,181633
310M300US25180,25180,"Hagerstown-Martinsburg, MD-WV Metro Area",3490605,171277,53280,9550,139985,22636,290670,32753,288510,40069,255840,44599,420110,63731,293855,53422,405980,69782,1342370,156199
310M300US25220,25220,"Hammond, LA Metro Area",1682235,142212,36165,10109,79035,17494,124675,27807,89240,23694,50525,19301,124560,37216,135880,62312,350920,78243,691235,134517
310M300US25260,25260,"Hanford-Corcoran, CA Metro Area",1167310,101897,58110,9672,109360,19428,133230,27927,105605,23788,70925,29599,197640,41080,134620,39459,127315,40888,230500,82075
310M300US25420,25420,"Harrisburg-Carlisle, PA Metro Area",6044335,173452,174440,15100,437245,31099,803925,56661,848515,61465,479320,52533,927900,63937,577420,63167,608110,68861,1187460,183044
310M300US25500,25500,"Harrisonburg, VA Metro Area",1190340,95049,55105,8237,106595,16415,197510,30649,174865,27368,93200,30213,157830,30002,115385,25377,60625,24493,229225,82406
310M300US25540,25540,"Hartford-West Hartford-East Hartford, CT Metro Area",14035560,307059,328040,22363,909910,53108,1334565,68752,1899305,95038,1129170,100443,2413845,146103,1655620,127441,1620120,135003,2744985,243653
310M300US25620,25620,"Hattiesburg, MS Metro Area",1767070,185493,42145,7879,121755,22073,204745,34092,188055,37551,90930,26718,222035,45321,80365,31444,100050,39723,716995,190290
310M300US25860,25860,"Hickory-Lenoir-Morganton, NC Metro Area",3435775,175134,100460,13185,256795,24659,435320,36170,459380,52472,316910,53951,582530,60947,278510,55081,382450,67575,623425,136956
310M300US25940,25940,"Hilton Head Island-Bluffton-Beaufort, SC Metro Area",2094755,181577,70170,13616,119525,17334,218475,30568,232510,44142,92700,29763,384060,68913,206630,58962,272565,61428,498120,143158
310M300US25980,25980,"Hinesville, GA Metro Area",680725,67396,33895,6162,55865,11558,60385,15024,122960,28116,17350,10277,85680,29879,52315,21866,117210,38340,135065,49694
310M300US26140,26140,"Homosassa Springs, FL Metro Area",1090465,128197,16755,5147,68970,17599,97720,21686,137035,34178,64980,27328,231990,54006,110840,54760,127335,42051,234840,95713
310M300US26300,26300,"Hot Springs, AR Metro Area",830565,93824,40120,11489,89720,19289,128630,27153,88080,26422,29175,13690,78150,30081,56230,30062,136935,54554,183520,78242
310M300US26380,26380,"Houma-Thibodaux, LA Metro Area",2038235,143268,72400,9686,136525,20506,246950,34819,167110,29732,120885,31752,232800,47876,138690,32153,281195,58664,641675,140720
310M300US26420,26420,"Houston-The Woodlands-Sugar Land, TX Metro Area",90558810,1044303,1202830,56999,3187995,116452,6055465,195395,7970170,219911,4644235,237754,15527325,419396,10295075,431153,16244820,564428,25430895,976520
310M300US26580,26580,"Huntington-Ashland, WV-KY-OH Metro Area",3135285,138719,106605,11756,199410,22115,279495,35172,439555,55111,261050,43834,581305,75000,293470,52196,352205,70323,622180,113559
310M300US26620,26620,"Huntsville, AL Metro Area",4568010,182165,107730,12511,315440,30439,596595,52191,737795,60913,452080,51566,1032720,117181,408650,68834,476300,82558,440690,143468
310M300US26820,26820,"Idaho Falls, ID Metro Area",1182965,77440,66345,8519,145265,17400,174115,21881,144410,30534,74115,25032,151920,32618,69010,23120,125495,39961,232285,62177
310M300US26900,26900,"Indianapolis-Carmel-Anderson, IN Metro Area",23228730,393512,564055,31771,1249205,63738,2088460,89899,3200710,142213,1939715,113840,4213790,193365,2916355,194933,3075535,219926,3980890,350613
310M300US26980,26980,"Iowa City, IA Metro Area",1654930,84530,69820,9715,179890,21860,272520,31975,272875,36227,141970,32011,273830,50790,104235,26598,160090,42090,179705,55229
310M300US27060,27060,"Ithaca, NY Metro Area",803550,57393,55200,9231,74670,11540,168145,23637,185855,31902,54630,16752,147075,32912,25550,12283,51500,23602,40920,24153
310M300US27100,27100,"Jackson, MI Metro Area",1581825,103025,41865,9590,112445,17890,179830,30322,190110,28212,121360,28117,167205,28088,169850,41893,232040,44467,367115,88174
310M300US27140,27140,"Jackson, MS Metro Area",6313875,268637,107375,13616,326180,34370,636755,59069,921120,71588,541860,64661,1287025,124152,540880,75653,828520,115778,1124155,228685
310M300US27180,27180,"Jackson, TN Metro Area",1031165,81399,33410,6174,92590,16643,214970,28827,150780,33405,52300,21191,129210,26841,77670,29913,102660,29999,177575,58508
310M300US27260,27260,"Jacksonville, FL Metro Area",18187500,502641,291635,29986,657545,49872,1476645,84807,2407260,137303,1274005,110878,3279055,183607,2202835,185450,2633205,231697,3965320,441023
310M300US27340,27340,"Jacksonville, NC Metro Area",1772625,132912,83065,11878,153310,24953,231080,32160,279490,44261,130760,28750,315790,55978,106045,31985,235840,67096,237245,106640
310M300US27500,27500,"Janesville-Beloit, WI Metro Area",1759780,99916,74460,9017,138725,16521,197375,24717,175105,28269,97715,20839,169770,34159,209985,37864,296965,54299,399675,91585
310M300US27620,27620,"Jefferson City, MO Metro Area",1394515,92456,55385,8612,119330,15996,182965,25592,189595,29124,115005,29325,216760,37197,160760,35974,135325,39937,219390,62362
310M300US27740,27740,"Johnson City, TN Metro Area",1816895,104906,64975,9795,149535,21670,202265,30357,249170,31196,162360,35176,327465,53080,192150,48800,233135,62213,235840,78992
310M300US27780,27780,"Johnstown, PA Metro Area",1323510,85209,42945,6809,89315,11974,128070,15983,163350,20732,95830,16292,148065,21429,120700,23434,178755,34080,356480,78041
310M300US27860,27860,"Jonesboro, AR Metro Area",923275,62450,48160,7831,132425,20182,196200,28442,135735,27914,56890,21338,95370,28774,41660,17328,64375,21961,152460,52731
310M300US27900,27900,"Joplin, MO Metro Area",1391615,83206,84065,12216,152100,23231,303345,37586,215550,37068,90875,22331,216370,39321,75200,25183,71635,24555,182475,51915
310M300US27980,27980,"Kahului-Wailuku-Lahaina, HI Metro Area",1678765,97254,85575,13804,137990,17940,178970,27668,208360,39239,90145,23909,315955,54949,171045,43666,193255,54995,297465,76965
310M300US28020,28020,"Kalamazoo-Portage, MI Metro Area",3221735,133675,130625,12857,300665,25976,455915,38508,497550,50548,293085,35467,497515,47441,233125,39891,329025,65432,484230,92794
310M300US28100,28100,"Kankakee, IL Metro Area",1157005,68850,38645,6833,101765,13786,115010,19586,120340,27769,38700,13847,113670,24450,76950,19280,175975,52165,375950,75923
310M300US28140,28140,"Kansas City, MO-KS Metro Area",23282080,395419,623590,27853,1417140,53742,2588625,102934,3490335,158139,1902510,126884,4494710,177756,2619490,138242,3100820,205553,3044860,353158
310M300US28420,28420,"Kennewick-Richland, WA Metro Area",2649125,178061,84815,13256,163900,27217,422805,44087,465200,56783,167835,37029,273760,57091,145245,51854,375780,80242,549785,124303
310M300US28660,28660,"Killeen-Temple, TX Metro Area",3744975,182835,159615,18319,337655,32120,633765,57853,528430,63261,236355,43509,510540,65723,202620,46939,413015,74885,722985,147404
310M300US28700,28700,"Kingsport-Bristol-Bristol, TN-VA Metro Area",2729625,146866,76395,10684,199145,22689,349570,33640,347875,42396,186350,38677,470110,55493,247010,45614,401745,62414,451425,110598
310M300US28740,28740,"Kingston, NY Metro Area",2235355,172556,53735,8623,106650,14423,190805,25804,168890,28064,127135,24486,288095,54272,195405,42539,333055,62120,771590,163150
310M300US28940,28940,"Knoxville, TN Metro Area",8861025,253095,196970,18172,557605,36260,990180,67185,1325815,102512,805685,75155,1669315,134390,790090,80049,1108055,104839,1417315,189367
310M300US29020,29020,"Kokomo, IN Metro Area",631550,50923,43425,9237,89355,14583,119290,27530,61900,14461,41975,19669,53550,21211,18875,10183,76055,27059,127125,43136
310M300US29100,29100,"La Crosse-Onalaska, WI-MN Metro Area",1292010,70961,77135,9382,135545,14658,189390,25782,208895,29613,111675,19369,183750,30554,85655,21508,93740,24603,206230,53646
310M300US29180,29180,"Lafayette, LA Metro Area",5154915,268171,164470,17154,362760,32509,470855,51515,613835,56803,286770,52340,851725,93907,410595,73639,511535,90632,1482365,257968
310M300US29200,29200,"Lafayette-West Lafayette, IN Metro Area",1931335,108516,81575,13431,232410,24269,353160,44977,259385,39036,141725,31533,271370,53740,121915,24116,204475,57691,265320,70524
310M300US29340,29340,"Lake Charles, LA Metro Area",1818695,132913,66975,9658,167315,22572,291330,41859,268960,45870,135975,32183,262230,60254,76025,46240,144585,42707,405295,112411
310M300US29420,29420,"Lake Havasu City-Kingman, AZ Metro Area",1434415,136275,72895,12039,163180,24547,174135,33145,117515,30730,65835,25191,149775,41730,99285,42683,167415,45611,424370,129623
310M300US29460,29460,"Lakeland-Winter Haven, FL Metro Area",6667045,265227,110555,14396,401450,35273,793095,72661,821805,85466,316020,41666,1013470,97889,670520,92185,1032495,175599,1507640,222891
310M300US29540,29540,"Lancaster, PA Metro Area",6065460,180755,178110,14919,401185,33540,595255,46002,797135,47962,496470,57042,936455,86675,626895,69197,685935,91043,1348020,163188
310M300US29620,29620,"Lansing-East Lansing, MI Metro Area",4580605,146551,169345,13320,412700,29773,642135,48557,767415,54162,396055,35661,602010,58331,341620,45966,430455,58351,818870,120443
310M300US29700,29700,"Laredo, TX Metro Area",2073050,123954,52460,8990,135795,20341,385705,40266,348245,40820,120980,26908,399060,70262,108775,30089,221280,75505,300755,79622
310M300US29740,29740,"Las Cruces, NM Metro Area",1710765,113491,58985,11742,194075,33300,213855,32912,310440,46596,106540,26837,225000,61046,127735,46843,210310,58030,263825,80061
310M300US29820,29820,"Las Vegas-Henderson-Paradise, NV Metro Area",23560655,387156,331740,27753,1207435,64028,2435745,102690,3739750,155197,2277565,144233,5381995,239450,2301655,165810,2240275,164136,3644490,312940
310M300US29940,29940,"Lawrence, KS Metro Area",1365145,96951,84835,11868,132260,20203,141350,29174,118095,24542,73940,20265,167915,43911,133580,37486,296780,72564,216395,75137
310M300US30020,30020,"Lawton, OK Metro Area",803520,85076,60620,9846,122800,18773,175120,24456,118285,19145,40475,13224,110520,23281,51660,24755,40955,24215,83085,57696
310M300US30140,30140,"Lebanon, PA Metro Area",1468895,92686,48355,8520,114125,14321,134060,24498,190010,32021,75120,18677,213455,41310,166775,34577,229500,51846,297495,70872
310M300US30300,30300,"Lewiston, ID-WA Metro Area",417065,51401,39080,8697,78530,13530,77325,13410,53000,15006,16550,8939,28800,13034,13430,7774,30835,21917,79515,44406
310M300US30340,30340,"Lewiston-Auburn, ME Metro Area",1247610,87851,39560,7543,77605,13660,123080,24023,113030,23454,90375,24710,175925,41395,113220,29889,236245,47454,278570,91689
310M300US30460,30460,"Lexington-Fayette, KY Metro Area",5177110,185540,162270,18354,387600,31331,711555,54261,875915,68673,371840,44506,968700,80211,479665,61851,439360,61730,780205,166590
310M300US30620,30620,"Lima, OH Metro Area",835445,63027,52730,8699,92300,14950,122470,19908,143160,22269,73365,25205,114570,29106,69275,21120,63390,32253,104190,44116
310M300US30700,30700,"Lincoln, NE Metro Area",3320505,126990,152350,17099,334905,28252,560745,41886,597840,49220,291485,31977,462615,54119,192060,45305,261365,49772,467135,106275
310M300US30780,30780,"Little Rock-North Little Rock-Conway, AR Metro Area",7375465,207038,202295,18440,522225,44042,858540,77664,1185410,94398,493540,55997,1302310,108101,743070,90497,1088825,116634,979255,140767
310M300US30860,30860,"Logan, UT-ID Metro Area",1040820,74546,92515,10403,149320,15058,167150,18055,120780,21329,53895,18268,123300,32674,45065,15294,69500,23401,219300,59903
310M300US30980,30980,"Longview, TX Metro Area",2165935,221099,80115,11314,128030,16853,219260,28946,220020,39903,134390,29259,309960,58908,190915,51686,268175,73191,615070,219621
310M300US31020,31020,"Longview, WA Metro Area",987010,89683,32115,6930,70900,14171,117115,21455,92750,22372,53270,20670,134610,29830,91080,25860,84965,35855,310200,94693
310M300US31080,31080,"Los Angeles-Long Beach-Anaheim, CA Metro Area",183199985,1141317,2095815,58162,6607335,138648,12433580,249204,16843245,293333,8503295,247950,31387245,586280,17804460,411862,27979905,632957,59545100,1163840
310M300US31140,31140,"Louisville/Jefferson County, KY-IN Metro Area",14197390,276037,300385,21588,827965,47666,1533985,71034,2107825,97726,1193180,78950,2771565,131677,1588040,131459,1913255,122426,1961185,215738
310M300US31180,31180,"Lubbock, TX Metro Area",2473865,122913,140180,15735,363335,27066,598820,53488,412555,63682,113470,27134,237860,47859,99805,46805,168870,47061,338975,99834
310M300US31340,31340,"Lynchburg, VA Metro Area",2698215,150776,80255,12898,178625,23686,337385,39307,373215,41438,190625,38983,411390,56506,300345,50321,328490,63065,497880,115299
310M300US31420,31420,"Macon-Bibb County, GA Metro Area",2056735,139556,61550,10593,130085,19714,272900,36599,262045,39674,158840,33437,326960,61990,174275,45171,195885,54154,474195,115915
310M300US31460,31460,"Madera, CA Metro Area",1353210,171772,60390,10898,88335,15982,92110,22344,101980,26014,56475,21955,196165,42178,80105,36703,261200,86413,416450,154036
310M300US31540,31540,"Madison, WI Metro Area",7376165,163395,281065,15276,570550,36534,915940,51960,1157080,65152,676750,52852,1175370,82922,768835,71317,757400,79881,1073175,126707
310M300US31700,31700,"Manchester-Nashua, NH Metro Area",5638615,204463,127685,12704,326505,32087,488545,47234,555115,51787,389000,51298,744020,73504,564900,70558,736275,77524,1706575,190861
310M300US31740,31740,"Manhattan, KS Metro Area",768080,61674,78645,9425,107730,16215,121055,23818,117960,25470,54895,17427,85590,23409,37180,18718,72735,33321,92290,46405
310M300US31860,31860,"Mankato-North Mankato, MN Metro Area",887885,55726,66125,8148,145145,16299,140500,21482,112610,20702,54000,13579,86760,17236,57250,17246,30130,16835,195365,57534
310M300US31900,31900,"Mansfield, OH Metro Area",1081855,107121,47020,8037,104995,14863,154245,20202,117790,24899,93365,27981,127950,38989,43035,19229,90765,33656,302685,98952
310M300US32580,32580,"McAllen-Edinburg-Mission, TX Metro Area",6349950,338896,157585,22252,459220,44815,1107825,84496,1156500,102813,513415,83572,1123590,99763,309530,58687,341245,80283,1181045,323482
310M300US32780,32780,"Medford, OR Metro Area",1557500,92315,100985,17038,153980,22214,327555,43732,217825,39190,107715,27447,217050,69157,122700,30200,141655,46464,168040,70236
310M300US32820,32820,"Memphis, TN-MS-AR Metro Area",14189255,312118,275340,18966,722185,49500,1435750,96344,2208390,116872,1168640,97238,3042260,158029,1432845,126798,1995305,177061,1908535,243215
310M300US32900,32900,"Merced, CA Metro Area",2600920,197547,92405,11413,181355,25423,194380,34276,222350,36548,71120,21789,237030,47107,154290,43689,180335,44366,1267655,203048
310M300US33100,33100,"Miami-Fort Lauderdale-West Palm Beach, FL Metro Area",79968880,1031103,849770,36261,2866160,107644,5230965,182113,8573895,277899,4530940,191982,15571415,466096,8173245,302623,12536480,381166,21636000,891272
310M300US33140,33140,"Michigan City-La Porte, IN Metro Area",1063565,89528,43110,6760,95400,13881,93415,17391,109090,24372,44235,17617,149030,36460,108585,33457,153760,35107,266940,80672
310M300US33220,33220,"Midland, MI Metro Area",798835,64423,31885,5119,56025,9074,101725,15830,117680,22665,68700,17051,153920,28237,73585,19681,84850,22100,110465,49608
310M300US33260,33260,"Midland, TX Metro Area",1426960,128432,77525,12516,214600,27512,252280,36065,204035,44808,60005,24389,196995,54401,71565,33629,78485,37422,271465,115912
310M300US33340,33340,"Milwaukee-Waukesha-West Allis, WI Metro Area",17005360,253387,465495,26133,1119480,45182,1995995,90078,2705300,105555,1518220,94291,3167090,137442,1766015,122581,1857540,129580,2410225,206269
310M300US33460,33460,"Minneapolis-St. Paul-Bloomington, MN-WI Metro Area",45274740,432844,1012245,37721,2219760,71959,4142345,120441,5956775,165609,3829185,143099,7897760,209446,5800380,230279,6490670,257958,7925625,360793
310M300US33540,33540,"Missoula, MT Metro Area",1090120,91958,53860,11917,145350,22535,221565,38585,153585,35631,53895,17776,150750,41476,36805,22804,79100,32713,195215,76338
310M300US33660,33660,"Mobile, AL Metro Area",4100480,192353,69985,12019,215690,25230,449760,42452,591900,63649,287555,38531,951650,89572,274690,53281,576760,96072,682485,123225
310M300US33700,33700,"Modesto, CA Metro Area",5938285,302794,158840,16739,329490,41150,449470,47190,540830,50608,253235,43993,714130,99517,483980,98421,660370,104610,2347940,279582
310M300US33740,33740,"Monroe, LA Metro Area",1371925,97859,41670,8382,151925,22062,188155,27526,257540,45697,90300,28686,304485,54940,76910,27997,110310,39879,150630,79793
310M300US33780,33780,"Monroe, MI Metro Area",1640630,87993,35785,6347,104075,16433,150155,25244,166430,33110,124005,25303,277220,39131,208400,39474,283905,47192,290650,75312
310M300US33860,33860,"Montgomery, AL Metro Area",3709700,186486,88830,12168,233825,25512,501605,50397,505300,51428,300215,48065,687145,90042,276230,56596,406955,75086,709590,183582
310M300US34060,34060,"Morgantown, WV Metro Area",1347130,99922,37005,6755,126750,18215,164465,26087,155010,28352,70745,21607,194760,41294,137045,39624,150530,46114,310825,73604
310M300US34100,34100,"Morristown, TN Metro Area",1073680,93720,28515,6828,94290,13986,135205,21032,140845,28876,56075,16845,140855,37031,102925,34028,145555,41058,229415,83401
310M300US34580,34580,"Mount Vernon-Anacortes, WA Metro Area",1327440,98609,47070,6892,81590,12817,101950,20397,128665,30936,49760,12192,164480,32671,100760,26954,158795,39263,494375,98605
310M300US34620,34620,"Muncie, IN Metro Area",961875,82436,43040,7368,108255,16781,140325,25543,109825,24261,55400,18355,136710,37720,77775,27476,72645,28552,217900,69386
310M300US34740,34740,"Muskegon, MI Metro Area",1507720,93998,58385,8000,132700,15805,214300,25985,225615,26490,101765,23294,183120,28897,142290,39937,217575,51425,231975,82629
310M300US34820,34820,"Myrtle Beach-Conway-North Myrtle Beach, SC-NC Metro Area",3873135,202350,113370,13887,315805,33008,508605,52248,569790,66534,389195,60488,644390,88297,333610,71061,362295,75500,636080,136840
310M300US34900,34900,"Napa, CA Metro Area",1582710,94713,63090,10228,115525,16260,148985,23879,153515,26598,78200,21486,256510,49077,152310,33430,185445,45552,429130,67136
310M300US34940,34940,"Naples-Immokalee-Marco Island, FL Metro Area",3415685,229591,85215,14648,211485,28770,376495,43288,394305,52022,261970,68644,660165,118917,333120,76659,438730,95393,654200,199731
310M300US34980,34980,"Nashville-Davidson--Murfreesboro--Franklin, TN Metro Area",24157910,431255,440225,31366,992555,66181,1968940,102270,2511380,110798,1509215,85116,4264320,222934,2657290,193943,4203555,253179,5610430,391826
310M300US35100,35100,"New Bern, NC Metro Area",1248310,162123,46805,8855,106510,17614,116220,22290,152485,30232,46270,14764,123450,31928,112280,32672,106845,28033,437450,151574
310M300US35300,35300,"New Haven-Milford, CT Metro Area",9954740,276654,247160,17953,635755,37384,1037170,65916,1224210,81144,664075,62979,1601015,104520,972175,101623,1194920,131144,2378255,253267
310M300US35380,35380,"New Orleans-Metairie, LA Metro Area",14473365,369187,297960,24698,745320,54295,1412015,71876,1808300,93744,842205,72308,2582475,141633,1192980,113542,1904125,145073,3687985,368264
310M300US35620,35620,"New York-Newark-Jersey City, NY-NJ-PA Metro Area",337155320,1913718,3128015,69282,8147635,150638,13749925,237462,20217400,361381,11741500,342955,40932975,655000,31887420,541456,53963635,857437,153386810,1798882
310M300US35660,35660,"Niles-Benton Harbor, MI Metro Area",1317425,78030,75090,10015,141235,14979,176350,24610,194625,29283,88830,15927,190175,29870,98340,23518,90290,23599,262475,73131
310M300US35840,35840,"North Port-Sarasota-Bradenton, FL Metro Area",7593315,380279,143590,13245,424140,40335,725795,69196,1144925,112362,418565,57824,1540345,156090,653780,93599,727320,82686,1814855,407845
310M300US35980,35980,"Norwich-New London, CT Metro Area",3301015,174140,95880,11033,195565,22276,328865,36731,496565,53190,238385,38712,451180,66513,248680,51748,337735,53826,908160,162770
310M300US36100,36100,"Ocala, FL Metro Area",2891950,178101,62460,11460,128560,23654,297140,38485,428240,60423,342890,54033,381645,69801,300780,68920,314005,76248,636225,166989
310M300US36140,36140,"Ocean City, NJ Metro Area",873095,84672,45120,5945,64785,12648,115620,22077,110525,26815,66575,28364,84840,22520,80335,20117,81575,26842,223715,68696
310M300US36220,36220,"Odessa, TX Metro Area",1579960,182059,61695,9331,129465,25018,218130,34154,199320,42590,74830,25873,230710,53693,52165,26963,57200,32643,556450,186753
310M300US36260,36260,"Ogden-Clearfield, UT Metro Area",6646710,202890,207670,16800,476500,43254,846155,70510,864440,58620,518555,62664,913595,81257,723470,83628,842650,111312,1253665,189043
310M300US36420,36420,"Oklahoma City, OK Metro Area",13937780,276555,422895,24667,922865,46717,1601230,73883,2284860,109661,1197555,80559,2622235,140742,1304520,104700,1539395,123674,2042225,211776
310M300US36500,36500,"Olympia-Tumwater, WA Metro Area",2837245,181830,69955,12708,172935,22874,337350,44478,354565,38087,204675,47129,470400,59410,271310,51559,257020,59600,699035,161350
310M300US36540,36540,"Omaha-Council Bluffs, NE-IA Metro Area",9314100,212303,327800,22508,787200,39485,1272030,61385,1768070,91116,1042390,69517,1641685,107695,612660,63607,728995,81323,1133265,149111
310M300US36740,36740,"Orlando-Kissimmee-Sanford, FL Metro Area",31186230,602340,388785,28667,1121615,59642,2251030,138817,3144455,196011,2326425,167345,6061435,266987,3849290,226324,5369430,324434,6673755,541395
310M300US36780,36780,"Oshkosh-Neenah, WI Metro Area",1564975,86780,81195,7922,161010,21023,263155,27318,268245,32959,148675,24152,192280,28386,131275,32321,100650,33203,218490,55704
310M300US36980,36980,"Owensboro, KY Metro Area",1035670,76563,55400,8494,96825,16221,148290,20864,151070,24044,47990,12738,100000,18904,98925,29838,106795,29752,230375,71237
310M300US37100,37100,"Oxnard-Thousand Oaks-Ventura, CA Metro Area",10017400,275496,228200,16427,593095,42145,867120,67662,1116615,75529,1066410,103134,1539250,122095,908990,118329,1109745,121069,2587975,273549
310M300US37340,37340,"Palm Bay-Melbourne-Titusville, FL Metro Area",5553755,243463,122090,17202,315500,39424,583915,52508,749415,68070,403580,57795,967400,130419,636965,110755,637770,83818,1137115,193365
310M300US37460,37460,"Panama City, FL Metro Area",1929810,130699,62375,9973,131355,21629,250800,33052,278755,38825,104850,26093,434220,58435,144720,45724,175540,47742,347200,113456
310M300US37620,37620,"Parkersburg-Vienna, WV Metro Area",669195,54055,26715,5277,81295,13109,94435,17585,128505,24690,30375,9873,108150,31797,26895,12201,58770,24117,114055,43306
310M300US37860,37860,"Pensacola-Ferry Pass-Brent, FL Metro Area",4818015,209007,101085,13252,239735,26200,589390,61206,690620,84811,426225,64704,771265,88739,513865,108052,622315,121708,863510,152248
310M300US37900,37900,"Peoria, IL Metro Area",3372065,143564,136090,12060,329410,28158,467630,42826,552145,49247,322420,46282,516320,60871,266535,39625,299350,41700,482170,124235
310M300US37980,37980,"Philadelphia-Camden-Wilmington, PA-NJ-DE-MD Metro Area",82052310,692102,1269345,38570,3112785,93720,5212990,139758,7693000,191946,4681310,173540,12203525,320082,9496080,302613,13845660,390781,24537620,700251
310M300US38060,38060,"Phoenix-Mesa-Scottsdale, AZ Metro Area",52062550,664634,1006195,48660,2401020,88646,4426200,128439,6322750,201192,3655745,160654,9078535,282987,5765045,259318,7974010,302167,11433050,656887
310M300US38220,38220,"Pine Bluff, AR Metro Area",649990,63550,28110,8170,62685,13161,112500,23037,58715,15183,27020,12147,62700,26715,82700,25178,73845,30525,141715,48584
310M300US38300,38300,"Pittsburgh, PA Metro Area",28802045,363106,643885,26733,1400095,58488,2287195,84858,2989205,101277,1903825,106635,4469925,167754,3658430,167412,4704675,205887,6744800,332133
310M300US38340,38340,"Pittsfield, MA Metro Area",1256235,90977,69250,10380,131780,21213,112235,18976,133310,26719,81725,18143,150005,27094,128685,29861,172140,48003,277110,75171
310M300US38540,38540,"Pocatello, ID Metro Area",580520,58619,54460,9100,100035,14526,89050,16993,40295,10591,36105,14554,40800,13871,37460,16528,21420,14630,160895,52773
310M300US38860,38860,"Portland-South Portland, ME Metro Area",6602930,301251,166590,13817,386445,34170,637485,55593,744925,68265,495665,58488,1032160,122141,670005,95453,925630,110906,1544020,304537
310M300US38900,38900,"Portland-Vancouver-Hillsboro, OR-WA Metro Area",30955830,589360,588075,32987,1387565,58613,2556520,88634,3340825,126721,2186305,137335,4833225,206388,3695880,195966,4746170,245864,7621260,469572
310M300US38940,38940,"Port St. Lucie, FL Metro Area",4917720,254773,80365,12656,255090,40278,461305,53880,486800,69036,243450,60971,778770,110441,445470,69461,976970,140714,1189505,227974
310M300US39140,39140,"Prescott, AZ Metro Area",1788265,164993,65865,9896,132635,23953,196940,36616,215755,40695,163300,54241,300330,58904,99775,37283,177020,67653,436640,109580
310M300US39300,39300,"Providence-Warwick, RI-MA Metro Area",19697780,396718,443185,32512,1109725,50122,1864800,89559,2385375,113798,1287110,83253,2830580,154447,2046355,148881,2390975,162421,5339670,404067
310M300US39340,39340,"Provo-Orem, UT Metro Area",5353710,137150,215735,15930,482275,33566,747795,45058,670440,45878,369745,42818,794875,84512,493690,52979,573210,66524,1005945,130625
310M300US39380,39380,"Pueblo, CO Metro Area",1388260,109047,58295,10402,156070,18263,188505,28172,184345,30995,45450,13684,149700,38954,108870,35052,180405,41635,316620,100673
310M300US39460,39460,"Punta Gorda, FL Metro Area",1301990,112065,46075,8649,72240,13560,140945,26623,118270,25767,96995,29139,204120,56244,96460,29715,237530,72767,289360,79624
310M300US39540,39540,"Racine, WI Metro Area",2158125,117279,73265,10776,136505,18952,171075,23429,241305,36819,139005,33839,305785,55470,322845,65151,380050,73372,388285,91834
310M300US39580,39580,"Raleigh, NC Metro Area",15911975,317381,294035,26157,769265,55580,1439365,80580,1891660,96591,1219920,104646,3079520,187962,1830940,155837,2639015,243329,2748255,244130
310M300US39660,39660,"Rapid City, SD Metro Area",1145225,84350,74710,9935,132500,18526,227950,27538,203690,31590,88115,23628,133710,39048,45450,17618,57940,24678,181160,74429
310M300US39740,39740,"Reading, PA Metro Area",4869650,182394,117040,12284,284305,25871,535210,46300,577410,50670,392735,56970,546890,62066,471550,69938,712595,97064,1231910,174088
310M300US39820,39820,"Redding, CA Metro Area",1376210,130042,60780,6939,175400,24598,234795,31242,178530,32679,75260,22379,136975,31910,35410,13667,71835,30537,407220,126586
310M300US39900,39900,"Reno, NV Metro Area",4602465,157939,124200,11387,403560,32546,678270,51058,839855,83555,399855,54808,698610,62998,331150,75076,417250,61115,709720,144567
310M300US40060,40060,"Richmond, VA Metro Area",15475680,355025,265405,20429,768825,47598,1543560,84653,2272420,103974,1332710,92587,2825835,132335,1653835,134467,1729250,131075,3083840,270998
310M300US40140,40140,"Riverside-San Bernardino-Ontario, CA Metro Area",57658560,922007,843310,39373,2209890,73363,3667960,159761,4610830,180354,2092190,141810,7134815,252631,4453245,200700,6709230,336785,25937085,923084
310M300US40220,40220,"Roanoke, VA Metro Area",3565070,177515,63340,9437,157210,19873,352310,40233,420665,46667,175300,31370,1133970,111784,196455,42430,388465,79251,677350,149240
310M300US40340,40340,"Rochester, MN Metro Area",2157455,123479,97070,12067,237535,21006,315870,28529,299615,33432,132790,22052,324110,38980,155830,31445,200490,28301,394140,114911
310M300US40380,40380,"Rochester, NY Metro Area",10621200,242972,360160,19932,829145,48243,1357270,64701,1734150,91728,1090670,96885,1615030,110321,1012790,105835,1104040,101112,1517940,214921
310M300US40420,40420,"Rockford, IL Metro Area",3420510,150002,106355,12641,276795,24820,461095,42006,477555,45623,231580,33636,397575,55980,265405,55986,309850,71077,894295,130383
310M300US40580,40580,"Rocky Mount, NC Metro Area",1418825,119028,48945,11047,109150,21360,185460,32767,181720,36935,98400,24385,210240,36477,103065,33646,136380,40441,345470,104434
310M300US40660,40660,"Rome, GA Metro Area",950920,92874,20585,4999,65625,11876,147760,26796,118660,25035,62405,27165,132690,36431,34850,17852,170390,73739,197955,66067
310M300US40900,40900,"Sacramento--Roseville--Arden-Arcade, CA Metro Area",25684735,468253,474870,21611,1304030,67479,2246040,118332,3040375,131505,1622180,95376,4487590,174552,2655145,165717,3174110,177470,6680395,489880
310M300US40980,40980,"Saginaw, MI Metro Area",1788260,107520,66660,8907,128625,17415,249980,28950,241380,26709,155350,33350,251365,48594,185075,37595,133430,28885,376395,80872
310M300US41060,41060,"St. Cloud, MN Metro Area",1973610,106149,100380,10468,194140,18687,296320,26564,250600,26821,151095,28681,220085,28970,128305,21156,146425,32064,486265,93778
310M300US41100,41100,"St. George, UT Metro Area",984155,89024,66045,11315,161135,26525,158240,37541,184155,45098,51975,21755,119580,45816,58870,26016,61660,30741,122495,56667
310M300US41140,41140,"St. Joseph, MO-KS Metro Area",1007465,57919,57750,8837,122590,16513,188555,26165,120410,20700,50525,16550,149100,27317,31165,10301,89950,32705,197415,59447
310M300US41180,41180,"St. Louis, MO-IL Metro Area",33898500,534368,680390,32760,1660315,58455,2985005,98699,4284405,152908,2517995,117294,5916400,210368,4123965,214576,4952835,232256,6777185,440952
310M300US41420,41420,"Salem, OR Metro Area",4358625,246323,109985,14782,284495,34430,508190,41101,532285,53591,244215,45071,604030,78098,318365,60600,617510,83405,1139545,231890
310M300US41500,41500,"Salinas, CA Metro Area",4203045,171172,98740,14601,246890,26036,641610,60246,752620,69544,316775,52693,601520,78728,383005,72877,377225,73912,784665,140037
310M300US41540,41540,"Salisbury, MD-DE Metro Area",4058975,191806,125245,13049,254610,23541,401990,44481,470115,53356,258145,51822,773910,86182,353015,62183,496670,86293,925270,188546
310M300US41620,41620,"Salt Lake City, UT Metro Area",12744160,249012,314320,23188,838385,51022,1621525,80835,2111925,121626,1194410,96354,2340755,157778,1200365,122008,1443035,141413,1679435,193205
310M300US41660,41660,"San Angelo, TX Metro Area",1024595,141363,71500,10143,176095,23672,183500,29743,97175,22324,37800,13196,68790,21887,13320,10319,36845,20696,339570,133457
310M300US41700,41700,"San Antonio-New Braunfels, TX Metro Area",28249580,602523,494120,33559,1274500,69214,2507640,125353,3534745,163324,1995990,151578,5244045,218094,2970375,200539,4119485,261445,6108670,470120
310M300US41740,41740,"San Diego-Carlsbad, CA Metro Area",38704200,537568,677480,39467,2009155,86928,3743090,143671,4974860,198621,2759640,152395,6986105,237689,4080060,227541,5115065,286997,8358750,448162
310M300US41860,41860,"San Francisco-Oakland-Hayward, CA Metro Area",73356120,767449,736730,36159,2185340,71909,4049990,134034,5236085,164216,2951105,149569,9875270,254419,7519990,284893,12831075,366923,27970530,671353
310M300US41940,41940,"San Jose-Sunnyvale-Santa Clara, CA Metro Area",26506185,427465,339525,22063,1011390,51076,1962860,82779,2932515,121234,1575205,103452,4816460,201473,2713155,165983,3915225,203718,7239850,405298
310M300US42020,42020,"San Luis Obispo-Paso Robles-Arroyo Grande, CA Metro Area",2892755,200460,114835,16286,240390,27743,316080,42281,385315,53126,233230,49621,386350,64151,195975,56499,203600,73146,816985,193082
310M300US42100,42100,"Santa Cruz-Watsonville, CA Metro Area",3287520,182329,92240,14926,191980,22279,275455,37190,333845,58716,105985,28540,332975,62010,297145,54662,549290,75848,1108600,181993
310M300US42140,42140,"Santa Fe, NM Metro Area",1419255,93561,48315,8411,103925,15334,176165,28245,204035,40245,64555,19182,285010,56783,114625,31814,179615,43071,243005,65629
310M300US42200,42200,"Santa Maria-Santa Barbara, CA Metro Area",3898805,218772,228860,17910,454095,32514,554335,47211,508110,54744,159635,43331,513840,71276,271640,59915,372610,78400,835685,183851
310M300US42220,42220,"Santa Rosa, CA Metro Area",5781110,239837,175560,16783,387450,32320,553235,49621,655030,61790,361965,49126,784645,79189,459125,79414,559310,81488,1844790,210647
310M300US42340,42340,"Savannah, GA Metro Area",4252005,187704,99650,13456,235235,25700,420540,46294,542745,56529,312005,49276,891515,89111,363345,53943,681170,111956,705800,137221
310M300US42540,42540,"Scranton--Wilkes-Barre--Hazleton, PA Metro Area",5402825,165814,195155,14572,422435,30971,637185,38607,743100,49348,375315,51929,795265,70114,527940,62899,538860,72788,1167575,153577
310M300US42660,42660,"Seattle-Tacoma-Bellevue, WA Metro Area",56206335,812032,715660,32869,1897505,76171,3580840,142788,5028400,143835,3245500,138752,8394490,247286,6257800,283644,10038090,353418,17048050,721773
310M300US42680,42680,"Sebastian-Vero Beach, FL Metro Area",1047775,150873,39275,12162,96490,19252,149570,42084,172265,55350,48640,23350,103920,37009,142865,60542,61450,50541,233300,119315
310M300US42700,42700,"Sebring, FL Metro Area",541995,82074,40030,9046,63020,17116,55925,15136,83860,25843,6925,7220,82290,27683,36285,20164,33750,21469,139910,88051
310M300US43100,43100,"Sheboygan, WI Metro Area",1041390,75318,73380,9454,123155,15443,170140,21387,151425,23066,61170,14779,85850,18134,53950,17711,86120,22947,236195,69110
310M300US43300,43300,"Sherman-Denison, TX Metro Area",1295625,111679,52620,10163,107440,19656,151360,25815,166120,37760,64035,21967,119670,34192,76265,27012,177050,58341,381060,100026
310M300US43340,43340,"Shreveport-Bossier City, LA Metro Area",3889850,213504,140455,17825,334300,37027,632210,56299,543560,58873,305705,55944,670730,78818,254995,56315,334280,61914,673615,170242
310M300US43420,43420,"Sierra Vista-Douglas, AZ Metro Area",892515,84142,51645,8218,74755,14487,103945,20973,158335,28731,39000,15744,94740,25947,71050,28417,101740,39180,197300,68556
310M300US43580,43580,"Sioux City, IA-NE-SD Metro Area",1478085,84062,91490,10790,163000,19305,229995,27056,245945,34387,77070,22335,223990,36398,106885,29823,115195,34595,224515,67141
310M300US43620,43620,"Sioux Falls, SD Metro Area",2440165,90196,117690,12591,258825,23774,468940,35611,494900,44411,218505,28062,308395,35004,138815,31181,138425,30920,295670,74959
310M300US43780,43780,"South Bend-Mishawaka, IN-MI Metro Area",3126300,153328,71890,9230,219455,24320,485105,45796,491075,47837,271855,41990,512180,64143,231930,43686,279800,62298,563025,133092
310M300US43900,43900,"Spartanburg, SC Metro Area",3379800,160283,97160,14636,205245,25127,410200,45534,469285,47008,302430,55904,512605,52346,318390,67053,465395,88321,599095,134358
310M300US44060,44060,"Spokane-Spokane Valley, WA Metro Area",5295645,203660,163975,16089,358985,29335,666460,44258,802320,58512,485550,52033,912280,85438,452105,60122,543170,84493,910795,175003
310M300US44100,44100,"Springfield, IL Metro Area",1881355,119564,70210,10011,174860,16715,357030,34039,307050,34629,149860,26577,254355,40534,78505,25242,160775,45578,328705,95043
310M300US44140,44140,"Springfield, MA Metro Area",6436785,200483,177475,16252,439900,33500,709470,63237,985205,76992,571955,59190,1072615,98855,613665,76300,803935,102313,1062560,152362
310M300US44180,44180,"Springfield, MO Metro Area",4431550,191376,116695,12142,323560,29438,595885,45486,744830,60659,338910,42276,803665,78397,353145,53097,485465,83203,669395,164805
310M300US44220,44220,"Springfield, OH Metro Area",1260890,76778,56955,8322,101505,14634,166215,19823,142370,21746,83720,21889,165090,31593,173595,46093,178875,45274,192570,57725
310M300US44300,44300,"State College, PA Metro Area",1385135,99726,73030,10506,121460,16814,238580,34501,217795,32757,117640,23804,166685,29312,89075,26977,146615,41057,214255,74557
310M300US44420,44420,"Staunton-Waynesboro, VA Metro Area",1240465,101676,35275,7696,77705,18179,139470,22241,182555,37462,109020,32249,239210,49135,138725,40550,145965,52204,172545,73148
310M300US44700,44700,"Stockton-Lodi, CA Metro Area",9369825,292221,193190,19508,384865,40117,574155,41101,769730,69225,326055,43874,983795,108037,282490,52206,858105,115078,4997450,325444
310M300US44940,44940,"Sumter, SC Metro Area",963350,87675,31795,6367,95025,15033,143505,20712,101820,23767,45100,18196,83655,22636,71645,34359,141555,43608,249250,76912
310M300US45060,45060,"Syracuse, NY Metro Area",6266685,179735,219200,15981,519625,34619,852490,51662,1070725,68843,565180,58730,855275,77068,528610,62009,616060,81416,1039525,151218
310M300US45220,45220,"Tallahassee, FL Metro Area",3879000,152838,91725,12795,246565,29359,543545,54286,583035,62983,371165,62602,768455,91474,340680,62962,446155,76901,487675,131587
310M300US45300,45300,"Tampa-St. Petersburg-Clearwater, FL Metro Area",34397625,488321,620935,32030,1723865,81556,2774135,112765,3982170,173708,1883920,97216,5552130,206558,3925710,210982,5583010,243510,8351740,435979
310M300US45460,45460,"Terre Haute, IN Metro Area",1634685,99753,53450,8180,140350,17413,163865,22543,244930,31819,99815,20903,248310,45607,157665,39589,141235,34086,385065,80233
310M300US45500,45500,"Texarkana, TX-AR Metro Area",1084125,115209,46215,7716,173440,22608,145870,23920,124905,29111,64300,20354,162210,39937,71490,27218,77780,31239,217910,95241
310M300US45540,45540,"The Villages, FL Metro Area",521320,103219,20715,9204,32960,12926,52545,14729,65220,26223,12375,8793,96660,47057,56510,26877,82845,45167,101490,80819
310M300US45780,45780,"Toledo, OH Metro Area",5846475,181460,234765,18708,444790,37021,781865,52838,1046790,68712,533330,47516,834330,76172,412965,56298,547800,75752,1009845,148613
310M300US45820,45820,"Topeka, KS Metro Area",2199490,104580,86135,9312,221815,21182,339230,25183,352490,34165,137515,25777,311415,40961,182110,38813,183060,29201,385720,74622
310M300US45940,45940,"Trenton, NJ Metro Area",4772805,202329,97455,13125,214230,26139,459275,46747,520905,57849,195895,39972,578975,77365,362385,64496,463610,87432,1880080,187735
310M300US46060,46060,"Tucson, AZ Metro Area",9952415,291063,238110,21839,528120,39611,999090,59659,1428270,84726,835940,73852,1882295,139615,1056545,93755,1368700,125486,1615345,254235
310M300US46140,46140,"Tulsa, OK Metro Area",9441415,167969,289740,15096,694510,31308,1284110,48899,1562000,69882,819530,59261,1777805,84531,734565,55014,837155,81448,1442000,156531
310M300US46220,46220,"Tuscaloosa, AL Metro Area",2298330,116995,56275,10388,163180,23531,265975,35520,370695,54886,223325,39390,327490,51798,183835,33390,292830,63594,414720,83791
310M300US46340,46340,"Tyler, TX Metro Area",2114780,135788,57655,12154,142685,24633,254205,34407,337485,55690,131090,28511,365250,66067,138830,39390,238700,60035,448885,129682
310M300US46520,46520,"Urban Honolulu, HI Metro Area",14053665,299798,219960,16176,566895,39174,947490,57195,1300275,77714,711250,71664,2645920,134200,1425615,107877,2168800,162910,4067455,303836
310M300US46540,46540,"Utica-Rome, NY Metro Area",2472470,115098,121965,10369,245260,23678,312830,26843,373655,48027,182180,28329,300050,41663,183450,30796,312095,51391,440980,90878
310M300US46660,46660,"Valdosta, GA Metro Area",1171145,96527,40125,7976,95715,16587,235710,40256,224010,32999,101825,34300,179430,35258,45875,18120,78905,29673,169545,71242
310M300US46700,46700,"Vallejo-Fairfield, CA Metro Area",6326090,239420,104240,11356,305755,33403,406620,43904,394580,43642,233690,43263,568260,63368,469140,79256,902945,106273,2940860,251291
310M300US47020,47020,"Victoria, TX Metro Area",933730,81712,52185,9276,103795,19242,119695,24271,102640,21990,28875,16095,124920,39079,59055,25090,152585,46240,189980,61632
310M300US47220,47220,"Vineland-Bridgeton, NJ Metro Area",1449900,126994,52310,7652,91720,17861,155180,31568,126550,24652,78655,20010,146310,37445,108580,32394,317440,91491,373145,82996
310M300US47260,47260,"Virginia Beach-Norfolk-Newport News, VA-NC Metro Area",20055180,394859,519035,33192,1161535,58248,2172045,95078,2695020,135677,1504715,104697,3679790,182252,2126435,130555,2534450,188226,3662155,307031
310M300US47300,47300,"Visalia-Porterville, CA Metro Area",3701240,229672,131755,14812,364870,34815,371535,41069,500390,62686,164570,39810,570510,68541,291160,76580,498405,93929,808045,189571
310M300US47380,47380,"Waco, TX Metro Area",2296065,128244,95410,13138,214620,21853,416130,43832,328530,51522,193345,43549,340455,58848,153195,39634,155890,39857,398495,105133
310M300US47460,47460,"Walla Walla, WA Metro Area",467775,69224,48590,8711,58810,12102,61615,17306,35205,14848,9325,5089,28590,11407,32530,12809,47750,18300,145360,58405
310M300US47580,47580,"Warner Robins, GA Metro Area",1740940,109119,51065,10018,144555,25453,232080,34974,301940,51722,144050,44642,378235,67664,143615,43618,173915,48817,171485,73866
310M300US47900,47900,"Washington-Arlington-Alexandria, DC-VA-MD-WV Metro Area",106729450,1026779,921005,44445,2556255,79120,5076455,143150,7373590,187115,4518115,186585,14072785,326524,11753065,316783,19659140,426471,40799035,947500
310M300US47940,47940,"Waterloo-Cedar Falls, IA Metro Area",1402945,82272,99520,10316,205460,22565,251150,27075,276080,32335,85105,23159,136100,29671,45475,15074,79615,21538,224440,75122
310M300US48060,48060,"Watertown-Fort Drum, NY Metro Area",833050,60501,64920,6749,101720,18351,118590,21190,131800,24099,90095,25233,126115,31095,34620,16156,67395,23771,97785,42889
310M300US48140,48140,"Wausau, WI Metro Area",1319800,79712,62105,7896,146510,16678,208430,33407,210780,27287,98595,16610,156795,25090,103905,26457,95535,23422,237145,68280
310M300US48260,48260,"Weirton-Steubenville, WV-OH Metro Area",1168615,83737,44400,8046,80750,16047,97490,12431,104260,23178,72285,17272,147070,35633,173790,46272,182105,44587,266465,74351
310M300US48300,48300,"Wenatchee, WA Metro Area",899055,74151,54565,9272,89095,15459,197600,36366,137620,27777,23500,11640,76410,25547,68385,22254,94710,34796,157170,62979
310M300US48540,48540,"Wheeling, WV-OH Metro Area",1367785,102570,48720,6318,97450,14799,172905,23136,171625,28744,87965,18470,168060,32496,104950,26111,192625,44354,323485,92483
310M300US48620,48620,"Wichita, KS Metro Area",6031980,201521,236870,19930,533625,38719,942005,56116,1193015,77037,481725,54654,871410,97188,377975,53052,453820,76650,941535,155923
310M300US48660,48660,"Wichita Falls, TX Metro Area",1109135,90593,85430,12453,180825,23420,246870,30252,152275,29137,56800,23104,85100,28346,32510,15811,62115,25349,207210,81587
310M300US48700,48700,"Williamsport, PA Metro Area",1073460,80847,55255,7165,82590,13850,141145,21003,145695,22301,107840,25387,126720,24944,78570,23756,72135,18272,263510,76323
310M300US48900,48900,"Wilmington, NC Metro Area",2569810,137696,65040,9817,222765,27900,343020,51198,454850,56901,273285,61416,399660,58852,183995,44321,242200,48127,385000,107595
310M300US49020,49020,"Winchester, VA-WV Metro Area",1849385,142897,35585,7356,86580,16906,178300,29006,201690,42368,76120,22794,151260,45954,87630,26546,219020,59523,813200,134213
310M300US49180,49180,"Winston-Salem, NC Metro Area",6691190,288862,183000,16023,460105,40053,834640,57342,962230,71783,526375,57399,1113580,82139,609140,79340,643525,91643,1358590,227252
310M300US49340,49340,"Worcester, MA-CT Metro Area",12759685,343891,281535,19701,540100,40705,908765,53808,1187290,79744,717305,70227,1728990,134622,1184180,115762,1920660,136841,4290865,329086
310M300US49420,49420,"Yakima, WA Metro Area",1877340,100756,84785,13925,187655,22954,357185,38233,340395,36595,131875,29727,339390,58142,107075,32368,127110,40905,201860,62030
310M300US49620,49620,"York-Hanover, PA Metro Area",5602815,203186,131165,14669,258590,29276,508815,42971,584990,56785,410130,50485,729610,68316,550265,81857,792085,113152,1637165,195701
310M300US49660,49660,"Youngstown-Warren-Boardman, OH-PA Metro Area",4916060,176313,182045,15688,373520,28340,667520,42572,741095,55982,487850,54734,622700,52366,361810,49945,455325,75725,1024195,124045
310M300US49700,49700,"Yuba City, CA Metro Area",1888955,183247,40665,6815,100925,18992,187710,31231,145455,26928,57415,20045,174240,38163,221495,60506,262470,54651,698580,162931
310M300US49740,49740,"Yuma, AZ Metro Area",1520700,107377,69830,12451,158820,25156,207810,28487,222525,42124,131455,37424,207270,49125,149635,42434,80635,37610,292720,107955
