GEO.id,GEO.id2,GEO.display-label,HD01_VD01,HD02_VD01,HD01_VD02,HD02_VD02,HD01_VD03,HD02_VD03,HD01_VD04,HD02_VD04,HD01_VD05,HD02_VD05,HD01_VD06,HD02_VD06,HD01_VD07,HD02_VD07,HD01_VD08,HD02_VD08,HD01_VD09,HD02_VD09,HD01_VD10,HD02_VD10
Id,Id2,Geography,Estimate; Aggregate travel time to work (in minutes):,Margin of Error; Aggregate travel time to work (in minutes):,Estimate; Aggregate travel time to work (in minutes): - Less than 10 minutes,Margin of Error; Aggregate travel time to work (in minutes): - Less than 10 minutes,Estimate; Aggregate travel time to work (in minutes): - 10 to 14 minutes,Margin of Error; Aggregate travel time to work (in minutes): - 10 to 14 minutes,Estimate; Aggregate travel time to work (in minutes): - 15 to 19 minutes,Margin of Error; Aggregate travel time to work (in minutes): - 15 to 19 minutes,Estimate; Aggregate travel time to work (in minutes): - 20 to 24 minutes,Margin of Error; Aggregate travel time to work (in minutes): - 20 to 24 minutes,Estimate; Aggregate travel time to work (in minutes): - 25 to 29 minutes,Margin of Error; Aggregate travel time to work (in minutes): - 25 to 29 minutes,Estimate; Aggregate travel time to work (in minutes): - 30 to 34 minutes,Margin of Error; Aggregate travel time to work (in minutes): - 30 to 34 minutes,Estimate; Aggregate travel time to work (in minutes): - 35 to 44 minutes,Margin of Error; Aggregate travel time to work (in minutes): - 35 to 44 minutes,Estimate; Aggregate travel time to work (in minutes): - 45 to 59 minutes,Margin of Error; Aggregate travel time to work (in minutes): - 45 to 59 minutes,Estimate; Aggregate travel time to work (in minutes): - 60 or more minutes,Margin of Error; Aggregate travel time to work (in minutes): - 60 or more minutes
310M200US10180,10180,"Abilene, TX Metro Area",1248235,102564,87780,10641,196490,22710,263460,29225,153220,30088,55975,20635,135680,26510,48835,26397,50805,27725,255990,81516
310M200US10420,10420,"Akron, OH Metro Area",7440205,186795,213280,17198,503865,36841,865560,65807,1034175,79003,647315,66521,1101270,100013,979530,97416,930825,104279,1164385,159468
310M200US10500,10500,"Albany, GA Metro Area",1117880,98376,51920,8905,95285,17623,176695,29512,193160,29479,79655,24052,156900,37271,92910,28259,47245,18992,224105,84270
310M200US10540,10540,"Albany, OR Metro Area",1006210,77640,41165,6581,75495,16621,77575,16452,142090,29700,74785,25790,166050,38085,107345,39640,107995,34817,213710,70299
310M200US10580,10580,"Albany-Schenectady-Troy, NY Metro Area",9103705,231189,255370,19348,635075,42089,1111790,62707,1436935,78057,747645,59150,1524470,119221,1082165,107969,1096775,123641,1213485,167447
310M200US10740,10740,"Albuquerque, NM Metro Area",8696005,208772,238075,23680,581325,42112,1003020,69559,1385135,113528,730255,65771,1578880,114136,810005,85299,908145,105396,1461175,189201
310M200US10780,10780,"Alexandria, LA Metro Area",1465765,151254,31475,7784,105510,17827,187870,27459,178770,32718,97750,26396,239030,45876,78800,32950,118295,50377,428265,130892
310M200US10900,10900,"Allentown-Bethlehem-Easton, PA-NJ Metro Area",9957135,250647,244890,18290,548605,37069,772950,48242,1042195,64267,657880,65363,1349085,91665,813110,79385,1296520,116650,3231895,253549
310M200US11020,11020,"Altoona, PA Metro Area",1045580,70599,65980,8213,114090,16765,142280,19907,125840,19897,104500,24058,115440,24585,82370,26143,98195,32700,196880,55349
310M200US11100,11100,"Amarillo, TX Metro Area",2214975,108285,93925,8722,306635,28683,423065,33815,318820,40191,119095,26036,270950,57080,151500,34852,122440,34611,408550,102184
310M200US11180,11180,"Ames, IA Metro Area",794280,53334,54215,8692,128860,17386,114235,20599,135275,27805,32615,12552,113215,41810,52790,15119,102760,27433,60315,28891
310M200US11260,11260,"Anchorage, AK Metro Area",4309710,183968,127540,14762,403835,38983,621655,50836,604865,51844,250480,43796,423815,57140,218290,60161,458475,66071,1200760,172589
310M200US11460,11460,"Ann Arbor, MI Metro Area",3668345,148707,96045,9603,256255,23477,479885,38332,517665,48339,318040,45365,505710,59757,478080,58289,498960,74017,517700,92951
310M200US11500,11500,"Anniston-Oxford-Jacksonville, AL Metro Area",1044750,119085,26070,6464,58280,15943,82395,18018,137195,24863,70525,23273,144120,34175,115995,40016,162150,48816,248020,107852
310M200US11540,11540,"Appleton, WI Metro Area",2351130,118770,98155,9087,238080,16613,360065,26965,386035,32195,184830,28848,322350,42468,202345,34349,159615,32546,399650,104688
310M200US11700,11700,"Asheville, NC Metro Area",3891665,173991,140055,15795,336035,30606,528920,46162,659820,67619,339350,50191,559635,82730,298455,55173,330605,69773,698785,134454
310M200US12020,12020,"Athens-Clarke County, GA Metro Area",1926035,158296,48635,8185,155030,21700,263805,36755,296680,49684,102710,24143,277830,49801,127055,58572,204795,57427,449490,95770
310M200US12060,12060,"Atlanta-Sandy Springs-Roswell, GA Metro Area",71073555,897347,911550,44898,2613845,97322,4723590,182492,7239220,212988,3387855,167724,11019790,347653,7356985,315721,13295500,531756,20525215,843394
310M200US12100,12100,"Atlantic City-Hammonton, NJ Metro Area",2942850,161217,80010,9494,180665,22778,339415,38299,377750,49655,194370,31158,437575,53292,187740,39144,249825,65368,895500,162790
310M200US12220,12220,"Auburn-Opelika, AL Metro Area",1475485,93892,48365,11504,104460,19621,248570,36030,193060,34454,67430,24330,319830,58094,129965,44185,118855,37500,244950,89143
310M200US12260,12260,"Augusta-Richmond County, GA-SC Metro Area",5320185,246428,104285,12374,347425,34333,733090,55174,836995,67582,388440,66922,918690,86780,467080,79472,617620,114211,906555,200101
310M200US12420,12420,"Austin-Round Rock, TX Metro Area",23617360,466788,437760,27222,1172010,64390,2144475,102264,2772410,134986,1466930,98422,4168165,221761,2487030,209356,3776185,229679,5192400,407881
310M200US12540,12540,"Bakersfield, CA Metro Area",7133470,281768,223950,20255,517995,40735,918595,76176,1049430,92465,418815,66564,1033540,101541,372705,65431,710775,105499,1887665,275984
310M200US12580,12580,"Baltimore-Columbia-Towson, MD Metro Area",40355895,668249,499715,25941,1351975,71074,2679670,118576,3690670,148513,2226650,143898,6165840,243496,4421335,218601,6581390,238746,12738660,597227
310M200US12620,12620,"Bangor, ME Metro Area",1444850,108772,64815,9436,133475,19967,190110,27588,172325,30696,94040,18872,175760,31979,96620,23311,172405,42144,345295,87754
310M200US12700,12700,"Barnstable Town, MA Metro Area",2287475,149399,69700,9701,194790,23904,233030,29886,311890,43550,95905,25048,263820,41692,160370,39576,189185,51878,768785,157450
310M200US12940,12940,"Baton Rouge, LA Metro Area",9672470,298641,177155,19550,405585,37220,814910,65554,1223875,91982,524365,76078,1654585,141866,833930,112477,1718485,156178,2319585,321302
310M200US12980,12980,"Battle Creek, MI Metro Area",1176035,76762,41825,5765,119530,16755,180165,27122,169845,24834,53070,12560,123930,25346,121665,29570,144315,36221,221685,64026
310M200US13020,13020,"Bay City, MI Metro Area",958505,82422,41820,9043,73310,14235,85670,15562,146125,24201,103140,24116,136440,28651,81830,22232,113595,39434,176580,65160
310M200US13140,13140,"Beaumont-Port Arthur, TX Metro Area",3506700,163293,142405,15156,227045,23187,427215,44956,522425,55040,266795,47790,692710,81798,250625,53285,289390,69971,688095,142450
310M200US13220,13220,"Beckley, WV Metro Area",1059150,94945,29575,5948,61855,12103,126130,23752,112380,28226,38275,15309,188460,46588,81185,24712,66930,28104,354360,86869
310M200US13380,13380,"Bellingham, WA Metro Area",1873270,141332,74945,11709,184740,22982,265075,41543,302870,47380,131155,32912,215825,44275,87875,33893,165980,52716,444805,126448
310M200US13460,13460,"Bend-Redmond, OR Metro Area",1171645,114766,67590,14836,186895,26178,234705,43012,114160,25840,89485,35101,143610,40149,64330,28377,102105,42474,168760,77845
310M200US13740,13740,"Billings, MT Metro Area",1500710,90479,77695,8524,172620,18107,247060,29182,256500,29636,104315,20022,168835,36642,77640,36041,88500,26182,307550,89805
310M200US13780,13780,"Binghamton, NY Metro Area",2083855,106941,78530,10281,226965,23032,345605,37297,366065,48189,144410,25004,273970,32412,153900,31347,135160,34011,359250,84487
310M200US13820,13820,"Birmingham-Hoover, AL Metro Area",12543110,304659,236510,20533,561420,40218,1101420,65306,1551820,97515,885090,94554,2514875,157215,1298090,129665,1987390,158929,2406500,289009
310M200US13900,13900,"Bismarck, ND Metro Area",1231100,92785,69560,8955,186165,23182,209430,24522,192250,25813,41900,20610,105360,27586,28410,12507,82575,28131,315450,93415
310M200US13980,13980,"Blacksburg-Christiansburg-Radford, VA Metro Area",1603000,138282,95470,14759,137455,19702,183675,26957,181375,34851,131795,30870,190475,38753,138030,42562,194510,51559,350215,104865
310M200US14010,14010,"Bloomington, IL Metro Area",1789915,122324,114415,13107,229840,22562,263230,31757,271600,39286,91070,21249,202020,35625,86490,18066,127355,40216,403900,120149
310M200US14020,14020,"Bloomington, IN Metro Area",1402970,101007,82795,13420,164490,19889,227720,29433,196270,31837,75025,20072,161415,40547,69960,24343,125880,36877,299420,82223
310M200US14100,14100,"Bloomsburg-Berwick, PA Metro Area",817680,49957,32945,7939,77180,12626,91230,12802,105970,18673,61755,13345,145410,23006,92600,21500,94020,24121,116575,34254
310M200US14260,14260,"Boise City, ID Metro Area",5806090,200152,187555,19784,419330,38826,735635,64590,1015840,96010,544820,63654,1044070,93598,651980,155431,463430,87335,743430,163783
310M200US14460,14460,"Boston-Cambridge-Newton, MA-NH Metro Area",69004425,778443,1094990,38703,2610225,81750,4239230,115173,5781540,158778,3625070,173542,10460505,305201,7924295,270805,12134905,346165,21133670,731913
310M200US14500,14500,"Boulder, CO Metro Area",3400045,167018,110270,11642,263130,30107,365105,31311,476875,56076,239300,42500,427590,60592,317630,52818,480225,67047,719925,148022
310M200US14540,14540,"Bowling Green, KY Metro Area",1537640,131077,52325,8555,159160,24255,226940,29075,197185,26269,111920,29520,179370,43309,130115,40313,149740,38232,330875,111724
310M200US14740,14740,"Bremerton-Silverdale, WA Metro Area",3466625,209402,54385,9220,188065,23975,308000,33017,326475,34970,163005,38126,387930,67776,247740,47591,222590,51160,1568435,201491
310M200US14860,14860,"Bridgeport-Stamford-Norwalk, CT Metro Area",12761720,319653,244805,19560,647470,41495,1037095,74776,1141765,86958,472470,56790,1507620,111076,857850,89298,1465445,149379,5387190,339478
310M200US15180,15180,"Brownsville-Harlingen, TX Metro Area",2792810,126666,83220,12452,216850,25272,471625,43530,558245,62397,245570,46634,497235,67335,183320,62782,189200,50363,347545,106545
310M200US15260,15260,"Brunswick, GA Metro Area",867630,101716,38375,8618,68405,13934,131540,20577,122715,31815,45435,20359,85440,28070,35290,19209,173475,55366,166960,66746
310M200US15380,15380,"Buffalo-Cheektowaga-Niagara Falls, NY Metro Area",10573110,227475,383335,24969,889385,55367,1428005,70220,1849265,83417,979580,69171,1823460,113267,1103900,107748,989585,112339,1126595,173457
310M200US15500,15500,"Burlington, NC Metro Area",1496415,104067,47085,8233,118955,17440,202390,28619,208885,36201,85895,21339,180500,37728,160830,43207,185515,37361,306360,85277
310M200US15540,15540,"Burlington-South Burlington, VT Metro Area",2403885,102197,77735,9597,165770,18276,320015,27367,262385,35633,181755,31406,417340,49943,301035,54208,359115,62378,318745,80532
310M200US15680,15680,"California-Lexington Park, MD Metro Area",1468755,148329,30810,6248,71860,16078,137590,27595,150365,38367,63600,22199,189270,46048,109340,31988,128265,34166,587655,151344
310M200US15940,15940,"Canton-Massillon, OH Metro Area",3821445,151545,148415,14292,305135,32470,481115,42686,533125,49083,296030,38005,597615,64453,366195,63707,367365,61319,726450,128898
310M200US15980,15980,"Cape Coral-Fort Myers, FL Metro Area",6804620,297787,88775,14557,298870,32482,563540,49426,687315,71660,342180,52845,1493715,148413,668230,82203,1058590,169377,1603405,272982
310M200US16020,16020,"Cape Girardeau, MO-IL Metro Area",904175,75975,41960,8714,92475,12980,112070,21988,97250,17964,57025,19594,110670,20138,77080,35764,107585,38672,208060,77923
310M200US16060,16060,"Carbondale-Marion, IL Metro Area",1090030,86417,61070,9103,93445,13908,156250,24759,146730,24700,60610,15200,116190,27590,86305,28196,80255,30284,289180,87689
310M200US16180,16180,"Carson City, NV Metro Area",348230,42655,32970,6613,68595,10642,50285,15223,38900,15345,21250,12013,31800,13741,39855,22688,18165,15494,46405,31271
310M200US16220,16220,"Casper, WY Metro Area",725825,94698,37750,6977,115090,16656,164735,25133,103660,23028,19600,9584,67290,23293,5305,5045,15235,10856,197160,86142
310M200US16300,16300,"Cedar Rapids, IA Metro Area",2526360,132548,119835,13411,269810,25650,430955,43391,308750,38495,255605,40924,271770,41911,276360,52723,239790,49576,353480,108722
310M200US16540,16540,"Chambersburg-Waynesboro, PA Metro Area",1619560,127361,50080,8598,136355,20867,150795,21633,178470,31695,97890,23105,266160,51597,141395,42760,165815,38654,432600,130533
310M200US16580,16580,"Champaign-Urbana, IL Metro Area",2057850,105847,94160,11287,275110,28286,302570,31483,313770,35614,194460,32030,235500,34763,137495,33746,139375,31536,365415,89501
310M200US16620,16620,"Charleston, WV Metro Area",2135650,130568,68755,10186,146470,21075,222650,32888,340955,41294,166770,33544,353395,55458,147075,41355,200880,55430,488695,107919
310M200US16700,16700,"Charleston-North Charleston, SC Metro Area",7734435,216163,180460,18981,444695,43791,857075,59320,1075650,81416,563295,71490,1635150,105011,803870,116160,1142095,115239,1032140,136192
310M200US16740,16740,"Charlotte-Concord-Gastonia, NC-SC Metro Area",26746805,451673,537810,31083,1457825,75055,2495290,106203,3180035,111515,1812875,114440,4615740,166465,3096005,198414,3883080,250459,5668150,394243
310M200US16820,16820,"Charlottesville, VA Metro Area",2410695,136277,44085,6727,161710,19657,273530,39144,297330,38278,135095,24473,357240,45758,234785,50084,259140,54580,647775,100183
310M200US16860,16860,"Chattanooga, TN-GA Metro Area",5392300,218982,143210,13745,306215,29334,632975,63409,824350,64247,452455,54308,1119365,109265,473520,72164,573075,77238,867140,168297
310M200US16940,16940,"Cheyenne, WY Metro Area",748830,86761,59435,7712,144990,20886,140920,21433,106560,28134,34290,16729,63450,26939,17915,12582,30265,19995,151005,86104
310M200US16980,16980,"Chicago-Naperville-Elgin, IL-IN-WI Metro Area",131691560,1036300,1903595,56065,4566820,119148,7768085,187845,10970365,281570,6498415,211417,19593200,322099,15351970,390931,23742715,625836,41296395,947507
310M200US17020,17020,"Chico, CA Metro Area",1561430,98485,104635,15883,215195,24111,184070,33755,125750,23545,122270,38154,232950,45345,117745,33324,155780,38022,303040,74698
310M200US17140,17140,"Cincinnati, OH-KY-IN Metro Area",23454490,397324,519580,27802,1307630,53136,2302675,101198,3257310,125691,1955785,100471,4265775,183778,2851175,162830,3216825,196045,3777740,317637
310M200US17300,17300,"Clarksville, TN-KY Metro Area",2493560,120108,89170,10866,173585,25542,315890,39222,360900,45329,229130,39082,398330,44923,122020,33168,290825,69693,513710,106691
310M200US17420,17420,"Cleveland, TN Metro Area",1129500,111206,34965,7962,102460,21757,129775,21507,134925,28262,64745,18209,140995,32752,88315,31751,204575,56534,228735,106836
310M200US17460,17460,"Cleveland-Elyria, OH Metro Area",22583600,289860,507315,24799,1221160,50813,2114230,89366,3093240,106973,1903970,104625,4174005,181290,2858510,152091,3150285,161581,3560885,247512
310M200US17660,17660,"Coeur d'Alene, ID Metro Area",1228610,113270,59270,11490,106250,21611,173480,34249,133815,29230,81480,24139,169320,36836,90100,31302,157075,47550,257815,91328
310M200US17780,17780,"College Station-Bryan, TX Metro Area",1855185,95281,104355,13563,243385,31851,373410,48996,274645,32109,116540,30010,239190,54566,96230,39414,93885,32465,313545,72331
310M200US17820,17820,"Colorado Springs, CO Metro Area",6764610,216798,175725,16729,497975,41851,895380,63073,1171310,70527,555750,64660,1078240,104351,498675,68542,687385,95662,1204170,178400
310M200US17860,17860,"Columbia, MO Metro Area",1461515,82283,92990,13601,214005,22585,353415,43243,219660,41329,84205,21770,177305,36381,99335,42995,101505,46951,119100,61054
310M200US17900,17900,"Columbia, SC Metro Area",8444275,231011,190175,15633,437105,34365,829160,59698,1285275,76091,669800,71193,1770020,131566,813825,88784,925555,99360,1523355,182541
310M200US17980,17980,"Columbus, GA-AL Metro Area",2513310,148290,81695,9508,194210,23639,378360,42348,385720,45666,225990,47410,480360,65428,189875,38331,245920,61268,331175,120827
310M200US18020,18020,"Columbus, IN Metro Area",680365,54801,22845,5534,92680,13427,144205,21545,114200,28090,42700,20596,69995,23310,42195,19094,47835,22661,103710,44161
310M200US18140,18140,"Columbus, OH Metro Area",21293750,388346,484675,31854,1283360,64844,2447965,106386,3402880,133235,2029085,135115,3893920,175884,2254610,142138,2397860,175245,3099395,308587
310M200US18580,18580,"Corpus Christi, TX Metro Area",3993085,183029,179625,21195,378805,36503,628565,53415,560070,60847,226175,35415,735430,87725,226455,51956,400470,74715,657495,151525
310M200US18700,18700,"Corvallis, OR Metro Area",751330,83786,36275,6566,75600,14366,110880,20239,80615,20505,39175,15211,87075,21197,43985,20506,82320,26235,195405,69765
310M200US18880,18880,"Crestview-Fort Walton Beach-Destin, FL Metro Area",2574270,141387,99720,14991,147365,18068,254910,37482,292670,38573,183905,35222,408690,57857,327750,82377,286935,64343,572320,124386
310M200US19060,19060,"Cumberland, MD-WV Metro Area",832560,81898,32115,7225,59800,10722,102915,21340,144975,23357,55020,17549,102660,28898,51225,19475,88020,35998,195830,58382
310M200US19100,19100,"Dallas-Fort Worth-Arlington, TX Metro Area",84977355,800969,1490760,58674,3837215,129695,6727730,201974,8919305,247726,5289625,216916,15783425,414629,9135925,352516,14610335,426066,19183040,718207
310M200US19140,19140,"Dalton, GA Metro Area",1269990,82239,19620,5711,74505,14204,202885,31230,307730,39627,125420,36177,206220,41648,145215,48405,55030,23758,133360,54998
310M200US19180,19180,"Danville, IL Metro Area",672100,46990,26355,5450,75050,13003,97295,13370,78320,17291,39125,11719,100170,23758,45045,18841,80685,22823,130060,43425
310M200US19300,19300,"Daphne-Fairhope-Foley, AL Metro Area",2152415,157842,39315,8728,132125,25698,203260,45093,196185,32374,134050,38173,361800,69095,158835,49976,471410,108000,455435,151610
310M200US19340,19340,"Davenport-Moline-Rock Island, IA-IL Metro Area",3449360,142030,153875,13416,319470,25643,523890,42082,636405,54110,298195,40647,534710,71360,199805,36036,354725,61703,428295,102479
310M200US19380,19380,"Dayton, OH Metro Area",7315875,178542,262040,20423,598490,34401,938870,58479,1343480,86455,652175,65810,1196765,90675,590150,65903,631930,82079,1101970,153451
310M200US19460,19460,"Decatur, AL Metro Area",1559835,116837,33235,7542,90420,17277,161140,28040,136050,24254,94730,29128,272280,47240,182885,41458,328560,58715,260530,82800
310M200US19500,19500,"Decatur, IL Metro Area",871285,59437,49860,7991,106950,12066,161040,21473,174885,26718,51255,15449,65970,19818,29145,13245,84215,24704,147970,48658
310M200US19660,19660,"Deltona-Daytona Beach-Ormond Beach, FL Metro Area",5253475,228344,118765,16323,354285,38849,536935,50982,783455,68639,406200,64996,755100,79611,487430,72065,571325,83626,1239985,186343
310M200US19740,19740,"Denver-Aurora-Lakewood, CO Metro Area",34370425,524382,569185,30478,1453145,61581,2803780,99916,4146170,140695,2361935,125685,6363590,195117,4165960,200051,5332115,208898,7174550,476029
310M200US19780,19780,"Des Moines-West Des Moines, IA Metro Area",6144485,161072,234635,18213,507110,37297,936640,55789,1090230,66663,656540,66692,1089165,90271,439355,59240,468690,81418,722120,141368
310M200US19820,19820,"Detroit-Warren-Dearborn, MI Metro Area",47527730,455087,921310,32822,2227340,73676,4082055,124103,5585030,126359,3559960,145289,8177165,224343,5989510,192875,7412855,276981,9572505,366406
310M200US20020,20020,"Dothan, AL Metro Area",1344755,70245,40500,5355,89655,9399,173535,15636,185605,23880,57475,12761,331315,37445,81455,20771,164750,29983,220465,48329
310M200US20100,20100,"Dover, DE Metro Area",2016170,182527,43595,8474,147260,22674,169785,25554,191650,31983,89450,29654,169710,31238,164920,40873,268795,49461,771005,191784
310M200US20220,20220,"Dubuque, IA Metro Area",847875,67717,55340,6424,129560,13280,129880,18370,120385,18782,37575,12502,120090,26278,33675,14656,51190,21583,170170,65061
310M200US20260,20260,"Duluth, MN-WI Metro Area",2559485,100779,129580,12664,249740,18063,339885,32006,368090,34675,191740,28784,352195,39247,249045,36730,252960,33307,426245,79450
310M200US20500,20500,"Durham-Chapel Hill, NC Metro Area",5453245,200272,133845,16482,403795,41688,748635,58105,780585,50845,379920,51629,926410,91125,530495,63478,650010,77094,899550,173539
310M200US20700,20700,"East Stroudsburg, PA Metro Area",2743500,222018,42270,12425,99065,20651,114060,26440,160940,35332,104225,29560,237360,55059,159175,44084,269505,61325,1556895,229196
310M200US20740,20740,"Eau Claire, WI Metro Area",1540020,91324,92160,11029,166655,15833,232765,27616,193530,28157,112550,24295,189960,33228,90950,20473,123415,26658,338040,84506
310M200US20940,20940,"El Centro, CA Metro Area",1056525,78580,66260,12906,116255,16740,131615,25401,182160,32769,83700,26736,180845,38739,70185,28645,40255,24909,185250,66773
310M200US21060,21060,"Elizabethtown-Fort Knox, KY Metro Area",1518945,117906,54545,9953,113910,16610,160665,30009,194780,34350,95580,24714,208920,44822,147075,38090,202905,48561,340560,104055
310M200US21140,21140,"Elkhart-Goshen, IN Metro Area",1730290,111429,78950,11622,147885,20615,285770,35644,289295,42889,219770,41003,238650,42510,118530,34648,156355,44294,195085,82721
310M200US21300,21300,"Elmira, NY Metro Area",708335,58577,38425,6935,75495,11347,110840,21828,95355,16939,53675,13677,95280,25307,46845,16200,60030,25340,132390,54802
310M200US21340,21340,"El Paso, TX Metro Area",7594135,233833,159455,16773,504460,36722,949895,64865,1325975,101264,598875,62058,1611635,116354,586425,94873,558910,75406,1298500,191632
310M200US21500,21500,"Erie, PA Metro Area",2289905,97783,112925,10929,266145,26999,328445,28625,425210,44637,195010,31268,353845,45227,160025,33737,167170,35497,281125,80852
310M200US21660,21660,"Eugene, OR Metro Area",2825375,152928,111935,14247,321205,30761,510270,43005,473410,47247,220605,34806,348270,63912,177020,42981,140350,38048,522310,130276
310M200US21780,21780,"Evansville, IN-KY Metro Area",2850450,113330,90920,10463,260240,26350,452520,40283,519195,50223,213470,39493,467515,60640,161840,36146,237750,46687,446995,99967
310M200US21820,21820,"Fairbanks, AK Metro Area",992795,156186,37735,8624,118895,20721,169545,25436,166600,46057,55975,19222,123690,51235,41530,25758,39860,26602,238965,153517
310M200US22020,22020,"Fargo, ND-MN Metro Area",1992755,101519,124330,13390,310425,25836,441725,38636,326270,45365,111485,21798,204535,49226,91815,27820,98190,25835,283980,83650
310M200US22140,22140,"Farmington, NM Metro Area",1156825,83302,51195,11767,73115,13436,133410,25001,112590,25253,33940,14448,226110,39909,70135,26292,71920,23505,384405,81450
310M200US22180,22180,"Fayetteville, NC Metro Area",3259315,135279,88765,9091,242860,20926,528880,35497,602470,46153,241430,36261,640925,62402,192760,37665,278825,51297,442395,101535
310M200US22220,22220,"Fayetteville-Springdale-Rogers, AR-MO Metro Area",4441015,150582,165260,15930,385540,33772,637920,53037,688410,55186,339445,50104,755785,78353,438125,56707,515925,79483,514595,111541
310M200US22380,22380,"Flagstaff, AZ Metro Area",1139060,104235,82375,10534,146775,18983,177460,29396,110200,25638,47275,19691,116250,37359,66380,24835,122815,33420,269535,90036
310M200US22420,22420,"Flint, MI Metro Area",3819510,180664,109345,12028,238695,25161,392285,31018,545925,55695,219585,34205,373860,49437,276655,49175,568465,76865,1094690,168315
310M200US22500,22500,"Florence, SC Metro Area",1996320,199346,60600,9884,108320,14274,218170,35405,255440,42854,136055,31656,293160,51612,95100,32267,272695,69145,556780,179913
310M200US22520,22520,"Florence-Muscle Shoals, AL Metro Area",1438715,140810,42985,8229,125320,17130,147545,21293,172495,28518,78500,23732,187110,37009,127095,43850,206450,38640,351215,119056
310M200US22540,22540,"Fond du Lac, WI Metro Area",1023130,71288,52055,7880,109195,14262,118485,19030,115775,19335,88500,22050,146940,31115,92175,21173,89710,23650,210290,57202
310M200US22660,22660,"Fort Collins, CO Metro Area",3168975,158522,108945,12853,306480,26965,420455,38332,457290,50889,213410,36679,351000,51875,252245,49341,360170,59139,698975,144536
310M200US22900,22900,"Fort Smith, AR-OK Metro Area",2197950,125277,84240,10930,186475,24119,340350,33854,301295,41485,150605,32355,441425,63899,131435,38607,248735,52288,313395,97884
310M200US23060,23060,"Fort Wayne, IN Metro Area",3967085,144539,125955,11533,316780,26353,537025,40555,793875,50147,410895,45022,593010,58727,226120,39972,388035,57760,575385,119293
310M200US23420,23420,"Fresno, CA Metro Area",7591460,293267,207430,18634,529745,38785,1292180,77256,1220930,71922,536485,68467,1144830,101592,488955,80616,669075,94431,1501825,241617
310M200US23460,23460,"Gadsden, AL Metro Area",910905,85875,22690,6630,75280,13796,115305,19067,132070,26031,37025,13167,115820,29157,61165,26118,64415,20371,287135,83132
310M200US23540,23540,"Gainesville, FL Metro Area",2273285,120469,75310,11217,202370,27263,405125,44806,395780,47804,169985,38256,431040,70980,146225,43325,185205,56649,262250,76725
310M200US23580,23580,"Gainesville, GA Metro Area",2162805,139418,41400,7867,116490,22153,226740,37715,281085,38031,121285,30123,314430,51647,162325,45081,253275,76007,645775,124990
310M200US23900,23900,"Gettysburg, PA Metro Area",1290105,76173,30895,5134,65950,10192,121515,15839,128830,18845,60530,12381,156920,28953,95890,22509,207925,40195,421650,72983
310M200US24020,24020,"Glens Falls, NY Metro Area",1378505,105822,49110,7281,92915,15842,144315,21467,133460,26095,102845,22545,171860,31716,153650,35278,126395,29780,403965,99613
310M200US24140,24140,"Goldsboro, NC Metro Area",1039270,83332,37245,7324,106410,18366,153115,33066,167440,28001,92695,31073,157540,39890,84825,39470,84760,34501,155240,55703
310M200US24220,24220,"Grand Forks, ND-MN Metro Area",785810,45890,76400,8126,128750,16162,152995,20509,98675,18318,39450,12874,83550,19096,54395,17478,47025,15044,104580,36385
310M200US24260,24260,"Grand Island, NE Metro Area",761150,93381,53705,8494,102815,13948,111660,20279,76835,14988,47960,12682,59490,17862,54170,13572,47980,13482,206540,103159
310M200US24300,24300,"Grand Junction, CO Metro Area",1230400,114412,63520,12718,162160,22017,215285,34027,168085,33410,52875,19911,128670,33410,25525,13415,66930,33784,347350,109617
310M200US24340,24340,"Grand Rapids-Wyoming, MI Metro Area",10136515,195788,349430,19831,740980,45669,1284650,64000,1551760,94815,821560,69562,1538550,113708,945075,87558,1127955,123219,1776560,173501
310M200US24420,24420,"Grants Pass, OR Metro Area",512100,58514,26600,6267,66435,17824,53295,12579,50120,21853,17575,11668,51840,17878,83425,26014,92900,37779,69910,39357
310M200US24500,24500,"Great Falls, MT Metro Area",592340,40357,51920,8339,102145,16669,135415,23716,92180,18722,23500,8633,64020,23507,32515,14610,20970,13715,69680,29444
310M200US24540,24540,"Greeley, CO Metro Area",3027520,132313,88285,9996,146630,17689,280090,27779,297950,32842,160625,40887,452870,52938,365900,51496,516470,72587,718705,129224
310M200US24580,24580,"Green Bay, WI Metro Area",2919185,119727,124220,12942,313805,25996,460370,38604,502355,43123,183305,32850,395110,47682,251400,40327,298240,59902,390380,88507
310M200US24660,24660,"Greensboro-High Point, NC Metro Area",6940405,225025,173805,17372,632885,40835,909735,59168,1021630,62253,653680,66015,1097415,98361,608015,80509,610800,84279,1232435,219880
310M200US24780,24780,"Greenville, NC Metro Area",1412630,92085,66735,10778,178010,24779,287250,36972,187685,34729,52275,16833,260555,55179,89980,27866,113340,48113,176800,57058
310M200US24860,24860,"Greenville-Anderson-Mauldin, SC Metro Area",7734975,208316,232900,21021,585865,43116,1043785,60874,1275010,92600,623435,60553,1476605,109162,766095,93827,770110,90626,961165,139138
310M200US25060,25060,"Gulfport-Biloxi-Pascagoula, MS Metro Area",3777840,224772,122085,13419,246990,33736,450130,40462,518445,62020,163300,36958,633620,79403,295710,53463,407125,77230,940435,204898
310M200US25180,25180,"Hagerstown-Martinsburg, MD-WV Metro Area",3327435,202442,70405,10908,152140,21020,257775,29412,296485,41128,203790,37830,360210,57189,238070,61274,380375,63097,1368185,193312
310M200US25220,25220,"Hammond, LA Metro Area",1472795,150408,26435,6759,92545,17348,115015,31330,114405,29480,61425,24837,138240,39849,77035,37410,269945,74485,577750,125297
310M200US25260,25260,"Hanford-Corcoran, CA Metro Area",1086925,107926,52650,9602,116225,17835,121910,28480,111720,25742,68525,25163,141800,39251,118650,35457,133970,50806,221475,96512
310M200US25420,25420,"Harrisburg-Carlisle, PA Metro Area",5860730,218387,200385,16370,457940,31076,681580,49092,968110,71734,389495,50478,815520,79668,481135,53086,840030,95373,1026535,177531
310M200US25500,25500,"Harrisonburg, VA Metro Area",1111465,96386,63360,8980,129225,17155,158090,26758,158070,26110,94600,21684,181625,35221,66615,20086,80955,25400,178925,91263
310M200US25540,25540,"Hartford-West Hartford-East Hartford, CT Metro Area",13214365,299601,336615,21204,852065,48395,1421680,68590,1934590,106736,1020620,70291,2342290,153260,1531770,110390,1601450,122447,2173285,234165
310M200US25620,25620,"Hattiesburg, MS Metro Area",1431180,135111,57535,11507,130985,26178,185410,33233,180675,34856,67300,23560,203925,45101,121875,38511,99210,42414,384260,119221
310M200US25860,25860,"Hickory-Lenoir-Morganton, NC Metro Area",3191505,178071,102040,13671,275240,25535,422070,47973,446625,47036,180340,35220,496715,64675,218485,39108,297535,56658,752460,149897
310M200US25940,25940,"Hilton Head Island-Bluffton-Beaufort, SC Metro Area",1898935,118994,64025,11309,160385,28700,191875,34398,233820,42137,110210,35136,347925,65716,165420,46140,225235,59974,400040,114072
310M200US25980,25980,"Hinesville, GA Metro Area",808185,118506,31320,6204,69445,16261,87665,16670,87925,25745,47250,19342,60840,22890,48810,28408,114810,48294,260125,106103
310M200US26140,26140,"Homosassa Springs, FL Metro Area",1051010,123132,29610,10148,56320,15654,96275,19236,95785,25186,69750,22824,191310,46037,88460,33842,140630,46070,282870,109750
310M200US26300,26300,"Hot Springs, AR Metro Area",885325,136807,30165,8393,61395,13012,114105,23856,110230,22910,53750,21657,63000,20519,33420,16702,118170,41126,301085,134703
310M200US26380,26380,"Houma-Thibodaux, LA Metro Area",2243380,169821,66830,11718,153685,22222,231525,33672,177830,30123,115030,30605,313500,46683,212110,54463,318775,65429,654095,142579
310M200US26420,26420,"Houston-The Woodlands-Sugar Land, TX Metro Area",82596645,709731,1157155,47403,3117315,130003,5929625,196535,8103945,234578,4176135,189803,14760695,438159,8199290,358874,14565020,543347,22587465,831612
310M200US26580,26580,"Huntington-Ashland, WV-KY-OH Metro Area",3229420,161511,101490,12397,209955,20516,342085,38017,484880,49266,216930,35612,409945,55230,309070,63470,397035,71121,758035,152892
310M200US26620,26620,"Huntsville, AL Metro Area",4236200,164309,120175,15959,279295,30875,536255,52181,776970,76011,417155,68478,843990,90862,364825,61304,379290,66113,518250,144799
310M200US26820,26820,"Idaho Falls, ID Metro Area",1108740,88972,51570,7777,122810,18411,178950,24204,139355,22859,57150,22015,111450,27705,51630,19474,101555,28015,294275,83054
310M200US26900,26900,"Indianapolis-Carmel-Anderson, IN Metro Area",21601510,395461,537050,32352,1099935,58278,2024340,88961,2917730,118991,1785065,116550,3993600,182044,2910840,193432,2925850,179974,3407095,323909
310M200US26980,26980,"Iowa City, IA Metro Area",1606485,83283,75225,8447,149880,24891,258625,33280,291310,34055,122750,33379,289345,46014,143630,37922,84285,23202,191430,71429
310M200US27060,27060,"Ithaca, NY Metro Area",857685,70783,48660,8088,77040,15486,163470,22665,168690,26613,48900,15406,143850,38030,31255,15273,65870,31626,109950,59238
310M200US27100,27100,"Jackson, MI Metro Area",1448775,115160,58825,10326,103100,15795,168430,21724,180100,27914,79125,23198,174050,27649,116865,28256,223295,46174,345000,106269
310M200US27140,27140,"Jackson, MS Metro Area",5766270,215302,135155,16452,330510,28399,581825,54236,881665,67112,429365,73139,1215000,107085,418425,73759,909115,101238,865215,168673
310M200US27180,27180,"Jackson, TN Metro Area",981160,70879,38245,7783,133325,22389,171500,24170,133315,27251,53710,19613,148680,35787,61820,26407,70930,30878,169640,63835
310M200US27260,27260,"Jacksonville, FL Metro Area",15594285,417043,292610,26101,707660,46660,1296765,75669,2310970,108462,1147105,100207,3018840,159633,1502845,153302,2212630,188179,3104855,385150
310M200US27340,27340,"Jacksonville, NC Metro Area",2163865,253894,60700,9768,103660,20243,199220,35290,311540,53284,124255,37061,397230,68075,135305,42160,288735,85969,543230,226376
310M200US27500,27500,"Janesville-Beloit, WI Metro Area",1587615,89443,58415,7543,138015,16257,171615,21017,192750,28911,106025,24647,179485,31236,162705,29546,265015,45632,313590,68701
310M200US27620,27620,"Jefferson City, MO Metro Area",1307385,101724,55450,9822,123755,15221,181805,27575,183680,33074,76985,21515,202290,34554,93665,29874,158880,38372,230880,101898
310M200US27740,27740,"Johnson City, TN Metro Area",1872510,136844,75025,12526,128460,21245,232135,30364,296210,46138,182050,42670,251570,45727,175455,45613,228255,56391,303350,100807
310M200US27780,27780,"Johnstown, PA Metro Area",1295605,87570,50725,6787,109475,14756,116450,14270,167760,22201,83470,18214,159240,23835,114840,24889,175190,30184,318455,84847
310M200US27860,27860,"Jonesboro, AR Metro Area",980450,84557,50405,7229,107420,17665,175735,25469,128310,29302,59115,26079,155940,32814,40810,16452,69915,20892,192800,64526
310M200US27900,27900,"Joplin, MO Metro Area",1545420,136118,68650,9668,141235,17976,197580,25204,250920,41430,134175,24815,252130,45357,136905,35473,100720,35108,263110,122752
310M200US27980,27980,"Kahului-Wailuku-Lahaina, HI Metro Area",1603995,109069,69290,14203,152005,24498,186410,29212,180155,33776,101230,31968,270090,48966,157305,40605,274920,62512,212590,68233
310M200US28020,28020,"Kalamazoo-Portage, MI Metro Area",3073050,156730,114650,15080,259735,26762,468840,44068,491700,50255,222895,37508,414625,56405,290140,64253,267890,40380,542575,125960
310M200US28100,28100,"Kankakee, IL Metro Area",1112045,86123,41010,6655,87235,13057,117370,19099,137090,23846,36615,11868,156020,42039,72075,26059,201290,54907,263340,70359
310M200US28140,28140,"Kansas City, MO-KS Metro Area",22103065,405335,641580,28414,1389335,50619,2495975,86913,3195560,128811,1894255,111467,4332790,165260,2354740,152034,2767900,187367,3030930,286048
310M200US28420,28420,"Kennewick-Richland, WA Metro Area",2337810,125227,102530,13597,182640,23954,356875,40500,379555,57754,130675,26337,303000,49650,227830,58109,244165,50253,410540,102138
310M200US28660,28660,"Killeen-Temple, TX Metro Area",3414395,153883,166050,17824,325075,35997,570060,61572,498730,64235,224775,39133,467070,58585,273360,59435,451535,87146,437740,100496
310M200US28700,28700,"Kingsport-Bristol-Bristol, TN-VA Metro Area",2776350,153750,78800,10573,215790,24535,321405,35184,303725,30654,228040,38069,531240,66782,189365,38862,337325,63470,570660,139316
310M200US28740,28740,"Kingston, NY Metro Area",2208955,154488,53375,8523,111215,19918,158100,20503,247965,45705,133380,34169,277710,57599,204300,44802,207950,51612,814965,145340
310M200US28940,28940,"Knoxville, TN Metro Area",8174865,212570,209195,19306,560445,48774,997785,66853,1263805,78767,641980,65188,1433415,94597,799645,74963,993395,110146,1275210,142048
310M200US29020,29020,"Kokomo, IN Metro Area",749355,78197,40630,7310,83905,12571,101560,21502,78900,19646,25650,11875,46230,15627,15625,10802,124905,39347,231950,71008
310M200US29100,29100,"La Crosse-Onalaska, WI-MN Metro Area",1233870,69965,87130,11522,134990,20518,200955,28401,201960,32003,97625,24760,144990,28000,107630,31197,91255,25843,167330,53322
310M200US29180,29180,"Lafayette, LA Metro Area",5400340,252705,158370,17886,386835,42318,537990,48772,550710,64266,308875,54751,891780,97228,340500,61419,405430,65470,1819850,266079
310M200US29200,29200,"Lafayette-West Lafayette, IN Metro Area",1746785,104437,89170,11128,230090,27104,282715,37933,285890,39888,72065,18129,206740,45404,115680,35014,114685,41907,349750,87718
310M200US29340,29340,"Lake Charles, LA Metro Area",1925725,171121,66965,10510,165555,23296,296060,35268,281885,34411,159330,40329,270030,54042,55270,22936,112245,36182,518385,157215
310M200US29420,29420,"Lake Havasu City-Kingman, AZ Metro Area",1238095,179926,82585,12878,141190,22456,191635,33211,125210,29370,49620,21391,104130,35959,37240,23673,121180,39576,385300,146734
310M200US29460,29460,"Lakeland-Winter Haven, FL Metro Area",5923995,266966,118060,14118,304370,35381,648950,62356,764150,69697,388960,51987,843430,94482,608625,78219,1066860,156895,1180590,222867
310M200US29540,29540,"Lancaster, PA Metro Area",5454455,208601,180935,15149,444405,34339,572590,44442,747590,52092,405820,47964,815820,72938,558230,62499,560120,82819,1168945,165491
310M200US29620,29620,"Lansing-East Lansing, MI Metro Area",4287595,162642,179020,17123,378225,26824,674065,54072,661460,47713,356645,45246,570895,47372,340630,57762,333615,51303,793035,140420
310M200US29700,29700,"Laredo, TX Metro Area",1997655,138524,53100,9538,175575,19118,307445,33831,315425,45314,87275,18409,316080,45839,126005,31179,177080,42473,439670,137445
310M200US29740,29740,"Las Cruces, NM Metro Area",1750970,97411,74050,14698,176060,33722,282865,37164,249995,44684,96620,30399,259025,50435,137035,44299,210015,46626,265305,73280
310M200US29820,29820,"Las Vegas-Henderson-Paradise, NV Metro Area",21044860,392995,362790,23855,1043785,55756,2351675,105211,3622915,136084,2057695,129623,4884125,215023,1831130,144223,1764940,161841,3125800,277915
310M200US29940,29940,"Lawrence, KS Metro Area",1124110,91976,59235,9338,114260,19355,165460,35279,124055,29285,71600,26295,168360,43286,98665,36409,189955,52242,132515,55382
310M200US30020,30020,"Lawton, OK Metro Area",937110,55409,43830,8884,135790,17762,196755,24972,172075,27983,47825,18959,105540,24073,56700,20098,46425,17897,132170,53046
310M200US30140,30140,"Lebanon, PA Metro Area",1442810,101803,56580,8621,87500,11683,129555,18794,175010,28355,59205,13413,225720,39219,158055,32284,231560,41039,319630,101033
310M200US30300,30300,"Lewiston, ID-WA Metro Area",424645,52779,30440,6297,74075,12675,98460,18772,70000,26935,7400,6137,17670,7484,18965,11609,28320,14166,79310,40810
310M200US30340,30340,"Lewiston-Auburn, ME Metro Area",1183955,98540,36510,6806,98435,14631,101450,21136,136970,31854,61525,19801,119430,30178,115740,32958,237310,66134,276585,86350
310M200US30460,30460,"Lexington-Fayette, KY Metro Area",4728335,160283,172040,17253,397080,33166,688795,58252,783035,59528,318470,40602,863225,83469,376680,59336,471820,58834,657195,124367
310M200US30620,30620,"Lima, OH Metro Area",853230,64617,55535,9341,87255,13815,156815,30256,143115,23770,62725,18860,87730,22399,64760,26730,43060,17030,152235,53439
310M200US30700,30700,"Lincoln, NE Metro Area",3006225,118016,126405,12572,357565,32943,554135,45202,613250,45742,201890,29699,508305,62991,115765,26184,225260,49395,303650,85670
310M200US30780,30780,"Little Rock-North Little Rock-Conway, AR Metro Area",7324240,228262,186035,16829,529435,46955,848810,83800,1271660,77788,478105,54895,1337970,114427,680985,104236,914910,138471,1076325,167244
310M200US30860,30860,"Logan, UT-ID Metro Area",975580,55227,72605,10528,129660,15004,186200,22646,111065,25385,44275,16112,98730,20142,70945,24680,73955,21315,188140,46514
310M200US30980,30980,"Longview, TX Metro Area",1906645,112312,80195,11357,139935,20308,225635,29156,314280,41550,129820,32887,316920,53732,164140,41895,204115,57814,331605,86420
310M200US31020,31020,"Longview, WA Metro Area",903385,83716,34185,7179,75015,16282,115875,21506,89690,24327,63100,18708,70110,27344,103540,37716,81830,30355,270040,78528
310M200US31080,31080,"Los Angeles-Long Beach-Anaheim, CA Metro Area",165220050,1197583,2214680,63449,6707815,142954,12214395,219377,16831185,308584,8018665,274484,29379255,469627,16028200,395615,24403595,550201,49422265,1155593
310M200US31140,31140,"Louisville/Jefferson County, KY-IN Metro Area",13369940,290154,301620,24690,764245,43028,1494995,85148,2190505,113795,1327330,82170,2578430,121838,1373415,118637,1455105,128662,1884295,214116
310M200US31180,31180,"Lubbock, TX Metro Area",2321880,106966,148695,15142,384480,31901,544845,51910,358330,46807,102425,27538,221885,47197,71320,26976,170455,41721,319440,75316
310M200US31340,31340,"Lynchburg, VA Metro Area",2594620,150494,76105,10946,200040,20838,307005,34978,273115,39404,156900,35237,489780,59796,279270,55913,299755,66405,512655,130100
310M200US31420,31420,"Macon, GA Metro Area",1763280,105340,57060,7552,117620,15642,251790,31617,289695,41784,103195,24347,386035,60589,147800,39943,175550,52810,234535,75299
310M200US31460,31460,"Madera, CA Metro Area",950155,110313,19820,5346,93350,20546,80310,21011,82740,19509,30775,13757,198630,42511,92965,30489,105680,47622,245885,87655
310M200US31540,31540,"Madison, WI Metro Area",7076715,220377,257935,17209,494245,36372,885610,54066,1104470,66341,670510,63838,1137855,81794,736250,71783,747235,80852,1042600,175975
310M200US31700,31700,"Manchester-Nashua, NH Metro Area",5245760,217737,123095,15317,268580,24695,429405,38735,548920,52289,355660,54364,655565,69856,532795,74939,746035,89426,1585700,194161
310M200US31740,31740,"Manhattan, KS Metro Area",753960,62961,54320,8318,115375,20645,161175,23970,98885,23304,42250,13102,104280,27817,52525,22726,51010,22985,74140,35289
310M200US31860,31860,"Mankato-North Mankato, MN Metro Area",835425,55054,65310,8477,130860,13877,149810,22307,123625,20722,48125,12407,91150,19690,44780,14381,50095,19235,131680,56249
310M200US31900,31900,"Mansfield, OH Metro Area",992795,88592,41805,8732,91800,16855,134500,19562,150360,29045,80400,23365,124860,33426,54005,23350,72620,32089,242445,84532
310M200US32580,32580,"McAllen-Edinburg-Mission, TX Metro Area",6072935,277781,172445,19672,486980,39375,891865,71305,1068960,81681,487820,63124,1160070,116845,309730,62770,305580,66399,1189490,269649
310M200US32780,32780,"Medford, OR Metro Area",1532200,113935,66555,8843,187170,22421,268445,40300,191815,30973,92060,26520,250145,50044,89150,39178,119980,44408,266875,97415
310M200US32820,32820,"Memphis, TN-MS-AR Metro Area",14025070,326893,316975,21254,773945,50705,1381490,63040,2082510,117411,1139955,88551,3118325,169874,1315470,140083,1957470,166625,1938930,249665
310M200US32900,32900,"Merced, CA Metro Area",2352530,196007,69810,10257,163015,22632,195665,38939,259420,44558,69620,22383,185910,31614,126915,36838,147730,43895,1134450,198191
310M200US33100,33100,"Miami-Fort Lauderdale-West Palm Beach, FL Metro Area",69561150,831466,903030,48119,2811410,91765,5281085,161156,8182765,210361,4242900,202570,14359035,422365,7856550,375065,10532835,365569,15391550,782781
310M200US33140,33140,"Michigan City-La Porte, IN Metro Area",1003310,64072,52955,9344,73995,13290,91390,18205,126685,22572,84375,25917,107815,22278,124255,33022,143395,41362,198440,48065
310M200US33220,33220,"Midland, MI Metro Area",694625,49763,25900,5628,72350,13024,95970,17102,91190,23867,55925,15154,117875,22393,51795,17160,105365,24441,78260,33439
310M200US33260,33260,"Midland, TX Metro Area",1566725,129901,63915,14806,156810,23635,280850,39344,225190,43955,82625,31511,233010,44507,64130,28472,58980,25778,401215,133707
310M200US33340,33340,"Milwaukee-Waukesha-West Allis, WI Metro Area",17135390,322285,448835,21365,1053595,43658,1936795,85862,2635980,100654,1450665,88210,2953410,128824,1841405,119971,1853125,147634,2961580,255597
310M200US33460,33460,"Minneapolis-St. Paul-Bloomington, MN-WI Metro Area",43315485,434272,929050,28978,2256360,80670,3994940,125802,5653655,181174,3629750,141654,7615460,243670,5199555,240746,6566835,223895,7469875,386761
310M200US33540,33540,"Missoula, MT Metro Area",901555,70397,55510,8701,134220,19828,199375,38325,125040,24541,50515,14984,100140,35393,43535,20950,71715,32303,121505,61762
310M200US33660,33660,"Mobile, AL Metro Area",3851145,172380,83315,13697,240845,34507,400755,42797,568280,57750,288805,56367,922585,99207,307820,55080,388680,70853,650060,145340
310M200US33700,33700,"Modesto, CA Metro Area",5312200,247058,151635,16357,339205,32825,476360,51760,550345,56847,244635,39002,630130,86086,371130,74086,517095,91642,2031670,218004
310M200US33740,33740,"Monroe, LA Metro Area",1435560,111501,54880,9525,164605,23870,215330,27760,171985,27640,63205,22077,295340,49380,58600,28786,143070,36842,268545,101830
310M200US33780,33780,"Monroe, MI Metro Area",1562715,74051,48235,9038,96510,13499,149630,19819,148985,23772,119950,28995,225330,36534,160725,33402,302965,46846,310385,63113
310M200US33860,33860,"Montgomery, AL Metro Area",3421820,172469,98225,14847,217810,24817,496765,39394,546985,48922,272200,37119,668970,80794,283445,52164,351295,72059,486125,144358
310M200US34060,34060,"Morgantown, WV Metro Area",1397460,84373,38485,7286,95305,14767,165255,25618,261060,34673,107825,33757,157350,28719,112485,31040,140270,33641,319425,85770
310M200US34100,34100,"Morristown, TN Metro Area",1078680,93877,27280,6138,74670,17619,136550,26333,131760,26706,73760,24727,121680,36109,143185,40885,172800,44031,196995,74540
310M200US34580,34580,"Mount Vernon-Anacortes, WA Metro Area",1159700,76373,39560,6295,87870,19487,135575,26879,129965,21252,44830,13110,156890,28497,117415,39195,130715,37568,316885,61263
310M200US34620,34620,"Muncie, IN Metro Area",1027090,92148,50415,7728,107895,15736,146675,21924,120215,21828,51040,20245,149130,38084,74150,26619,92670,29192,234895,73976
310M200US34740,34740,"Muskegon, MI Metro Area",1392940,91756,53135,7618,131680,17254,219260,25757,221835,29305,94090,22072,141940,23232,107265,28655,187660,42639,236080,53484
310M200US34820,34820,"Myrtle Beach-Conway-North Myrtle Beach, SC-NC Metro Area",3659685,154249,98525,15111,275485,28256,464680,50501,524290,55701,272960,47785,737285,84428,227960,41562,430915,62499,627585,124106
310M200US34900,34900,"Napa, CA Metro Area",1476175,87540,54720,8393,160055,20372,138720,24870,131615,26929,88930,24473,182670,39117,114465,39663,159375,43309,445625,82054
310M200US34940,34940,"Naples-Immokalee-Marco Island, FL Metro Area",3015300,199485,76340,12093,188745,31744,333900,47665,410910,56955,179425,41610,524640,90876,303695,69651,378910,84164,618735,195010
310M200US34980,34980,"Nashville-Davidson--Murfreesboro--Franklin, TN Metro Area",21491740,382134,364170,28460,1025235,56591,1904665,104584,2696670,110783,1396535,102718,3913105,176000,2258355,152067,3440935,222895,4492075,342611
310M200US35100,35100,"New Bern, NC Metro Area",1259360,124004,59935,9009,69170,14256,118885,22719,116770,21036,84880,25132,159205,32541,139715,41988,160400,42775,350400,118634
310M200US35300,35300,"New Haven-Milford, CT Metro Area",9362840,243292,228820,21100,660245,44387,989005,70926,1380290,93641,620760,71870,1479740,112045,924710,113148,1165815,133051,1913455,232030
310M200US35380,35380,"New Orleans-Metairie, LA Metro Area",14188185,446528,272610,18046,799665,43028,1299350,66258,1763315,98532,840060,68387,2601490,140281,1086210,111837,1727355,141373,3798130,412352
310M200US35620,35620,"New York-Newark-Jersey City, NY-NJ-PA Metro Area",315240355,1721640,3228910,70059,8274320,163141,14033175,231423,20275580,334724,11350160,300624,39579140,681458,29991165,632840,51158275,834847,137349630,1689373
310M200US35660,35660,"Niles-Benton Harbor, MI Metro Area",1216020,69894,63740,8323,141275,16685,162575,17432,214700,25837,118720,24295,140495,24069,126625,29204,78320,25300,169565,45231
310M200US35840,35840,"North Port-Sarasota-Bradenton, FL Metro Area",6141225,214872,127015,13836,380235,39697,671825,56983,1215005,96126,437005,56544,1189995,131607,436085,76207,835800,135572,848270,178154
310M200US35980,35980,"Norwich-New London, CT Metro Area",3099390,148755,90345,9706,235025,28134,300730,34084,469675,52003,242525,41204,417660,60229,332300,57448,287700,55447,723430,137314
310M200US36100,36100,"Ocala, FL Metro Area",2587825,166111,49530,9814,138980,22196,289990,39330,355855,57269,207425,44845,496200,81809,278390,76141,300940,62218,470515,131118
310M200US36140,36140,"Ocean City, NJ Metro Area",979620,97819,33365,5586,51135,11281,130935,25353,119445,22446,47425,15044,88620,25338,100780,31788,102455,37904,305465,84718
310M200US36220,36220,"Odessa, TX Metro Area",1462440,112029,50495,9469,134870,19748,222635,32391,226890,37108,74090,22933,244950,42921,87685,28930,95200,33853,325630,99642
310M200US36260,36260,"Ogden-Clearfield, UT Metro Area",5927705,201967,227550,16691,438900,37087,740495,54010,908400,71917,434665,47917,871645,76533,436400,56499,733470,81313,1136180,186693
310M200US36420,36420,"Oklahoma City, OK Metro Area",13555680,225967,410360,25015,940425,48360,1530910,70651,2333195,101475,1092925,93112,2506770,126722,1120765,94288,1246280,102757,2374045,242912
310M200US36500,36500,"Olympia-Tumwater, WA Metro Area",2763490,114811,79540,11221,167710,26565,246240,28675,401855,54859,204860,40422,359215,55262,263920,66772,422290,62273,617865,103496
310M200US36540,36540,"Omaha-Council Bluffs, NE-IA Metro Area",8987965,179760,308025,19419,767465,38510,1355205,55960,1678320,89024,859760,65128,1626180,85713,699075,71280,702765,82195,991170,138030
310M200US36740,36740,"Orlando-Kissimmee-Sanford, FL Metro Area",26872095,574033,328015,22258,1264830,76639,2256075,110183,3129250,191391,1862185,147596,5535765,278592,3184030,230425,4127650,308887,5184300,479601
310M200US36780,36780,"Oshkosh-Neenah, WI Metro Area",1462050,79990,84190,8743,200835,21356,255265,25070,236380,29609,131345,31202,193980,39719,104320,36529,103065,35140,152670,59016
310M200US36980,36980,"Owensboro, KY Metro Area",955145,87314,57540,9556,119415,18037,136195,22462,97320,24463,64970,18115,118800,25776,74755,23993,98780,31873,187370,74641
310M200US37100,37100,"Oxnard-Thousand Oaks-Ventura, CA Metro Area",9599245,244048,227770,20569,619870,39657,849905,60161,1197110,99160,527440,75334,1543300,119275,795030,88953,1162955,104795,2675860,239361
310M200US37340,37340,"Palm Bay-Melbourne-Titusville, FL Metro Area",5051975,226171,133870,14219,295645,30222,583360,52795,792575,69153,334790,52832,913320,108516,391135,72439,599715,102952,1007570,191094
310M200US37460,37460,"Panama City, FL Metro Area",1772915,118431,56815,8915,147120,20239,220405,33127,219530,35925,144820,46046,398320,66153,109090,31448,242165,66173,234655,72365
310M200US37620,37620,"Parkersburg-Vienna, WV Metro Area",855675,80880,24760,5311,63655,11160,113430,16435,142935,26306,37260,14953,127560,37933,39145,20758,88085,28994,218840,75119
310M200US37860,37860,"Pensacola-Ferry Pass-Brent, FL Metro Area",4460230,236138,85500,12043,301450,33807,560495,51377,636755,54877,323170,47040,741785,82687,334750,58821,598465,102814,877870,209090
310M200US37900,37900,"Peoria, IL Metro Area",3545355,142202,122345,11046,283775,28935,518730,43943,611205,46215,294310,39133,573100,59856,316700,38454,234225,37872,590975,107967
310M200US37980,37980,"Philadelphia-Camden-Wilmington, PA-NJ-DE-MD Metro Area",76840790,733891,1276480,39542,3161890,104962,5554760,147892,7680680,226130,4208555,148879,12169880,328768,8550580,303459,12874055,334660,21363910,651971
310M200US38060,38060,"Phoenix-Mesa-Scottsdale, AZ Metro Area",46139300,525491,884730,37155,2302215,83626,3939300,140594,5778195,187502,3420950,162444,8707150,263417,5257185,208523,7385460,293545,8464115,419474
310M200US38220,38220,"Pine Bluff, AR Metro Area",751665,72892,16195,3795,58635,9977,139595,19937,103920,20883,35725,13094,89720,22401,78260,38325,92200,30236,137415,54799
310M200US38300,38300,"Pittsburgh, PA Metro Area",28094380,356615,648440,30061,1444975,47473,2354365,80283,3176475,120733,1816425,107561,4519790,173143,3320745,157743,4570850,183505,6242315,336226
310M200US38340,38340,"Pittsfield, MA Metro Area",1204790,87269,72320,8990,102015,15698,138360,24448,162030,29466,78095,16635,162005,33866,69830,25455,100975,25854,319160,82545
310M200US38540,38540,"Pocatello, ID Metro Area",630470,68892,52335,7412,93330,12684,108440,19518,58185,15730,17205,10913,42690,17530,22380,15989,68140,27740,167760,60997
310M200US38860,38860,"Portland-South Portland, ME Metro Area",5929160,196774,155655,13624,413400,30631,570960,54902,773995,59229,448250,54419,888510,87561,572970,71569,840805,114020,1264615,172986
310M200US38900,38900,"Portland-Vancouver-Hillsboro, OR-WA Metro Area",26315595,437225,595915,31558,1377090,66456,2478335,115626,3244410,125421,1849770,114732,4344710,203260,2744400,176235,3873945,196267,5807025,364122
310M200US38940,38940,"Port St. Lucie, FL Metro Area",4219310,260720,81645,12565,206940,31866,417890,51748,445310,66653,218690,41491,764110,94844,377285,76206,523325,86753,1184120,278812
310M200US39140,39140,"Prescott, AZ Metro Area",1804170,185200,78925,11027,127060,26548,182615,28514,200960,51414,124760,33619,273210,58248,76865,29922,138820,45041,600955,201049
310M200US39300,39300,"Providence-Warwick, RI-MA Metro Area",18534695,395526,459305,26798,1088930,55781,1951605,107603,2311905,116480,1236305,102459,2549470,120414,1810880,112572,2335870,154430,4790425,357074
310M200US39340,39340,"Provo-Orem, UT Metro Area",4620750,177032,204420,16419,371990,30304,625460,50123,689175,54318,322805,44184,617675,60407,414065,47358,559435,66285,815735,154420
310M200US39380,39380,"Pueblo, CO Metro Area",1237865,102838,51725,9666,127625,18823,191895,21825,163155,26169,54270,14756,140670,30119,84965,28490,189935,44450,233630,94328
310M200US39460,39460,"Punta Gorda, FL Metro Area",1138895,106726,35920,6983,75590,14236,146445,23028,119760,28968,75540,28106,187680,42614,109005,30209,191750,57409,197210,67616
310M200US39540,39540,"Racine, WI Metro Area",2053020,124812,61750,10039,142920,18361,210425,28530,271475,39237,112260,27800,262595,41596,228000,46585,281570,49725,482020,121714
310M200US39580,39580,"Raleigh, NC Metro Area",14319710,326893,287010,24927,648165,50595,1416795,87490,1929555,104658,1181405,101466,2692830,167472,1628820,129223,1815755,177650,2719370,302954
310M200US39660,39660,"Rapid City, SD Metro Area",1210530,72784,63305,10486,148490,20589,244465,29072,193975,31159,70345,22626,172110,40618,101970,36244,55515,26697,160355,55467
310M200US39740,39740,"Reading, PA Metro Area",4753155,197812,133235,12254,306935,29275,458845,39920,560740,45561,296750,43833,522595,64893,393205,55414,646885,98804,1433970,177986
310M200US39820,39820,"Redding, CA Metro Area",1226625,101219,55550,9060,165445,19651,211445,29716,181980,29222,57540,18585,106755,26096,34310,14447,90690,31506,322910,90436
310M200US39900,39900,"Reno, NV Metro Area",4287385,162474,135155,15433,354055,38618,659105,48892,791620,66750,292070,48829,657660,82270,238165,45409,291680,59703,867875,155510
310M200US40060,40060,"Richmond, VA Metro Area",14309520,401644,269070,21621,777785,55377,1495285,84196,2058635,131277,1236925,97543,2650470,151854,1360905,125577,1597550,124895,2862895,358100
310M200US40140,40140,"Riverside-San Bernardino-Ontario, CA Metro Area",50683545,777384,821765,31918,2023195,89954,3505250,153378,4228440,176889,2220575,136437,6329835,263951,3969435,213479,6630800,306033,20954250,782795
310M200US40220,40220,"Roanoke, VA Metro Area",3094550,146564,100985,13154,241700,26667,429330,39918,475030,48241,208900,34228,448700,58844,234055,43479,370035,74746,585815,123307
310M200US40340,40340,"Rochester, MN Metro Area",2037920,75400,99285,10429,222595,20246,340340,30310,267200,27134,153165,22778,294525,39172,128390,21890,190190,34718,342235,69979
310M200US40380,40380,"Rochester, NY Metro Area",10122045,253571,375810,20848,803105,46204,1328705,82821,1846785,96563,896600,70904,1566215,105095,924615,97549,880515,79853,1499700,226436
310M200US40420,40420,"Rockford, IL Metro Area",3192905,133997,128240,13320,273705,24337,423545,41808,446490,47100,251200,36321,396440,53400,242110,45400,293195,72360,737990,107218
310M200US40580,40580,"Rocky Mount, NC Metro Area",1342455,92402,47940,8651,105470,16545,159850,26144,206120,37727,131450,35442,186955,37833,103430,30016,161855,46180,239390,73783
310M200US40660,40660,"Rome, GA Metro Area",762540,76617,27725,7240,63520,14367,136850,28630,103040,27900,53550,18221,105780,32529,19460,10946,55350,25977,197265,68251
310M200US40900,40900,"Sacramento--Roseville--Arden-Arcade, CA Metro Area",22731415,480308,523635,33158,1286920,57628,2016630,98880,2691475,129469,1635460,119093,3790145,180279,2221240,144244,2963900,194120,5602010,430038
310M200US40980,40980,"Saginaw, MI Metro Area",1647985,85213,72440,11392,155845,18060,209465,26935,229735,29368,116780,24608,258585,38571,119700,23221,127700,29717,357730,79138
310M200US41060,41060,"St. Cloud, MN Metro Area",1997430,101203,106515,10917,192300,20216,272135,31949,252105,28125,122160,19894,233170,37389,163600,20986,169885,39030,485555,89597
310M200US41100,41100,"St. George, UT Metro Area",969380,79753,62690,10065,132205,20928,160050,30276,163065,36488,62200,23442,112460,33910,30830,14910,54460,33451,191420,67392
310M200US41140,41140,"St. Joseph, MO-KS Metro Area",1054065,76660,43020,7382,151235,20197,187070,23701,142350,23836,62645,16241,85605,24533,55890,22038,103970,37779,222285,60834
310M200US41180,41180,"St. Louis, MO-IL Metro Area",32111500,389772,642835,28403,1705960,60024,2923485,117390,4182085,142446,2487325,126772,5874835,202336,3964150,193792,4907125,237640,5423710,345577
310M200US41420,41420,"Salem, OR Metro Area",3550620,186592,154065,15801,217640,27683,458660,34479,597880,68045,243055,49294,440700,63942,268615,58997,366470,73882,803535,158839
310M200US41500,41500,"Salinas, CA Metro Area",3762475,206268,95750,13586,265165,27198,497260,56507,589300,67547,237875,56380,757500,83986,290780,53756,318705,69905,710135,184893
310M200US41540,41540,"Salisbury, MD-DE Metro Area",3556650,146912,139010,15604,253345,26438,391665,42682,447045,51539,227140,37821,531170,72754,356410,57643,504010,84988,706855,129725
310M200US41620,41620,"Salt Lake City, UT Metro Area",11646035,246854,296060,22029,782520,48056,1396090,74713,2035855,119298,1005515,85486,2460060,129825,1010915,97183,1164595,114519,1494430,210674
310M200US41660,41660,"San Angelo, TX Metro Area",960410,85313,55910,10887,154035,17601,209660,25381,101900,27709,27245,10198,98160,40463,51620,41205,39440,25229,222440,82719
310M200US41700,41700,"San Antonio-New Braunfels, TX Metro Area",24814115,490171,510525,31553,1281670,66522,2527855,122282,3488900,127606,1910200,129207,4452255,179338,2345150,157735,3315400,231120,4982150,393360
310M200US41740,41740,"San Diego-Carlsbad, CA Metro Area",34427745,502676,612425,36728,1900535,87279,3727590,123783,4975450,162299,2849485,131919,6230725,251504,3291655,161236,4263735,272526,6576145,475190
310M200US41860,41860,"San Francisco-Oakland-Hayward, CA Metro Area",63752430,701416,738455,34142,2327825,74403,4074455,139483,5475625,181312,2907500,112116,9740095,284564,6667035,270402,10797465,367101,21023980,647932
310M200US41940,41940,"San Jose-Sunnyvale-Santa Clara, CA Metro Area",23259150,391543,334925,21410,1021195,58400,2175970,86654,3389110,138497,1599455,92136,4235360,173449,2245120,133098,3049060,197296,5208950,355217
310M200US42020,42020,"San Luis Obispo-Paso Robles-Arroyo Grande, CA Metro Area",2454985,141553,122950,19528,232305,30345,277350,43021,346980,50893,128415,32634,538600,76696,253470,51295,150345,45355,404565,123075
310M200US42100,42100,"Santa Cruz-Watsonville, CA Metro Area",3023780,151930,65940,13217,196325,23216,332715,47918,310445,44316,107600,33633,413345,65379,290675,46298,543680,67664,763055,123944
310M200US42140,42140,"Santa Fe, NM Metro Area",1392795,87709,43530,6409,108045,15123,169020,19538,183010,28315,85850,21322,208595,39132,108015,29064,193740,45549,292995,69957
310M200US42200,42200,"Santa Maria-Santa Barbara, CA Metro Area",3714395,183008,220150,23151,410875,34541,590650,55741,474430,49606,168985,38703,585640,90648,210475,50719,264760,53378,788430,181846
310M200US42220,42220,"Santa Rosa, CA Metro Area",5322770,230256,174365,16029,382850,27899,585360,50637,636735,59209,284935,37498,682860,70982,355760,55297,585060,84486,1634850,195004
310M200US42340,42340,"Savannah, GA Metro Area",3578440,131690,84590,12020,220860,26782,384245,45270,568795,48904,349090,60651,766510,127430,362355,72686,436800,69487,405195,81048
310M200US42540,42540,"Scranton--Wilkes-Barre--Hazleton, PA Metro Area",5204555,174797,208230,15924,422370,31579,636820,42663,857290,64317,377860,41419,782595,70779,392585,50840,522085,70862,1004720,150573
310M200US42660,42660,"Seattle-Tacoma-Bellevue, WA Metro Area",48063045,611153,707570,41959,1860175,72756,3558785,146094,5189065,167171,2964000,152311,7929110,257789,5618770,221903,8019110,272772,12216455,589110
310M200US42680,42680,"Sebastian-Vero Beach, FL Metro Area",1106475,104866,34105,6832,92975,17609,130080,25759,169890,31582,82125,19939,168960,34614,100165,35559,127550,37145,200625,88157
310M200US42700,42700,"Sebring, FL Metro Area",607010,80415,30685,6839,51675,11450,102855,19309,65695,20206,22250,10508,106890,41815,23985,15706,61855,28286,141125,64255
310M200US43100,43100,"Sheboygan, WI Metro Area",1008680,59187,59975,7597,139075,17358,172780,24646,142020,20357,55500,11782,80650,20079,62855,19862,133900,28729,161930,42882
310M200US43300,43300,"Sherman-Denison, TX Metro Area",1198165,107041,32510,6416,105285,20602,145855,24676,123595,20374,46730,14982,154800,41045,52455,20434,132475,36788,404460,94444
310M200US43340,43340,"Shreveport-Bossier City, LA Metro Area",4044130,185738,101950,11253,338860,32157,654480,52785,790220,81297,236740,50817,631160,82107,242555,49091,415800,86977,632365,146296
310M200US43420,43420,"Sierra Vista-Douglas, AZ Metro Area",847410,64143,53100,9242,76235,15512,112635,24898,154965,32582,65310,28269,108630,30275,50020,16884,78375,29370,148145,46000
310M200US43580,43580,"Sioux City, IA-NE-SD Metro Area",1399965,83279,104560,12640,159125,20832,227725,23230,222560,32637,87680,18874,180030,37124,84380,19668,111665,29841,222245,65060
310M200US43620,43620,"Sioux Falls, SD Metro Area",2426750,108472,113940,11399,261915,28540,463170,41396,501375,42520,156415,22482,271450,45080,110935,24720,125110,26128,422440,95711
310M200US43780,43780,"South Bend-Mishawaka, IN-MI Metro Area",2943365,110434,93410,12747,248515,24500,359905,33211,452175,44427,296875,40688,464075,59391,244875,45350,312925,62200,470620,82510
310M200US43900,43900,"Spartanburg, SC Metro Area",3101220,137539,96625,12896,183835,24763,371690,35073,488165,55546,240210,42787,560875,74188,306305,59226,279840,58512,573675,115726
310M200US44060,44060,"Spokane-Spokane Valley, WA Metro Area",4710295,186184,170480,17156,341930,28155,618645,42520,700030,72936,370850,51504,779675,85286,416200,71138,489545,68528,822940,152630
310M200US44100,44100,"Springfield, IL Metro Area",1852450,85296,87000,10254,176370,20390,327750,30087,313290,33345,176095,31558,254940,34870,153955,45208,129810,33792,233240,72550
310M200US44140,44140,"Springfield, MA Metro Area",6211800,211149,198050,12836,448780,35181,637175,56317,910860,68875,518060,67925,1031220,86716,581290,63340,771495,91656,1114870,153700
310M200US44180,44180,"Springfield, MO Metro Area",4376680,183528,150180,15847,314730,26317,516130,47154,656100,63291,321910,49474,801590,83577,406750,73349,451515,73901,757785,156470
310M200US44220,44220,"Springfield, OH Metro Area",1282935,90770,45235,7518,118860,16843,159580,26727,138275,23629,107945,25732,151480,24468,141570,39299,166160,40674,253835,77720
310M200US44300,44300,"State College, PA Metro Area",1424395,97616,52665,9977,147910,24243,202450,32912,226690,34742,88190,15678,206190,38120,111085,25069,135820,34790,253390,97610
310M200US44420,44420,"Staunton-Waynesboro, VA Metro Area",1085955,109415,36600,7034,107970,18592,142365,30223,158875,32200,59450,21107,184170,42106,155955,37472,71410,28845,169165,76929
310M200US44700,44700,"Stockton-Lodi, CA Metro Area",8110725,307093,163155,14814,419190,34893,574880,47358,705360,64317,286050,42856,760000,93542,385610,70347,816005,101463,4000480,346003
310M200US44940,44940,"Sumter, SC Metro Area",931750,86653,35635,7777,93115,19037,150150,22985,120600,29165,44220,17512,138660,33242,17775,11270,83945,31091,247650,82160
310M200US45060,45060,"Syracuse, NY Metro Area",6141390,177624,227175,18091,501670,35366,783540,52837,989195,62516,546330,55222,1013785,83348,501695,57908,550975,75856,1027025,134620
310M200US45220,45220,"Tallahassee, FL Metro Area",3593285,141640,110465,12421,258740,28814,437075,46387,651380,65933,268345,43955,665630,77762,360850,62290,347165,75219,493640,102454
310M200US45300,45300,"Tampa-St. Petersburg-Clearwater, FL Metro Area",31356265,458860,645580,28225,1507665,56741,2690115,103946,3946375,152574,2009030,118010,5324405,183510,3404525,194950,5098435,279507,6730135,421316
310M200US45460,45460,"Terre Haute, IN Metro Area",1446655,95390,57885,8448,101170,15463,193580,26282,243235,29617,88050,20049,202665,37693,132450,34670,101870,32628,325750,79459
310M200US45500,45500,"Texarkana, TX-AR Metro Area",1054060,77509,51425,8102,135790,24104,185525,26233,200810,32937,63575,27882,144785,31076,75750,25444,79605,38152,116790,49875
310M200US45540,45540,"The Villages, FL Metro Area",450510,59789,14260,6269,11350,4512,76880,20438,49400,21518,22095,10419,61170,20748,50275,21757,71465,31797,93615,54080
310M200US45780,45780,"Toledo, OH Metro Area",5378025,177783,235040,17410,455680,31734,704485,44625,1000085,64759,458020,48694,830470,73997,386315,60166,416350,57813,891585,129759
310M200US45820,45820,"Topeka, KS Metro Area",2213890,125574,90750,10924,202265,21899,320300,30060,304500,35657,128190,23361,289090,48269,146040,32131,184495,42834,548260,114422
310M200US45940,45940,"Trenton, NJ Metro Area",4609940,199042,92150,11868,255105,21937,452250,42931,526910,54877,215775,40727,545645,70102,325850,55119,520070,82494,1676185,195075
310M200US46060,46060,"Tucson, AZ Metro Area",9840495,251547,197670,18292,557695,39167,1006375,73457,1347005,73701,801450,68179,1858840,142235,1082375,102218,1354030,132239,1635060,193505
310M200US46140,46140,"Tulsa, OK Metro Area",8949620,169497,300535,16553,690390,27464,1245655,54311,1517410,57163,717165,62586,1748755,90879,640435,59742,874295,78465,1214985,129317
310M200US46220,46220,"Tuscaloosa, AL Metro Area",2169050,127605,48615,8346,146590,20425,316335,39534,362920,54236,174075,39341,334650,61169,118660,28751,294300,84851,372905,108667
310M200US46340,46340,"Tyler, TX Metro Area",2253545,212162,74245,11690,154290,24914,260320,36542,253120,40792,106900,31000,411280,70791,131465,52883,145680,45198,716250,206451
310M200US46520,46520,"Urban Honolulu, HI Metro Area",12952665,289972,227200,17352,535185,39587,947555,63332,1316740,79231,658430,58935,2622625,111610,1034105,88602,2210230,151271,3400600,285490
310M200US46540,46540,"Utica-Rome, NY Metro Area",2402130,105599,128240,12358,254635,22718,304785,34394,358970,37952,163665,22944,322400,41683,209850,35939,256950,39648,402640,80477
310M200US46660,46660,"Valdosta, GA Metro Area",1096745,88592,56205,12740,106405,16681,212600,29526,200615,34597,57865,19294,155940,30309,47935,18577,74015,32505,185170,63203
310M200US46700,46700,"Vallejo-Fairfield, CA Metro Area",5448120,197499,111125,13012,269940,30377,390125,40351,375670,46135,156990,23883,612995,77851,438110,61649,829900,101693,2263270,200510
310M200US47020,47020,"Victoria, TX Metro Area",830785,81216,45180,7504,94120,16031,134030,21441,97570,22224,41750,16483,94470,25002,49895,18420,92725,36798,181045,65122
310M200US47220,47220,"Vineland-Bridgeton, NJ Metro Area",1194860,95372,47040,8352,99990,20501,185250,25520,118365,22439,66090,17167,150930,27772,158630,42062,151975,38606,216590,77225
310M200US47260,47260,"Virginia Beach-Norfolk-Newport News, VA-NC Metro Area",19373405,338724,443815,25853,1183495,59706,2183660,101794,2760720,128757,1536515,115332,3310555,171991,1772765,143219,2663065,170393,3518820,350459
310M200US47300,47300,"Visalia-Porterville, CA Metro Area",3322365,176482,146470,16097,310820,30733,413465,41056,414015,45084,190050,37507,432330,50316,345000,71025,379595,66412,690620,150253
310M200US47380,47380,"Waco, TX Metro Area",2118505,142433,91070,12308,253800,26047,386970,41939,373425,46639,130495,29039,319595,49509,66300,22555,150315,43222,346535,107411
310M200US47460,47460,"Walla Walla, WA Metro Area",329405,31484,37685,7104,66950,10915,77895,24457,41300,13321,7950,5461,38700,18443,7905,5657,25430,15996,25595,17741
310M200US47580,47580,"Warner Robins, GA Metro Area",1584375,112033,55725,11358,120630,22904,229515,41421,287920,39318,140325,39440,285090,61429,94885,34452,146510,55128,223770,81758
310M200US47900,47900,"Washington-Arlington-Alexandria, DC-VA-MD-WV Metro Area",100803545,871681,877170,32646,2531870,83826,5128835,136343,7178375,189526,4434680,166378,14171660,361831,11119800,339298,18836115,441243,36525040,896107
310M200US47940,47940,"Waterloo-Cedar Falls, IA Metro Area",1335815,81623,107200,12236,212465,19346,228340,25620,192305,27906,104270,19677,152640,24908,63395,16421,60600,15609,214605,73473
310M200US48060,48060,"Watertown-Fort Drum, NY Metro Area",926590,70547,59575,9815,97385,15346,124480,17920,125580,20656,113460,29485,126225,32061,81205,27661,90120,29806,108560,42837
310M200US48140,48140,"Wausau, WI Metro Area",1278665,81573,63110,8077,132440,18298,211880,23722,207450,25445,108785,16869,147280,21585,83520,18217,106120,32555,218080,73612
310M200US48260,48260,"Weirton-Steubenville, WV-OH Metro Area",1237665,78922,48625,8134,65375,9354,115785,18326,142855,25915,53450,14224,161880,30094,103340,27314,235350,53622,311010,66959
310M200US48300,48300,"Wenatchee, WA Metro Area",915415,91292,48725,9217,113195,19825,148390,29898,123815,26687,32415,13336,107010,35370,55170,22108,106570,39811,180120,69839
310M200US48540,48540,"Wheeling, WV-OH Metro Area",1336635,92308,54190,7756,116100,16373,172320,22417,192080,26502,75930,24346,143965,34194,121345,36526,214480,47001,246225,65335
310M200US48620,48620,"Wichita, KS Metro Area",5477435,164586,249370,16164,537050,38867,820655,47350,1086060,71058,481685,52733,906690,76365,428120,59607,413590,85038,554205,112595
310M200US48660,48660,"Wichita Falls, TX Metro Area",1048395,75811,87085,10322,181075,18301,211265,27277,136145,23885,58425,16581,96150,24057,30960,13240,41815,28728,205475,77219
310M200US48700,48700,"Williamsport, PA Metro Area",1006090,74800,50005,7742,94635,14308,145810,22405,137980,19799,88455,17360,117585,19678,85495,25916,81320,22730,204800,59770
310M200US48900,48900,"Wilmington, NC Metro Area",2693870,179757,80875,13017,217490,24040,363555,39904,384280,47610,213455,41557,435075,67640,196640,42198,257945,49109,544545,165523
310M200US49020,49020,"Winchester, VA-WV Metro Area",1743305,127142,36925,7528,84425,16711,159140,27187,160990,30404,88700,33772,117780,32844,114435,33713,282965,62323,697945,115931
310M200US49180,49180,"Winston-Salem, NC Metro Area",6142730,264011,164785,13122,462175,31762,802270,52634,909770,61225,529400,57771,948085,93602,506070,69946,649350,95538,1170815,226715
310M200US49340,49340,"Worcester, MA-CT Metro Area",11947760,295215,262425,18474,572930,41399,903050,47644,1098170,76070,757895,71090,1605100,97212,1111865,94165,1978415,149507,3657910,257605
310M200US49420,49420,"Yakima, WA Metro Area",1747420,113177,80085,8390,173800,25397,343655,38045,365320,47626,113465,29691,270780,43853,85865,21737,129815,40243,184635,75111
310M200US49620,49620,"York-Hanover, PA Metro Area",5563140,203310,137035,16225,287595,29783,467700,38417,576990,46453,393800,45108,642690,68719,562500,74869,785140,87757,1709695,201418
310M200US49660,49660,"Youngstown-Warren-Boardman, OH-PA Metro Area",4818535,169741,194555,15656,409695,26851,674640,43628,657420,47238,332430,42779,684530,71784,369890,58653,478650,68480,1016735,148167
310M200US49700,49700,"Yuba City, CA Metro Area",1620785,121475,44000,8789,85980,11547,135230,20297,135185,27252,55090,17366,115070,25904,138290,35378,313070,65884,598875,112895
310M200US49740,49740,"Yuma, AZ Metro Area",1309195,87149,68130,9725,157215,20561,174020,24613,203920,32950,145550,39658,258000,48575,56525,24123,53970,19114,191870,67213
