GEO.id,Id
GEO.id2,Id2
GEO.display-label,Geography
HD01_VD01,Estimate; Aggregate travel time to work (in minutes):
HD02_VD01,Margin of Error; Aggregate travel time to work (in minutes):
HD01_VD02,Estimate; Aggregate travel time to work (in minutes): - Less than 10 minutes
HD02_VD02,Margin of Error; Aggregate travel time to work (in minutes): - Less than 10 minutes
HD01_VD03,Estimate; Aggregate travel time to work (in minutes): - 10 to 14 minutes
HD02_VD03,Margin of Error; Aggregate travel time to work (in minutes): - 10 to 14 minutes
HD01_VD04,Estimate; Aggregate travel time to work (in minutes): - 15 to 19 minutes
HD02_VD04,Margin of Error; Aggregate travel time to work (in minutes): - 15 to 19 minutes
HD01_VD05,Estimate; Aggregate travel time to work (in minutes): - 20 to 24 minutes
HD02_VD05,Margin of Error; Aggregate travel time to work (in minutes): - 20 to 24 minutes
HD01_VD06,Estimate; Aggregate travel time to work (in minutes): - 25 to 29 minutes
HD02_VD06,Margin of Error; Aggregate travel time to work (in minutes): - 25 to 29 minutes
HD01_VD07,Estimate; Aggregate travel time to work (in minutes): - 30 to 34 minutes
HD02_VD07,Margin of Error; Aggregate travel time to work (in minutes): - 30 to 34 minutes
HD01_VD08,Estimate; Aggregate travel time to work (in minutes): - 35 to 44 minutes
HD02_VD08,Margin of Error; Aggregate travel time to work (in minutes): - 35 to 44 minutes
HD01_VD09,Estimate; Aggregate travel time to work (in minutes): - 45 to 59 minutes
HD02_VD09,Margin of Error; Aggregate travel time to work (in minutes): - 45 to 59 minutes
HD01_VD10,Estimate; Aggregate travel time to work (in minutes): - 60 or more minutes
HD02_VD10,Margin of Error; Aggregate travel time to work (in minutes): - 60 or more minutes
