GEO.id,GEO.id2,GEO.display-label,HD01_VD01,HD02_VD01,HD01_VD02,HD02_VD02,HD01_VD03,HD02_VD03,HD01_VD04,HD02_VD04,HD01_VD05,HD02_VD05,HD01_VD06,HD02_VD06,HD01_VD07,HD02_VD07,HD01_VD08,HD02_VD08,HD01_VD09,HD02_VD09,HD01_VD10,HD02_VD10
Id,Id2,Geography,Estimate; Aggregate travel time to work (in minutes):,Margin of Error; Aggregate travel time to work (in minutes):,Estimate; Aggregate travel time to work (in minutes): - Less than 10 minutes,Margin of Error; Aggregate travel time to work (in minutes): - Less than 10 minutes,Estimate; Aggregate travel time to work (in minutes): - 10 to 14 minutes,Margin of Error; Aggregate travel time to work (in minutes): - 10 to 14 minutes,Estimate; Aggregate travel time to work (in minutes): - 15 to 19 minutes,Margin of Error; Aggregate travel time to work (in minutes): - 15 to 19 minutes,Estimate; Aggregate travel time to work (in minutes): - 20 to 24 minutes,Margin of Error; Aggregate travel time to work (in minutes): - 20 to 24 minutes,Estimate; Aggregate travel time to work (in minutes): - 25 to 29 minutes,Margin of Error; Aggregate travel time to work (in minutes): - 25 to 29 minutes,Estimate; Aggregate travel time to work (in minutes): - 30 to 34 minutes,Margin of Error; Aggregate travel time to work (in minutes): - 30 to 34 minutes,Estimate; Aggregate travel time to work (in minutes): - 35 to 44 minutes,Margin of Error; Aggregate travel time to work (in minutes): - 35 to 44 minutes,Estimate; Aggregate travel time to work (in minutes): - 45 to 59 minutes,Margin of Error; Aggregate travel time to work (in minutes): - 45 to 59 minutes,Estimate; Aggregate travel time to work (in minutes): - 60 or more minutes,Margin of Error; Aggregate travel time to work (in minutes): - 60 or more minutes
310M200US10180,10180,"Abilene, TX Metro Area",1230885,77212,96900,11897,165600,21910,227155,29105,197030,41166,95885,29368,124685,34933,26035,12912,78740,29918,218855,63710
310M200US10420,10420,"Akron, OH Metro Area",7561960,199268,226100,19301,502100,31690,929920,59328,969510,70719,760430,68258,1109195,90572,890750,90221,1034270,112124,1139685,150684
310M200US10500,10500,"Albany, GA Metro Area",1154505,87048,45350,8464,118375,16959,163640,24914,170660,27473,93825,27308,168120,35760,90445,30802,120390,34307,183700,57228
310M200US10540,10540,"Albany, OR Metro Area",1061615,106903,45745,8787,57710,10570,70865,16281,159020,27676,62530,19574,182510,37515,95205,27448,117615,34159,270415,96299
310M200US10580,10580,"Albany-Schenectady-Troy, NY Metro Area",9431950,227885,267695,20186,617655,45860,1125420,75786,1453535,87845,768940,65166,1688575,119038,1150930,114615,1130455,98074,1228745,167244
310M200US10740,10740,"Albuquerque, NM Metro Area",8991235,257238,230520,21672,575000,44486,1064490,65901,1306560,61076,702500,80533,1617740,142112,774350,88861,1033620,128194,1686460,206909
310M200US10780,10780,"Alexandria, LA Metro Area",1324320,135373,43255,8233,107230,16839,137020,21202,199570,38079,88235,28182,142715,33925,92760,27346,95120,34163,418420,127556
310M200US10900,10900,"Allentown-Bethlehem-Easton, PA-NJ Metro Area",10509730,262084,235690,16279,511510,34419,889070,60987,1111720,76796,624925,55846,1377515,106056,976465,107551,1284725,122786,3498110,287883
310M200US11020,11020,"Altoona, PA Metro Area",1107260,74606,49400,6495,127885,17477,137090,22817,186665,33338,81980,19604,112920,29487,106095,26736,125805,34913,179420,60320
310M200US11100,11100,"Amarillo, TX Metro Area",2237120,154393,121540,11137,301340,30762,417855,43433,331950,41233,111990,29476,231770,42560,69225,20885,208850,59061,442595,142125
310M200US11180,11180,"Ames, IA Metro Area",833990,82343,59750,9157,107235,17388,138620,21688,97250,20254,23405,9008,62320,20783,80995,32152,166115,60069,98295,41287
310M200US11260,11260,"Anchorage, AK Metro Area",4152190,194427,161770,18006,398395,32608,620080,43579,593740,63386,170865,32257,463300,62185,184175,38283,502195,84538,1057660,153299
310M200US11460,11460,"Ann Arbor, MI Metro Area",3926245,145453,105700,12753,246305,21002,471210,36127,526145,39175,297765,33449,625740,70027,468285,58189,472815,69712,712280,111411
310M200US11500,11500,"Anniston-Oxford-Jacksonville, AL Metro Area",1072280,101365,45765,6768,65225,13041,120480,22289,102180,21100,60815,16118,185670,33327,89200,36087,142425,42749,260520,98539
310M200US11540,11540,"Appleton, WI Metro Area",2386475,87386,95445,10646,247270,20565,355095,30598,397380,37021,208650,27533,375360,48142,179480,38623,186905,44151,340890,73299
310M200US11700,11700,"Asheville, NC Metro Area",3836315,184253,119920,15190,351495,39655,576225,55402,699385,68245,315200,37059,569200,71177,328725,56339,399485,68249,476675,125618
310M200US12020,12020,"Athens-Clarke County, GA Metro Area",1791790,126527,46735,7344,168275,20808,256800,33274,256430,44259,106680,22514,275160,55105,83040,25222,243565,60300,355110,92077
310M200US12060,12060,"Atlanta-Sandy Springs-Roswell, GA Metro Area",75824280,905299,881230,42265,2590165,96448,4761970,179342,6908020,237764,3866550,158174,11275570,325883,8128355,332365,13784400,439902,23628015,819225
310M200US12100,12100,"Atlantic City-Hammonton, NJ Metro Area",2929815,135018,74695,10456,212730,23694,295845,34748,450335,48268,222110,34339,482065,62407,222365,53142,274470,59099,695200,118533
310M200US12220,12220,"Auburn-Opelika, AL Metro Area",1352105,113578,39525,7796,131550,19812,221315,36008,216035,37142,76695,23326,290760,60396,91335,32316,95110,34189,189785,74241
310M200US12260,12260,"Augusta-Richmond County, GA-SC Metro Area",5459740,240571,123375,13982,364540,29578,718185,54836,821615,64690,404265,46656,927015,77909,430295,80244,749565,101526,920880,163110
310M200US12420,12420,"Austin-Round Rock, TX Metro Area",24332985,483584,456785,30197,1230405,53318,2170750,102399,2856485,132045,1500510,115864,3978160,219282,2587170,181592,4096010,250910,5456715,397232
310M200US12540,12540,"Bakersfield, CA Metro Area",7385605,319782,203755,18681,534460,39678,961145,82158,973315,73615,450345,58539,1115990,114127,461700,102524,784340,107103,1900550,280354
310M200US12580,12580,"Baltimore-Columbia-Towson, MD Metro Area",39948825,615386,474855,21732,1430175,67087,2637830,82176,3841440,138634,2248625,131076,6453390,243515,4267170,199010,6592320,301499,12003020,503375
310M200US12620,12620,"Bangor, ME Metro Area",1562025,111398,61740,9586,124950,17240,182540,24567,227245,30005,74275,18935,217040,46169,112285,23190,136385,28562,425560,100482
310M200US12700,12700,"Barnstable Town, MA Metro Area",2194150,130200,86150,11800,176755,19876,264185,32113,262220,31368,102460,21030,255365,47990,178960,37019,217875,53281,650175,105267
310M200US12940,12940,"Baton Rouge, LA Metro Area",9743690,322110,156405,17564,457725,41007,862855,71075,1238070,91023,608280,70521,1856760,134325,742670,98978,1526630,158197,2294300,303244
310M200US12980,12980,"Battle Creek, MI Metro Area",1068350,68406,47075,7034,133370,14410,165150,17669,139765,24262,67610,17948,148235,32744,66140,21040,143330,32371,157675,51462
310M200US13020,13020,"Bay City, MI Metro Area",923455,82037,42775,9106,81765,12218,106870,16051,129760,21823,97720,21766,149130,29471,53960,19613,55655,15583,205820,78560
310M200US13140,13140,"Beaumont-Port Arthur, TX Metro Area",3428020,134960,109390,12872,292480,26288,479440,46417,570440,63600,179500,34987,651680,69564,230005,47630,320865,70781,594225,106123
310M200US13220,13220,"Beckley, WV Metro Area",1114350,118369,37735,7416,76555,18316,105745,18421,104580,23105,61800,17756,134370,33311,78550,23629,107970,38682,407045,115262
310M200US13380,13380,"Bellingham, WA Metro Area",1785280,100364,95540,11449,160610,20424,281365,38556,240740,35567,164660,35420,264740,46596,164965,38345,125830,37633,286835,71404
310M200US13460,13460,"Bend-Redmond, OR Metro Area",1254145,111298,79425,12875,167235,28446,225610,40474,181180,39486,58755,23166,205370,49489,59075,27358,74065,35161,203425,90136
310M200US13740,13740,"Billings, MT Metro Area",1575235,96326,57035,6726,190435,16463,291790,31817,290145,35434,111675,28265,164600,27909,61845,23007,95810,27914,311900,87225
310M200US13780,13780,"Binghamton, NY Metro Area",2275595,119385,91140,9445,228695,20832,275635,28549,374715,36904,136525,24265,278630,47858,148500,41136,187180,40874,554580,114538
310M200US13820,13820,"Birmingham-Hoover, AL Metro Area",12714660,263338,215410,17310,609695,41714,1191095,82059,1538690,83310,962595,90667,2429260,153053,1198795,102073,2166395,181376,2402725,258270
310M200US13900,13900,"Bismarck, ND Metro Area",1163770,100972,73185,9768,174130,17193,204875,24050,159040,25849,40425,14420,79825,22610,36085,12829,80975,30862,315225,96452
310M200US13980,13980,"Blacksburg-Christiansburg-Radford, VA Metro Area",1686525,131825,78305,10618,151510,25097,233470,38653,198080,40702,120100,28313,171830,38736,207615,50039,196305,55046,329310,96097
310M200US14010,14010,"Bloomington, IL Metro Area",1766145,102050,93435,9508,213460,23204,320300,33023,227025,33210,98510,24311,233480,39924,119495,25193,192195,52140,268240,73940
310M200US14020,14020,"Bloomington, IN Metro Area",1441740,92299,64085,10847,172235,20978,252850,33539,190790,37538,82070,20588,147520,40532,84230,30126,151735,41261,296225,77967
310M200US14100,14100,"Bloomsburg-Berwick, PA Metro Area",803605,54298,33725,6207,63925,10665,69650,10731,122280,18678,40340,10850,138180,25595,75410,21085,97205,21926,162895,37522
310M200US14260,14260,"Boise City, ID Metro Area",6009905,219327,169175,18517,437230,38694,752615,67477,1079770,82689,453210,57000,1272375,126964,656870,113425,484295,94603,704375,119543
310M200US14460,14460,"Boston-Cambridge-Newton, MA-NH Metro Area",71135830,670676,1055505,43964,2495540,72868,4268440,134387,5903530,203123,3490040,157481,10174925,247312,7977600,239620,12542775,363469,23227470,612952
310M200US14500,14500,"Boulder, CO Metro Area",3165440,143422,126935,12481,308835,27986,376435,33198,420580,41388,234725,33760,375480,50405,333485,58370,393490,60909,595480,111712
310M200US14540,14540,"Bowling Green, KY Metro Area",1506845,105785,39880,8009,124220,17294,245980,27623,185520,32367,108915,27173,229260,38101,129570,36799,195105,46775,248395,76367
310M200US14740,14740,"Bremerton-Silverdale, WA Metro Area",3407050,188945,60180,8813,133390,16749,279695,31540,360235,44621,182565,31953,398730,52786,230565,54176,277535,73121,1484155,167825
310M200US14860,14860,"Bridgeport-Stamford-Norwalk, CT Metro Area",12632195,289145,247470,18623,650710,45386,1033585,69598,1195115,81353,554455,67573,1502460,96586,980555,96722,1351320,121552,5116525,298357
310M200US15180,15180,"Brownsville-Harlingen, TX Metro Area",2865435,118369,72070,12942,220945,27156,644995,61608,498290,60359,235760,46529,554820,72309,199085,53770,157725,49920,281745,72858
310M200US15260,15260,"Brunswick, GA Metro Area",919940,75753,33555,8381,74590,15674,160765,29613,156480,34088,64050,24028,127200,34610,51005,24525,79935,29100,172365,65220
310M200US15380,15380,"Buffalo-Cheektowaga-Niagara Falls, NY Metro Area",11021725,244694,375520,22416,859335,43782,1387245,75230,1767725,97535,1210680,89262,1971200,126242,1127410,89930,908425,88085,1414195,168082
310M200US15500,15500,"Burlington, NC Metro Area",1598280,88892,51365,9499,132655,20366,158975,25552,196290,29764,90750,24103,234350,41386,197240,45876,284990,46797,251670,76057
310M200US15540,15540,"Burlington-South Burlington, VT Metro Area",2386510,102437,86090,10285,169045,25629,287235,26590,331215,37095,259015,36861,434725,55290,230095,40394,295260,48724,293825,62305
310M200US15680,15680,"California-Lexington Park, MD Metro Area",1622455,121443,28260,6105,75940,17864,101785,21446,211685,39300,70620,21668,204770,41459,131735,39212,166665,44682,631000,116111
310M200US15940,15940,"Canton-Massillon, OH Metro Area",3949420,155576,170465,14165,322455,27506,452305,37648,509755,44820,306465,38849,562530,46816,444180,61909,498905,77604,682355,135761
310M200US15980,15980,"Cape Coral-Fort Myers, FL Metro Area",6874480,233335,101135,14056,328380,33238,627035,55726,803720,75027,400860,55747,1410390,98182,813545,114830,1072135,172698,1317280,230468
310M200US16020,16020,"Cape Girardeau, MO-IL Metro Area",880380,72470,47825,7687,89030,15234,107100,18125,100375,22106,52335,18546,117510,23811,51390,19338,108165,29683,206650,69179
310M200US16060,16060,"Carbondale-Marion, IL Metro Area",985880,67880,44270,8515,101435,14255,141035,19698,185980,29988,87285,21638,126520,23000,72960,20793,109780,30167,116615,61446
310M200US16180,16180,"Carson City, NV Metro Area",427215,45149,37370,9016,66000,14054,37940,10711,25025,10149,17900,12249,76770,22814,46920,19977,74145,40789,45145,27037
310M200US16220,16220,"Casper, WY Metro Area",714115,59639,43315,7378,117945,14778,161180,23834,95975,20096,35625,19631,72450,27470,26650,14495,43010,21272,117965,51606
310M200US16300,16300,"Cedar Rapids, IA Metro Area",2604520,111331,121165,12440,268505,26690,391895,40972,431780,45240,187315,34112,351270,46878,255040,40025,237115,42000,360440,84522
310M200US16540,16540,"Chambersburg-Waynesboro, PA Metro Area",1558190,95875,54790,10603,101145,17722,155410,21501,180795,29698,123850,36127,252455,42793,181610,42798,153950,44565,354190,89366
310M200US16580,16580,"Champaign-Urbana, IL Metro Area",2020755,89636,100765,11806,247455,26225,394155,34059,308250,42689,124690,21884,252390,49113,141765,34172,189235,37911,262050,67433
310M200US16620,16620,"Charleston, WV Metro Area",1944800,104055,63185,10214,151435,16201,266160,33307,266855,39738,150020,37439,306360,48113,116705,40348,256195,55483,367885,83373
310M200US16700,16700,"Charleston-North Charleston, SC Metro Area",8560560,236258,163945,17544,380605,32686,757765,55975,1295835,89655,602715,73200,1674455,135708,850215,91552,1139060,120738,1695975,207567
310M200US16740,16740,"Charlotte-Concord-Gastonia, NC-SC Metro Area",27794550,421939,577010,30686,1330105,59349,2433990,101952,3285910,137257,2011725,115212,4973875,160539,3378650,189535,4319885,204796,5483400,369520
310M200US16820,16820,"Charlottesville, VA Metro Area",2369490,143077,60880,9714,169245,20572,255365,32911,307775,41327,177810,39926,313465,42043,272575,54162,339780,76830,472595,111215
310M200US16860,16860,"Chattanooga, TN-GA Metro Area",5314245,161284,143865,14884,378005,33832,651780,49407,800500,65075,488375,64782,1119290,100663,492780,71758,498800,74062,740855,134227
310M200US16940,16940,"Cheyenne, WY Metro Area",759340,83947,66920,8291,137270,21195,184540,29194,75310,18759,16275,10050,56280,25668,10840,8425,44820,21361,167090,77951
310M200US16980,16980,"Chicago-Naperville-Elgin, IL-IN-WI Metro Area",136380775,1109071,1875585,52509,4515335,110916,7544725,183276,10877665,240717,6370125,203166,20280840,355791,15285355,403601,24560535,602442,45070615,993029
310M200US17020,17020,"Chico, CA Metro Area",1768100,143378,103245,12358,203925,26296,188940,27674,148640,34560,82970,20641,208050,40566,128765,43702,167035,45262,536525,134361
310M200US17140,17140,"Cincinnati, OH-KY-IN Metro Area",24004685,320217,526740,25783,1288725,61861,2295495,102626,3382785,140082,2044160,120878,4496210,177774,2958995,188354,3163310,188054,3848260,281743
310M200US17300,17300,"Clarksville, TN-KY Metro Area",2552040,142105,93645,11380,181455,21827,302950,28483,334445,37973,199080,39928,448670,62261,188035,34622,329915,65425,473840,108664
310M200US17420,17420,"Cleveland, TN Metro Area",1075015,108240,41325,8708,91835,16880,113100,27474,149440,26172,51565,16607,168840,37648,84150,28753,180045,65425,194715,92127
310M200US17460,17460,"Cleveland-Elyria, OH Metro Area",22743610,341801,543095,30106,1177075,49514,2135380,81146,2990710,104559,1996360,110263,4252740,170103,2962295,145484,3388140,188582,3297815,276664
310M200US17660,17660,"Coeur d'Alene, ID Metro Area",1352675,110784,47530,10824,121065,24974,159540,30333,162130,32885,131170,40076,180420,39067,117165,44610,187685,61130,245970,74064
310M200US17780,17780,"College Station-Bryan, TX Metro Area",1909505,121776,105130,12645,242795,27648,370490,41666,317395,45965,100265,27779,237090,38817,96100,32476,152250,39509,287990,86152
310M200US17820,17820,"Colorado Springs, CO Metro Area",7280505,284295,186475,18360,505950,37684,860775,52480,1194860,77466,568620,62455,1140360,93357,565240,68132,688855,81544,1569370,274502
310M200US17860,17860,"Columbia, MO Metro Area",1465670,91354,68005,11736,207480,26317,324100,37927,300360,38185,111220,27863,145770,34581,78370,26437,94485,33084,135880,65556
310M200US17900,17900,"Columbia, SC Metro Area",8636220,255060,197105,16740,516100,34743,935730,63085,1242560,86993,761710,73123,1551675,110308,800505,87802,1044500,118417,1586335,222878
310M200US17980,17980,"Columbus, GA-AL Metro Area",2861550,141197,83715,14148,251840,28241,445655,37178,497215,49957,232875,42173,437550,68944,201575,38756,241170,72724,469955,124181
310M200US18020,18020,"Columbus, IN Metro Area",751710,80208,30790,6289,106410,15305,118875,17294,117140,21696,41435,14229,68460,20684,37860,15681,88735,42939,142005,76937
310M200US18140,18140,"Columbus, OH Metro Area",22106295,379315,526890,27904,1329930,57856,2374715,106027,3470250,145944,2109055,127397,4013225,183298,2320560,146773,2553625,195642,3408045,295820
310M200US18580,18580,"Corpus Christi, TX Metro Area",4035115,165021,149855,18225,384990,40233,681500,45173,631370,55182,271860,50658,563400,69460,219780,48385,381560,73601,750795,142924
310M200US18700,18700,"Corvallis, OR Metro Area",716630,58397,36265,6817,90370,15780,110100,22066,97285,19926,27995,12131,97530,26627,47120,17189,81640,25707,128330,50480
310M200US18880,18880,"Crestview-Fort Walton Beach-Destin, FL Metro Area",2785085,210699,86855,10913,193400,22464,261425,39399,334280,46648,152005,40364,457575,66551,273800,53526,455285,105006,570460,160487
310M200US19060,19060,"Cumberland, MD-WV Metro Area",818490,78280,33085,6393,74745,11881,99480,16720,123650,21842,48175,14809,90020,22438,33410,15227,80365,31577,235555,60101
310M200US19100,19100,"Dallas-Fort Worth-Arlington, TX Metro Area",87904020,923346,1514610,52333,3835725,109716,6924175,174347,9449715,227922,5312040,197979,16129745,412940,9256955,296846,15735720,438446,19745330,765382
310M200US19140,19140,"Dalton, GA Metro Area",1392040,86912,27575,7057,93060,17567,221855,25700,227025,48008,141400,42384,255750,47599,86555,36403,161095,56000,177725,62175
310M200US19180,19180,"Danville, IL Metro Area",598500,45689,27285,6303,84220,13724,83030,14717,58330,12630,24495,7281,88305,26056,50515,16569,74890,22161,107435,39857
310M200US19300,19300,"Daphne-Fairhope-Foley, AL Metro Area",2302370,167563,39210,9470,113300,20798,182720,33147,263500,62921,117480,30793,506880,80896,126960,35969,371230,73532,581090,154063
310M200US19340,19340,"Davenport-Moline-Rock Island, IA-IL Metro Area",3467730,126205,154225,12111,313005,27020,556580,41364,572180,46173,332265,42527,489180,58327,216260,44660,269150,45589,564890,116750
310M200US19380,19380,"Dayton, OH Metro Area",7421940,207244,265110,20081,584360,39957,1033810,62127,1262720,71607,754690,63714,1064190,72165,676410,81700,647430,82962,1133215,147988
310M200US19460,19460,"Decatur, AL Metro Area",1637165,119639,32365,6767,104135,17876,138965,25249,155155,30983,108090,33699,292435,50113,222530,42338,267160,73303,316325,109842
310M200US19500,19500,"Decatur, IL Metro Area",874270,77558,46850,7065,121230,16281,157520,23856,159845,25063,32375,12474,50700,13122,35585,16520,82885,26059,187285,68835
310M200US19660,19660,"Deltona-Daytona Beach-Ormond Beach, FL Metro Area",5746450,230682,102610,12784,332550,34430,558270,50879,869845,74279,384850,54701,1012885,99450,574800,79579,749860,90649,1160785,196810
310M200US19740,19740,"Denver-Aurora-Lakewood, CO Metro Area",36782980,477364,595990,32610,1548820,62409,2835410,90026,4118315,144961,2502000,116504,6917310,252895,4494880,192081,5927790,260821,7842465,444147
310M200US19780,19780,"Des Moines-West Des Moines, IA Metro Area",6209730,195953,256255,21245,513880,38657,940040,59752,1126155,76625,607760,65838,990010,82198,489950,59972,425265,64300,860415,169403
310M200US19820,19820,"Detroit-Warren-Dearborn, MI Metro Area",49566385,491687,888750,29755,2222825,71687,4057930,117873,5796275,139496,3353815,134209,8219970,229443,6281865,186595,8238300,301200,10506650,374005
310M200US20020,20020,"Dothan, AL Metro Area",1351830,76619,33810,3969,108000,15845,139100,13427,204530,21739,80945,17013,292700,30800,101670,23593,131765,29745,259305,71410
310M200US20100,20100,"Dover, DE Metro Area",1876940,108571,55340,8869,119510,22667,212875,30772,243870,29851,90935,23340,222570,47622,107245,36555,287650,62797,536945,103090
310M200US20220,20220,"Dubuque, IA Metro Area",767020,49096,68565,7862,128885,12140,145455,18488,128375,18760,48905,11866,60510,14058,38095,13765,19070,10190,129160,40628
310M200US20260,20260,"Duluth, MN-WI Metro Area",2571870,91658,117120,10547,232615,20549,349670,31810,400520,30981,183475,26434,387590,38326,225590,36209,245320,42402,429970,82232
310M200US20500,20500,"Durham-Chapel Hill, NC Metro Area",5674455,206309,151950,18812,343225,28856,686645,63721,806330,59318,430660,61745,978255,82373,625375,83072,631995,97250,1020025,163235
310M200US20700,20700,"East Stroudsburg, PA Metro Area",2532885,230231,41860,9531,88615,19069,134910,23054,194380,42907,50750,19256,157680,36335,118930,36041,257740,71275,1488025,246170
310M200US20740,20740,"Eau Claire, WI Metro Area",1584010,90321,70235,10395,217120,23170,203320,37042,221710,27824,128245,28595,196230,29297,88410,20307,180255,45556,278490,81740
310M200US20940,20940,"El Centro, CA Metro Area",1221755,130360,47935,9736,125865,22199,131655,29102,142380,33087,87075,27378,175470,48284,83400,24843,74715,32682,353260,140905
310M200US21060,21060,"Elizabethtown-Fort Knox, KY Metro Area",1730125,104759,56180,8949,92995,15424,160275,24282,189200,25362,111540,33558,202925,38551,156180,36550,292340,66696,468490,96660
310M200US21140,21140,"Elkhart-Goshen, IN Metro Area",1765000,95541,71655,10234,156420,17714,356555,43021,264940,39599,119950,23908,296160,54689,143490,34269,137270,41134,218565,68744
310M200US21300,21300,"Elmira, NY Metro Area",653610,51142,34100,5824,89090,13515,132575,20957,85000,16998,42285,14890,83040,24785,25760,9596,58505,19907,103250,36520
310M200US21340,21340,"El Paso, TX Metro Area",7461340,245485,153190,13794,483355,41147,930995,62415,1304580,86400,682280,84151,1668630,141176,584405,81736,683765,99140,970140,186673
310M200US21500,21500,"Erie, PA Metro Area",2308070,106082,99765,12259,228570,19767,372620,33867,421840,42088,210945,32865,329010,35987,186735,36724,165400,34633,293190,85922
310M200US21660,21660,"Eugene, OR Metro Area",3079305,139226,133340,13409,271120,26214,491675,36315,562245,56467,200525,34292,429560,61370,228970,39397,167640,48191,594230,125524
310M200US21780,21780,"Evansville, IN-KY Metro Area",2955870,134482,120335,13694,266150,25027,438095,44805,484230,60000,203140,36359,430080,63862,277850,46996,282710,55869,453285,96833
310M200US21820,21820,"Fairbanks, AK Metro Area",891555,86961,54030,10547,106630,20560,170155,29414,172980,39739,50975,25398,134040,41734,43505,27270,35940,21715,123300,74620
310M200US22020,22020,"Fargo, ND-MN Metro Area",2107700,140751,120685,13726,326545,30733,481550,40228,342440,34782,107205,25388,194220,38336,109725,29475,80715,24128,344610,113639
310M200US22140,22140,"Farmington, NM Metro Area",1144730,90752,40930,6789,81685,13722,122065,20456,134445,29192,44375,18506,191565,31321,70560,23710,177615,41087,281485,80818
310M200US22180,22180,"Fayetteville, NC Metro Area",3267835,105894,104680,10466,263060,25450,535280,38673,591975,43151,335005,42538,501990,63451,199610,40082,304150,58046,432085,84346
310M200US22220,22220,"Fayetteville-Springdale-Rogers, AR-MO Metro Area",4859600,198012,179405,18179,351430,31765,641595,56052,724205,69419,495515,60778,763425,87710,422580,72762,514890,84258,766555,163738
310M200US22380,22380,"Flagstaff, AZ Metro Area",1082500,87296,89790,10837,125195,18286,188085,27258,129025,23565,43990,13676,95250,30036,45360,16001,64800,20600,301005,76508
310M200US22420,22420,"Flint, MI Metro Area",4015830,154376,95140,11562,199800,21662,435450,42404,519845,42355,273515,38148,404425,44391,295325,50151,588865,81194,1203465,143981
310M200US22500,22500,"Florence, SC Metro Area",1849760,139889,59415,9298,150085,19136,270210,29596,237255,41342,103720,24489,283170,52985,136540,36415,206830,58036,402535,131308
310M200US22520,22520,"Florence-Muscle Shoals, AL Metro Area",1419690,107706,41415,7215,130705,17464,185250,28691,173800,27187,88135,17838,161580,34950,68305,28473,145205,42429,425295,99585
310M200US22540,22540,"Fond du Lac, WI Metro Area",986150,68351,59160,7626,114715,16135,102800,14242,116595,20130,73615,14467,113890,26102,96475,22252,87545,22399,221355,70989
310M200US22660,22660,"Fort Collins, CO Metro Area",3435035,148317,103530,13234,283620,33005,480695,52770,468835,47678,199570,36780,458485,60144,330570,63895,335425,66663,774305,118274
310M200US22900,22900,"Fort Smith, AR-OK Metro Area",2413170,117153,86845,12417,224805,26765,331375,33488,325110,34032,153655,31635,392815,50227,158180,33726,283915,59013,456470,93974
310M200US23060,23060,"Fort Wayne, IN Metro Area",4068360,152090,145665,14012,290155,24878,572730,47111,746460,54647,454095,47618,680605,68867,313680,54220,325420,51494,539550,120602
310M200US23420,23420,"Fresno, CA Metro Area",7704290,264757,221640,19885,568935,43304,1257620,76737,1240260,71675,544715,58115,1124580,94157,392375,67804,751985,114013,1602180,230482
310M200US23460,23460,"Gadsden, AL Metro Area",913545,75417,20770,5186,72230,14198,123435,21445,121325,28804,48640,15771,127950,33629,70065,25769,138505,48733,190625,60389
310M200US23540,23540,"Gainesville, FL Metro Area",2405450,136264,61205,9116,176860,23690,440700,52547,437440,48591,185350,37599,417060,65844,162915,35641,185770,49823,338150,107329
310M200US23580,23580,"Gainesville, GA Metro Area",2194590,138292,42860,7860,127535,26202,200890,29068,258235,33968,203530,48420,330110,50811,112120,29554,285715,62925,633600,130957
310M200US23900,23900,"Gettysburg, PA Metro Area",1281365,95362,37140,5774,63135,9289,97060,16833,105700,14133,85230,21359,128520,20320,130590,30893,194470,34048,439520,91374
310M200US24020,24020,"Glens Falls, NY Metro Area",1320365,99732,50075,5660,79620,12589,115005,18313,115885,21072,69350,18465,230850,39580,120050,25984,139880,31566,399655,104610
310M200US24140,24140,"Goldsboro, NC Metro Area",1158980,110798,33295,6296,102890,19745,133470,19487,160190,40730,57995,23662,163735,32302,107125,47445,95235,33996,305040,102893
310M200US24220,24220,"Grand Forks, ND-MN Metro Area",793150,62680,73105,8450,147420,14627,122540,14497,94760,20600,40890,15622,108680,30676,26815,10708,58540,18631,120405,51052
310M200US24260,24260,"Grand Island, NE Metro Area",715790,66277,53335,6924,81450,11767,123440,19066,94870,22505,44110,14140,103240,21927,45075,16109,48650,22124,121615,59023
310M200US24300,24300,"Grand Junction, CO Metro Area",1418735,149158,53790,8438,149790,21909,204055,34135,226640,38630,67950,27764,164370,41335,24615,15702,87505,36170,440020,139692
310M200US24340,24340,"Grand Rapids-Wyoming, MI Metro Area",10205195,220821,395900,26660,781475,40534,1322595,63211,1664760,85526,893620,67635,1510255,118669,942395,84709,918940,89217,1775255,188365
310M200US24420,24420,"Grants Pass, OR Metro Area",609665,87975,38260,8408,49880,14762,63940,16838,56385,20119,27650,13690,85710,31828,51235,28929,38545,20083,198060,74785
310M200US24500,24500,"Great Falls, MT Metro Area",581445,57617,40505,7123,103200,13857,148445,25491,66075,21756,19105,8876,75120,19986,18045,9056,32630,17947,78320,43146
310M200US24540,24540,"Greeley, CO Metro Area",3343580,159099,81195,8526,198775,23259,269320,26844,349960,43641,182255,32107,516860,68009,354185,49491,510020,62328,881015,141946
310M200US24580,24580,"Green Bay, WI Metro Area",3189965,133079,126560,12721,274240,23810,495200,40732,477795,45533,249350,25782,368710,49837,262120,41232,330530,47566,605460,133410
310M200US24660,24660,"Greensboro-High Point, NC Metro Area",7066370,225280,191275,14958,545655,36503,994210,55959,1102680,71123,628325,64838,1216880,97173,593150,77112,711335,90869,1082850,166411
310M200US24780,24780,"Greenville, NC Metro Area",1676400,141010,75945,13682,138065,20460,232110,36577,261075,50845,93570,27320,191730,48096,43795,20954,169970,56969,470145,143457
310M200US24860,24860,"Greenville-Anderson-Mauldin, SC Metro Area",8456245,273071,214305,18527,647800,40386,980520,66031,1188785,88303,721650,67853,1634055,119907,861335,93052,1114985,136264,1092815,185569
310M200US25060,25060,"Gulfport-Biloxi-Pascagoula, MS Metro Area",3708975,230582,113410,14703,255495,28449,435915,46330,529580,60886,236070,49026,658155,86647,380040,72082,415120,88066,685195,196817
310M200US25180,25180,"Hagerstown-Martinsburg, MD-WV Metro Area",3330690,172699,52410,9794,129465,20388,296380,34264,333625,41986,183165,36632,328420,48899,273555,49330,335760,67597,1397910,172973
310M200US25220,25220,"Hammond, LA Metro Area",1767705,228252,30230,7887,69575,19701,121015,27092,104880,35548,51575,22952,156990,46667,78095,40166,190385,51656,964960,228115
310M200US25260,25260,"Hanford-Corcoran, CA Metro Area",1135480,116332,48950,9417,88435,17940,113700,26095,128495,27350,58050,23630,172915,36767,109715,42469,139120,41614,276090,89749
310M200US25420,25420,"Harrisburg-Carlisle, PA Metro Area",6058470,221426,176625,14624,435620,33703,724440,49885,953690,80575,444915,51856,921125,85544,554135,67760,649740,69139,1198185,212318
310M200US25500,25500,"Harrisonburg, VA Metro Area",1251940,71788,64645,9413,124345,20546,175695,25470,204055,30241,70865,19116,211800,33295,66615,25012,74380,26317,259535,69125
310M200US25540,25540,"Hartford-West Hartford-East Hartford, CT Metro Area",13586080,262790,383170,23883,848560,45437,1428680,71154,1965300,93460,1097270,77141,2345665,135311,1377170,118544,1709500,155004,2430760,215590
310M200US25620,25620,"Hattiesburg, MS Metro Area",1353340,119787,54180,11048,126385,22509,174110,32508,169470,32936,72740,22769,184800,42515,90630,35283,115985,37659,365040,105444
310M200US25860,25860,"Hickory-Lenoir-Morganton, NC Metro Area",3213660,149147,97595,12686,290175,21538,394770,45126,582345,60286,199260,35953,477690,78977,238175,49828,370710,68199,562940,125700
310M200US25940,25940,"Hilton Head Island-Bluffton-Beaufort, SC Metro Area",1897140,130656,61335,8181,132780,17606,225480,37360,261055,41455,101180,25038,327960,65242,211510,68887,215760,68916,360080,126244
310M200US25980,25980,"Hinesville, GA Metro Area",801005,73580,27125,6121,67880,11757,79815,19307,114350,24129,49795,30712,75095,25228,45255,22875,131040,35154,210650,61577
310M200US26140,26140,"Homosassa Springs, FL Metro Area",966745,93152,35690,9210,60840,13039,93225,19586,127295,25921,48250,19711,160660,37103,69765,31806,120980,43479,250035,67265
310M200US26300,26300,"Hot Springs, AR Metro Area",737035,97665,36340,7402,61830,16677,106755,25517,107725,23930,41695,21925,118740,39605,32160,20373,83405,47584,148390,63825
310M200US26380,26380,"Houma-Thibodaux, LA Metro Area",2262925,144813,76845,10529,119695,20961,186665,26503,240675,46182,97470,33606,372720,62087,183040,43186,239765,49815,746055,143824
310M200US26420,26420,"Houston-The Woodlands-Sugar Land, TX Metro Area",86253430,905646,1226565,55297,3228590,118580,5933675,195827,8317755,257830,4268210,252408,15739380,409823,8848325,313028,15075300,465820,23615630,860610
310M200US26580,26580,"Huntington-Ashland, WV-KY-OH Metro Area",3382175,141328,101695,10260,190390,21024,346025,34966,436685,47342,219855,38794,621910,70164,325840,55296,429915,65983,709850,123627
310M200US26620,26620,"Huntsville, AL Metro Area",4217515,156589,104055,13894,282300,25004,587050,52987,779170,64089,517200,66203,857230,86166,374715,65382,392750,65655,323045,76114
310M200US26820,26820,"Idaho Falls, ID Metro Area",1077040,76337,60855,9516,111515,15621,147310,22637,155330,25746,68250,16145,144240,32585,44850,20115,63485,19339,281205,66641
310M200US26900,26900,"Indianapolis-Carmel-Anderson, IN Metro Area",22208035,369651,525105,29546,1207520,57561,2185950,79356,2891830,136949,1751675,127784,4069645,175067,2728205,182010,3020070,209002,3828045,348377
310M200US26980,26980,"Iowa City, IA Metro Area",1550860,105083,69635,12292,159015,18005,266450,34252,264045,35654,123715,27234,252925,43970,118590,32315,105625,32928,190855,89095
310M200US27060,27060,"Ithaca, NY Metro Area",826195,58862,38540,8006,86410,16029,132610,25807,199565,41228,63835,19827,105540,26478,36575,15174,79865,36625,83255,33893
310M200US27100,27100,"Jackson, MI Metro Area",1496295,77374,54590,10100,111775,16066,178025,28067,150660,24091,79175,18956,155040,30464,156305,35347,295095,52601,315630,63544
310M200US27140,27140,"Jackson, MS Metro Area",6003390,217420,113320,13493,317905,34993,647485,63605,887420,72805,504155,68486,1237275,98710,585795,86896,630645,86122,1079390,167841
310M200US27180,27180,"Jackson, TN Metro Area",1021655,56500,40430,8007,124370,17666,193460,28903,148840,25390,89620,23259,150660,28699,70715,26121,72440,28092,131120,41106
310M200US27260,27260,"Jacksonville, FL Metro Area",15855825,388469,308285,27861,704725,51583,1430225,80716,2104665,117337,1229210,101230,2772050,162016,1756915,156599,2360565,202438,3189185,326683
310M200US27340,27340,"Jacksonville, NC Metro Area",2061295,144174,74845,10528,110310,19891,212115,37577,253330,40005,130150,33520,334650,67785,206605,44449,289030,87394,450260,121487
310M200US27500,27500,"Janesville-Beloit, WI Metro Area",1635190,82050,80090,9290,136865,16290,170190,20282,196640,29684,96650,22002,202890,37808,205380,38867,242795,41036,303690,66517
310M200US27620,27620,"Jefferson City, MO Metro Area",1351625,83381,53155,9201,125845,16030,186605,24429,161290,22930,87155,22725,251890,47874,145235,36671,168195,36932,172255,55797
310M200US27740,27740,"Johnson City, TN Metro Area",1725125,116746,67485,11347,130210,17480,218050,26798,300075,36589,151935,37916,261960,50543,152625,34216,160025,48084,282760,95933
310M200US27780,27780,"Johnstown, PA Metro Area",1387225,111012,53200,7006,92165,9565,128055,13876,144120,21058,85160,15698,144920,23431,106615,23395,225925,38832,407065,95774
310M200US27860,27860,"Jonesboro, AR Metro Area",988115,80320,50420,10335,113375,20812,185010,32328,139995,24959,47100,15933,122280,31688,42725,19258,93420,30188,193795,54372
310M200US27900,27900,"Joplin, MO Metro Area",1480040,78677,76525,10310,137490,18213,236945,32711,227460,35454,127120,27569,248920,38217,101920,32927,131610,37080,192055,58112
310M200US27980,27980,"Kahului-Wailuku-Lahaina, HI Metro Area",1687065,159083,60420,9333,130980,17727,169425,29350,191125,31828,126950,28426,224500,38340,127360,29556,247515,58258,408795,134226
310M200US28020,28020,"Kalamazoo-Portage, MI Metro Area",2979660,134453,139685,13231,241260,26312,406380,37048,566645,52002,263315,32547,394560,49578,263380,51258,270520,50370,433920,93298
310M200US28100,28100,"Kankakee, IL Metro Area",1145060,86586,47335,6800,89200,12037,122640,17341,112625,18944,66315,23106,121350,26584,99005,23451,136065,36285,350520,79655
310M200US28140,28140,"Kansas City, MO-KS Metro Area",21918095,333733,610530,29530,1425425,53747,2416290,98144,3358390,134109,2113005,108117,3939380,155076,2299005,148003,2820220,201063,2935850,253850
310M200US28420,28420,"Kennewick-Richland, WA Metro Area",2578420,132142,74690,9903,185790,25483,356370,35742,477470,65157,174635,37653,254580,52630,261840,56565,345075,72163,447965,87718
310M200US28660,28660,"Killeen-Temple, TX Metro Area",4008675,213210,165900,19537,334350,33653,556300,48449,526325,58529,270760,45449,584200,82630,238640,51085,325130,65215,1007060,195053
310M200US28700,28700,"Kingsport-Bristol-Bristol, TN-VA Metro Area",2703525,164467,93020,10326,220850,21921,289925,31472,380610,48447,184890,32087,459305,52856,266690,51626,363060,67988,445175,117430
310M200US28740,28740,"Kingston, NY Metro Area",2118045,145503,48555,8213,115160,15460,159760,19172,189065,27491,119155,29901,396540,64979,164255,38839,262375,50549,663180,129480
310M200US28940,28940,"Knoxville, TN Metro Area",8247295,208895,196695,18219,533740,36899,997170,69001,1278015,83509,683890,74230,1525310,107465,809960,78003,989925,96844,1232595,175094
310M200US29020,29020,"Kokomo, IN Metro Area",676230,59472,37150,6066,81400,15963,92810,19248,90960,19220,20080,9896,50220,16293,55715,25644,62180,26727,185720,52409
310M200US29100,29100,"La Crosse-Onalaska, WI-MN Metro Area",1257780,70697,75105,9582,133735,16958,210995,24209,190465,23439,104265,23363,159545,29943,122825,35357,86800,20013,174050,56975
310M200US29180,29180,"Lafayette, LA Metro Area",5825250,257722,164225,18059,354330,33823,555435,53427,664425,71813,282545,60098,831180,113565,329845,63330,521745,97760,2121520,250034
310M200US29200,29200,"Lafayette-West Lafayette, IN Metro Area",1745490,108195,91225,14156,221845,24715,271045,33738,267975,36300,135420,32012,232020,59052,134040,40662,135030,40468,256885,77548
310M200US29340,29340,"Lake Charles, LA Metro Area",1744355,149371,59860,8992,184075,22573,271970,35224,271960,38083,94950,29258,275550,48420,84450,34384,102480,34236,399065,122724
310M200US29420,29420,"Lake Havasu City-Kingman, AZ Metro Area",1231110,143054,91360,13366,131750,20471,207090,29919,165160,35582,39685,13934,99830,28343,60705,31122,81880,41204,353655,118231
310M200US29460,29460,"Lakeland-Winter Haven, FL Metro Area",5928520,247809,109655,10724,311510,31795,644165,66402,969555,88973,372930,58904,973635,104849,579865,83902,761325,121644,1205880,186195
310M200US29540,29540,"Lancaster, PA Metro Area",5786110,169695,181615,15102,376170,27911,646830,58295,859295,63092,403450,50339,905125,71571,536975,70847,657210,94403,1219440,159605
310M200US29620,29620,"Lansing-East Lansing, MI Metro Area",4410775,126327,159600,13413,408155,31029,654865,45040,713435,48233,371820,51991,613205,63147,351990,52656,322500,54103,815205,97801
310M200US29700,29700,"Laredo, TX Metro Area",2078240,117036,51055,9353,178640,21803,339155,30175,345455,45853,108545,27801,353130,64372,87130,25444,201255,48658,413875,104771
310M200US29740,29740,"Las Cruces, NM Metro Area",1778565,120568,70400,14172,168695,23484,254020,39920,292220,42214,104525,34358,247050,49239,151050,42342,118140,44249,372465,110287
310M200US29820,29820,"Las Vegas-Henderson-Paradise, NV Metro Area",21988925,362922,393690,31131,1096020,64158,2252320,112570,3827905,130117,2169470,145419,5053210,192543,1875330,154548,1777740,157808,3543235,318047
310M200US29940,29940,"Lawrence, KS Metro Area",1141350,116598,57895,11671,136430,21623,117520,22115,114455,29754,61500,16014,198195,46134,131370,32530,164250,50672,159740,86622
310M200US30020,30020,"Lawton, OK Metro Area",999335,125287,61640,10301,114370,17163,163615,23952,147915,25569,85365,27614,110160,29657,70770,31859,85645,26873,159855,124838
310M200US30140,30140,"Lebanon, PA Metro Area",1378705,98098,48730,6976,98360,17859,144780,22636,156225,26574,99730,22553,193600,39867,200340,40839,190130,41101,246810,89279
310M200US30300,30300,"Lewiston, ID-WA Metro Area",377260,40327,41395,7202,73305,13945,72705,15625,44905,14010,17275,8519,28710,12453,17720,10891,31540,17522,49700,22248
310M200US30340,30340,"Lewiston-Auburn, ME Metro Area",1219680,87936,45270,7463,75245,16965,125135,23552,124790,29669,63420,19716,171580,32079,122615,30973,259220,49163,232405,74071
310M200US30460,30460,"Lexington-Fayette, KY Metro Area",4949625,189363,175960,16959,382785,34083,686420,44414,824995,58189,384540,40388,892230,81665,419270,65247,496640,87641,686790,129105
310M200US30620,30620,"Lima, OH Metro Area",798540,58434,43570,8402,107275,14910,157590,25746,131735,22920,74375,18304,80970,22290,55590,23027,55720,19945,91710,37359
310M200US30700,30700,"Lincoln, NE Metro Area",3106880,106387,142635,14199,343700,33809,546305,47319,578905,50544,183445,27264,460155,60367,162620,35525,247250,47400,441865,76381
310M200US30780,30780,"Little Rock-North Little Rock-Conway, AR Metro Area",7401910,227522,215680,21465,501995,41763,761360,70453,1253595,83591,542735,58087,1305360,117043,676235,70000,899765,101338,1245190,183873
310M200US30860,30860,"Logan, UT-ID Metro Area",1000790,80759,76140,9170,138980,15128,157525,20474,111835,22119,36800,11987,106410,24672,39940,20054,96280,33674,236885,73687
310M200US30980,30980,"Longview, TX Metro Area",1992790,123322,70265,9244,164525,19619,240735,31344,246870,46017,119725,27614,331375,53029,123655,30981,259790,63231,435855,94111
310M200US31020,31020,"Longview, WA Metro Area",834845,82260,31960,7703,63885,11802,94165,19969,114700,24534,34350,17128,95870,29487,48210,19945,129340,46749,222370,77432
310M200US31080,31080,"Los Angeles-Long Beach-Anaheim, CA Metro Area",170682380,1297696,2275375,63145,6699900,132598,12511795,225271,16718385,318822,8439920,243379,30729025,570276,17152170,408200,25746310,593004,50409500,961000
310M200US31140,31140,"Louisville/Jefferson County, KY-IN Metro Area",13633430,287556,291025,19819,766300,43372,1486835,74190,2196395,102388,1155985,91275,2671140,136878,1505710,101932,1594200,123481,1965845,231971
310M200US31180,31180,"Lubbock, TX Metro Area",2445220,146842,159605,17491,384250,32210,523365,47245,372300,47540,96000,20582,226530,35631,89140,31681,133940,40677,460090,130893
310M200US31340,31340,"Lynchburg, VA Metro Area",2757750,185082,71655,10834,180045,24721,297605,33324,394440,55183,225850,39673,409870,62537,226100,50551,306365,65451,645825,160294
310M200US31420,31420,"Macon, GA Metro Area",1992730,98334,54640,8923,148955,20672,254305,30696,257725,38860,103985,23059,440695,61408,133395,33701,292990,60285,306035,84458
310M200US31460,31460,"Madera, CA Metro Area",1220070,118873,24500,6847,71265,18706,128310,40587,118695,25805,43975,19908,265440,64451,116130,34479,229450,55963,222300,86025
310M200US31540,31540,"Madison, WI Metro Area",7188155,190681,275665,18495,532380,35302,805935,50106,1078405,69907,633910,52379,1212680,74410,820545,67766,792470,67554,1036160,160926
310M200US31700,31700,"Manchester-Nashua, NH Metro Area",5586985,191697,132775,15377,275035,26322,412825,40870,528495,45969,310370,37412,837510,86667,566920,77424,822570,103334,1700480,213550
310M200US31740,31740,"Manhattan, KS Metro Area",826630,83056,63025,9271,140820,18736,113170,23458,127440,27529,48625,18107,99660,26593,50805,25560,64260,25586,118830,72517
310M200US31860,31860,"Mankato-North Mankato, MN Metro Area",862310,62557,69620,8268,121955,14588,160585,19857,97370,14178,43275,9489,78725,21985,39670,11321,69775,26869,181335,52617
310M200US31900,31900,"Mansfield, OH Metro Area",1021875,91357,42460,8240,86960,14941,129700,22108,160775,25893,83875,24777,90840,24180,56540,15739,77530,25850,293190,78533
310M200US32580,32580,"McAllen-Edinburg-Mission, TX Metro Area",6207465,334741,180490,19611,466620,42453,947440,79877,1080595,96576,433055,62872,1076070,130903,270610,60829,327825,84007,1424765,298507
310M200US32780,32780,"Medford, OR Metro Area",1497250,91552,75830,10496,183780,25542,262900,34777,320445,52549,93650,29771,201610,50638,57835,25268,85530,27760,215675,74412
310M200US32820,32820,"Memphis, TN-MS-AR Metro Area",13776190,248598,305770,25548,864950,53717,1414105,76904,2113785,103827,1122410,99309,2777285,146856,1530040,118948,1742860,144898,1904990,197714
310M200US32900,32900,"Merced, CA Metro Area",2499770,182739,90265,11397,187155,23817,230280,26358,193995,30894,93375,26611,185360,44890,146285,45576,246400,55021,1126660,177067
310M200US33100,33100,"Miami-Fort Lauderdale-West Palm Beach, FL Metro Area",73487950,857852,929150,36718,2874660,102107,5388780,162173,8624800,266813,4593180,218371,14674545,334477,7594850,296767,11438670,381049,17369320,682858
310M200US33140,33140,"Michigan City-La Porte, IN Metro Area",973775,68531,42410,6036,86545,14697,76210,16286,113330,21801,76315,21095,170640,42017,94050,23944,142805,33333,171475,49961
310M200US33220,33220,"Midland, MI Metro Area",765505,53908,31080,5781,70480,11739,106395,21406,110905,19159,44750,13487,112860,25141,96690,26839,80080,25428,112260,43997
310M200US33260,33260,"Midland, TX Metro Area",1552165,81716,65260,8777,164535,22805,286820,35904,301925,46280,74025,22647,275250,51008,97100,30320,110470,43823,176780,60397
310M200US33340,33340,"Milwaukee-Waukesha-West Allis, WI Metro Area",16993025,260158,472250,19124,1101005,41304,1858225,76322,2590835,101588,1547360,88215,3107245,138062,1889925,131780,1912885,142883,2513290,211334
310M200US33460,33460,"Minneapolis-St. Paul-Bloomington, MN-WI Metro Area",44546895,416187,918445,35651,2241790,64292,4081655,134794,5800625,153719,3620400,151947,7797745,233304,5596165,213307,6678250,234112,7811820,334171
310M200US33540,33540,"Missoula, MT Metro Area",1023700,76783,57175,9831,127605,17694,234215,31512,161035,31561,59400,18040,91290,24797,54340,20337,62155,31613,176480,64057
310M200US33660,33660,"Mobile, AL Metro Area",4003335,155769,66925,9999,212875,26993,485765,42443,544930,53630,237085,43778,1004580,102450,294510,55498,569590,78939,587070,125843
310M200US33700,33700,"Modesto, CA Metro Area",5157520,282135,151770,14893,357665,34968,488925,46109,495735,56126,247080,41628,592225,70995,468030,82408,366435,82126,1989650,249734
310M200US33740,33740,"Monroe, LA Metro Area",1512310,125743,69700,9460,154855,20670,178945,24813,205850,32256,68080,21608,271075,58048,102450,33704,77070,27251,384290,126869
310M200US33780,33780,"Monroe, MI Metro Area",1614480,98057,46110,9985,101100,12949,132005,22377,198850,31890,147680,26487,245430,41533,179670,33701,290375,55569,273260,83957
310M200US33860,33860,"Montgomery, AL Metro Area",3716640,235337,80095,11761,224925,25715,432325,38109,568000,54757,282200,47525,751975,81282,340225,60785,356815,68457,680085,198128
310M200US34060,34060,"Morgantown, WV Metro Area",1357715,115909,28745,4781,93810,18677,176390,30208,210740,32695,60735,19161,187515,36499,89135,27656,177185,40779,333460,91926
310M200US34100,34100,"Morristown, TN Metro Area",1042200,90663,34230,7649,79875,17012,109925,25053,139125,32507,57100,20306,134490,33478,87185,31963,171455,45815,228815,70662
310M200US34580,34580,"Mount Vernon-Anacortes, WA Metro Area",1297065,118111,48030,8096,61440,10665,107860,17888,111075,26398,69160,16416,139620,32648,86225,25971,210540,56634,463110,105439
310M200US34620,34620,"Muncie, IN Metro Area",1166010,101571,54075,8653,99330,15159,167135,27916,118515,19283,46300,16674,105360,29177,86110,26349,78715,26211,410475,106309
310M200US34740,34740,"Muskegon, MI Metro Area",1464375,83504,47210,6909,122870,16398,176420,21821,245000,29789,111300,21425,173765,29920,105940,26710,171670,38306,310205,67296
310M200US34820,34820,"Myrtle Beach-Conway-North Myrtle Beach, SC-NC Metro Area",3944455,167647,110130,13399,257595,29013,500415,46999,623035,67096,273025,46099,710190,83369,310290,51011,477905,90808,681875,139776
310M200US34900,34900,"Napa, CA Metro Area",1511390,92828,56620,8935,127595,19400,149545,22273,159295,30564,60750,16554,208710,38905,141995,37393,165475,44371,441405,81875
310M200US34940,34940,"Naples-Immokalee-Marco Island, FL Metro Area",3187485,221715,84760,13904,172295,19343,325885,41400,452225,68051,208435,57947,579980,98168,306815,71541,415660,103841,641430,218265
310M200US34980,34980,"Nashville-Davidson--Murfreesboro--Franklin, TN Metro Area",22412770,415930,388870,23257,1036945,62997,1802350,81988,2585585,94392,1503945,114617,3865305,188101,2471240,179913,4024005,245471,4734525,368951
310M200US35100,35100,"New Bern, NC Metro Area",1145325,105482,48940,8323,114360,15925,138750,23119,120040,29206,81960,24033,149100,31912,90185,25876,130560,37568,271425,88118
310M200US35300,35300,"New Haven-Milford, CT Metro Area",9738110,243045,236445,22293,628075,32783,943860,60524,1289745,87288,698035,65300,1578340,120391,1039070,111152,1083340,113994,2241205,231158
310M200US35380,35380,"New Orleans-Metairie, LA Metro Area",14020525,296103,282510,17801,802105,52300,1411125,69421,1821110,88224,753270,79194,2679115,196132,1224615,131876,1812985,130213,3233690,293595
310M200US35620,35620,"New York-Newark-Jersey City, NY-NJ-PA Metro Area",325404685,1595686,3256360,77916,8261475,140636,14129120,274823,20533850,369435,11051295,279711,40531140,577039,31140280,630271,52928260,784924,143572900,1512452
310M200US35660,35660,"Niles-Benton Harbor, MI Metro Area",1311685,75265,75200,8707,119555,13585,176605,20019,173285,21146,84225,18445,160820,27589,126725,30490,118195,28714,277075,64015
310M200US35840,35840,"North Port-Sarasota-Bradenton, FL Metro Area",6537830,207080,123700,14940,393400,39597,755585,65336,1340785,104711,422125,50881,1407040,124068,470325,73948,744575,100634,880285,132121
310M200US35980,35980,"Norwich-New London, CT Metro Area",2993255,131662,94015,12399,244030,27276,372540,39341,453040,48133,256100,41658,415240,49369,227920,46425,311425,52025,618950,105561
310M200US36100,36100,"Ocala, FL Metro Area",2753620,166662,49715,11087,196535,32530,321605,43610,368580,47239,182225,43301,429570,72800,280675,66057,244940,55710,679770,141417
310M200US36140,36140,"Ocean City, NJ Metro Area",935225,85254,32785,6252,68675,13601,127260,20331,134650,25649,52675,18349,82110,22659,61045,20687,78950,24510,297070,78656
310M200US36220,36220,"Odessa, TX Metro Area",1427600,113021,55320,10211,142805,22287,221565,34487,210730,40105,51150,19944,246480,50711,56400,24393,87535,36401,355615,105401
310M200US36260,36260,"Ogden-Clearfield, UT Metro Area",6140740,198649,216845,18183,456125,35828,679865,52724,863830,61960,440635,40017,810850,74347,560270,85927,843780,87677,1268545,187121
310M200US36420,36420,"Oklahoma City, OK Metro Area",13597850,299714,396075,22430,923105,47960,1669215,79197,2161605,91612,1149005,81899,2704260,124627,1105940,94117,1425930,96887,2062720,277677
310M200US36500,36500,"Olympia-Tumwater, WA Metro Area",2929385,144648,63545,9400,205615,23221,342095,33294,391795,46509,185405,31492,390830,66073,272590,50567,396300,63548,681210,128322
310M200US36540,36540,"Omaha-Council Bluffs, NE-IA Metro Area",9069515,209095,336810,17001,790320,42447,1396120,66343,1617570,79783,888605,62765,1576800,101842,684800,66393,650125,77805,1128375,165836
310M200US36740,36740,"Orlando-Kissimmee-Sanford, FL Metro Area",28101385,450664,380745,30350,1098765,68555,2201995,114072,3140800,160548,1946900,152171,5479320,239831,3485485,279509,4677935,299377,5689435,524378
310M200US36780,36780,"Oshkosh-Neenah, WI Metro Area",1579875,81565,95270,12053,191465,19798,243890,25928,267705,30267,131865,24078,188840,36128,114120,33871,103995,35257,242730,58494
310M200US36980,36980,"Owensboro, KY Metro Area",942110,81269,56505,9217,106845,15151,124435,19563,124500,21420,56640,14156,109885,30832,77655,24014,108485,30646,177165,66081
310M200US37100,37100,"Oxnard-Thousand Oaks-Ventura, CA Metro Area",9691110,283694,214445,18882,548225,36810,742650,55497,1079180,83372,885500,103002,1645185,124769,811720,97187,1345700,127902,2418495,219502
310M200US37340,37340,"Palm Bay-Melbourne-Titusville, FL Metro Area",5266290,215840,129095,15455,306970,36266,655070,58912,770725,71083,323910,43008,848995,100890,387390,74285,625150,95894,1218985,175971
310M200US37460,37460,"Panama City, FL Metro Area",1759010,152086,57020,8589,114900,18395,233195,28601,296010,40887,80810,24912,385170,65536,119645,36514,166390,50796,305865,126740
310M200US37620,37620,"Parkersburg-Vienna, WV Metro Area",822400,62946,36630,6550,65495,13647,118850,17920,143360,25025,31470,15014,90155,21197,50365,22835,93900,30100,192175,64015
310M200US37860,37860,"Pensacola-Ferry Pass-Brent, FL Metro Area",4568670,204970,87720,12856,252920,32118,625965,62688,722085,67851,359530,51974,749925,83794,385340,74321,439590,77268,945595,181727
310M200US37900,37900,"Peoria, IL Metro Area",3550695,170512,147825,11654,265200,23591,471950,40971,587135,51647,325220,48240,626630,72155,271740,46658,318070,50907,536925,141133
310M200US37980,37980,"Philadelphia-Camden-Wilmington, PA-NJ-DE-MD Metro Area",79350760,736286,1307630,41634,3298075,86756,5452415,142315,7535990,202598,4512495,155215,11971180,302251,8976020,251576,13352735,392218,22944220,752697
310M200US38060,38060,"Phoenix-Mesa-Scottsdale, AZ Metro Area",47012110,577617,949145,38567,2410145,80952,4188040,157058,6001210,213145,3512700,168125,8964325,282474,5601845,198041,7336985,335441,8047715,406531
310M200US38220,38220,"Pine Bluff, AR Metro Area",781790,82115,17400,4192,54815,9476,132695,20687,95735,22167,47155,18605,83460,20371,56035,24737,79135,25365,215365,70557
310M200US38300,38300,"Pittsburgh, PA Metro Area",28579005,408765,629225,25159,1466830,54342,2351890,77541,3060735,117834,1935325,116458,4327980,146672,3366745,141708,4829190,203053,6611090,349701
310M200US38340,38340,"Pittsfield, MA Metro Area",1133395,83156,86345,12261,111070,16661,152885,25117,118920,21078,61850,16704,141390,28964,84750,26772,116570,30699,259615,72874
310M200US38540,38540,"Pocatello, ID Metro Area",588365,57868,60440,9663,82755,14333,98970,15329,62700,14243,24450,12617,43800,15567,10450,5745,39185,18652,165610,50857
310M200US38860,38860,"Portland-South Portland, ME Metro Area",6328570,215992,162095,15649,399955,34304,644600,53886,785770,61200,453980,61872,844495,83902,750070,83137,964985,100404,1322615,202685
310M200US38900,38900,"Portland-Vancouver-Hillsboro, OR-WA Metro Area",27373595,436321,581170,31116,1406865,71490,2507595,106247,3326745,113319,1937105,109978,4593505,192505,3135730,161202,3958425,193495,5926465,387922
310M200US38940,38940,"Port St. Lucie, FL Metro Area",4183785,242363,84635,16390,237405,36403,416510,55345,512295,61736,246645,48730,806670,121316,354295,71031,554285,104685,971045,219637
310M200US39140,39140,"Prescott, AZ Metro Area",1673400,132713,76650,14506,111685,17529,142535,29302,170755,28573,112595,34036,278610,46400,99925,32761,154715,42679,525925,119912
310M200US39300,39300,"Providence-Warwick, RI-MA Metro Area",18666075,403939,495870,27294,1181105,61799,1842820,81857,2244590,118684,1265330,110690,2778145,144225,1757060,154597,2374125,157659,4727030,342138
310M200US39340,39340,"Provo-Orem, UT Metro Area",5031725,168604,242645,16189,442090,32691,637860,44538,570545,43611,311295,41786,644170,58222,400470,50653,652255,82930,1130400,137186
310M200US39380,39380,"Pueblo, CO Metro Area",1341735,86873,58855,9082,124760,14699,190550,23551,152315,24341,55380,15692,213030,42501,122130,32470,188255,45064,236460,59570
310M200US39460,39460,"Punta Gorda, FL Metro Area",1300390,125112,30795,6102,90160,16680,136130,24911,156105,36224,39625,13739,244685,68268,95215,41819,173130,47153,334550,104994
310M200US39540,39540,"Racine, WI Metro Area",2082050,111764,77955,11400,145430,19465,190680,23728,224145,32258,132320,28118,283100,43568,253120,38492,340030,52090,435270,87375
310M200US39580,39580,"Raleigh, NC Metro Area",14492515,356385,295160,21566,713480,49957,1403260,84904,2027240,105438,1284915,98234,2688640,170768,1662120,139498,1781625,137683,2636080,310468
310M200US39660,39660,"Rapid City, SD Metro Area",1254390,88260,62015,7773,175955,24777,229100,28942,201995,32955,111360,30503,155790,38164,48490,17389,63790,24683,205890,67458
310M200US39740,39740,"Reading, PA Metro Area",4546310,171609,126090,12289,317875,26942,512715,40785,532955,48437,303210,44300,579250,66542,480745,53911,577065,69836,1116400,158988
310M200US39820,39820,"Redding, CA Metro Area",1322425,107729,68515,10676,159510,20584,231785,32959,191575,24669,79925,23952,112890,28594,51260,18073,70460,28897,356500,91387
310M200US39900,39900,"Reno, NV Metro Area",4145715,159016,118400,12141,384915,30435,666800,48943,749000,69004,337305,53685,605070,73538,245205,50867,336365,73718,702655,128924
310M200US40060,40060,"Richmond, VA Metro Area",14742675,352783,287110,21860,775925,57197,1523260,68158,2276675,120219,1323865,86215,2623290,129407,1545900,131070,1624035,139176,2762620,305381
310M200US40140,40140,"Riverside-San Bernardino-Ontario, CA Metro Area",52391035,749627,869045,43255,2100620,87756,3456650,136386,4369920,150171,2308475,134515,6690345,262085,4041885,200623,6957515,310464,21596580,746387
310M200US40220,40220,"Roanoke, VA Metro Area",3119230,149121,102700,11481,246750,26222,468450,42002,455580,48942,249055,37675,514235,70222,250140,56687,295610,67630,536710,108342
310M200US40340,40340,"Rochester, MN Metro Area",2047920,84557,104925,9489,221385,17290,344445,27697,292555,31021,130415,18776,289815,34790,129570,22088,164615,36007,370195,79035
310M200US40380,40380,"Rochester, NY Metro Area",10195180,208999,383345,22761,788530,45250,1438715,62154,1764475,88126,996050,73176,1612770,107052,882890,94644,904500,91799,1423905,167516
310M200US40420,40420,"Rockford, IL Metro Area",3405965,131985,113195,11146,260550,21519,380625,35444,523705,44419,307875,43237,419310,65847,247040,48283,234035,53406,919630,130145
310M200US40580,40580,"Rocky Mount, NC Metro Area",1204290,95031,49555,8328,106555,17201,161615,26697,191670,31510,58425,20254,163020,35632,93670,32628,153165,50986,226615,75419
310M200US40660,40660,"Rome, GA Metro Area",827875,96404,27580,6307,77335,13846,164790,31076,77060,24648,39150,15072,114540,29225,55210,28944,128365,61331,143845,64139
310M200US40900,40900,"Sacramento--Roseville--Arden-Arcade, CA Metro Area",23804775,442424,535815,27435,1223555,53674,2110130,85738,2966150,137039,1590725,97035,4068535,174407,2474530,143684,3108475,157072,5726870,324900
310M200US40980,40980,"Saginaw, MI Metro Area",1630240,73540,71445,8910,157650,17762,179000,19509,266410,34868,126725,25803,243510,38205,130805,30930,168705,34750,285990,50963
310M200US41060,41060,"St. Cloud, MN Metro Area",1918035,92890,97410,10629,194940,19713,264750,24655,214175,27607,131330,17673,269625,36493,135540,25353,198220,39681,412045,72080
310M200US41100,41100,"St. George, UT Metro Area",1096955,162832,64525,12234,135195,22663,160695,33663,126650,28030,59350,22017,101010,33799,55930,33630,90665,34585,302940,159031
310M200US41140,41140,"St. Joseph, MO-KS Metro Area",1057800,87654,70690,10676,124660,14219,175950,24428,148025,27494,55030,18395,85185,22465,48905,20986,115440,35709,233910,89036
310M200US41180,41180,"St. Louis, MO-IL Metro Area",32360240,459367,673280,32876,1636635,77346,2927605,102631,4299780,149309,2395225,123195,5619985,244258,3884720,182511,5192785,276642,5730220,342202
310M200US41420,41420,"Salem, OR Metro Area",3668975,181940,124735,14274,244845,28561,454925,45620,533660,53260,267905,39932,435405,64605,315475,58570,489925,84397,802105,159819
310M200US41500,41500,"Salinas, CA Metro Area",3631625,152011,111160,11576,251500,25410,629995,51449,627750,59642,197825,36031,581040,69736,314005,73552,316265,62094,602085,121301
310M200US41540,41540,"Salisbury, MD-DE Metro Area",3903490,187510,119135,13394,243140,24352,411335,44678,488515,51797,239585,36670,693085,78777,420845,66843,459440,79651,828400,159557
310M200US41620,41620,"Salt Lake City, UT Metro Area",11928135,222787,310185,22415,797095,46303,1430115,73056,2275595,101542,1011855,83049,2240775,131013,1036650,93498,1240590,138164,1585275,160393
310M200US41660,41660,"San Angelo, TX Metro Area",981765,83810,52865,9907,126810,21925,186340,25318,114380,29223,53475,20683,84055,21886,32920,20597,61385,27917,269540,89644
310M200US41700,41700,"San Antonio-New Braunfels, TX Metro Area",25944205,474418,516210,30827,1366270,71664,2561665,118582,3462895,132880,1855155,106063,4936760,222992,2335015,177623,3708465,233629,5201775,415516
310M200US41740,41740,"San Diego-Carlsbad, CA Metro Area",35782900,510817,666955,33460,1943560,90146,3790005,157992,5001220,183064,2690180,157946,6656025,222439,3572095,216646,4200375,187510,7262485,510572
310M200US41860,41860,"San Francisco-Oakland-Hayward, CA Metro Area",66947560,696863,796295,36501,2290230,84507,4006625,129760,5543545,208722,2921115,130212,9616290,256734,6859310,239668,11248785,315549,23665360,676450
310M200US41940,41940,"San Jose-Sunnyvale-Santa Clara, CA Metro Area",24575210,411115,369160,23062,1006035,51037,2170485,96586,3399525,133601,1779270,114036,4414700,193944,2216000,137366,3480725,190691,5739305,357684
310M200US42020,42020,"San Luis Obispo-Paso Robles-Arroyo Grande, CA Metro Area",2589235,193031,107210,14381,212085,25696,290505,40489,359625,53665,161350,33302,334070,53749,228715,55559,239610,60210,656065,182686
310M200US42100,42100,"Santa Cruz-Watsonville, CA Metro Area",3117660,160621,87710,12127,221405,30775,288725,41617,287655,42781,100785,23694,317340,63037,347390,73635,534525,97313,932130,148579
310M200US42140,42140,"Santa Fe, NM Metro Area",1356675,80167,55785,8153,117875,19979,175750,26163,209415,31472,92860,25939,174120,33545,74885,22053,170990,47971,284990,61853
310M200US42200,42200,"Santa Maria-Santa Barbara, CA Metro Area",3514360,186815,194995,17464,493215,42309,553420,52158,400450,56617,159540,30860,559760,88494,230440,53376,261860,67211,660680,147379
310M200US42220,42220,"Santa Rosa, CA Metro Area",5657555,242746,180290,15722,376185,30883,578510,46304,555675,54540,278200,44610,833915,99251,458170,67363,617645,67489,1778970,244980
310M200US42340,42340,"Savannah, GA Metro Area",3944810,173878,106995,11851,215650,24183,461395,53326,550420,60366,258255,46245,702215,67929,396535,72916,466775,74144,786570,161745
310M200US42540,42540,"Scranton--Wilkes-Barre--Hazleton, PA Metro Area",5116945,127922,171810,13864,431205,28017,698815,44554,804940,53092,375400,49131,793350,68253,415385,47445,481665,56152,944375,122007
310M200US42660,42660,"Seattle-Tacoma-Bellevue, WA Metro Area",51475135,585757,670465,32156,1892250,87732,3492970,125416,4834880,164028,3185845,134948,8543970,279496,6178430,255327,8311170,302239,14365150,525136
310M200US42680,42680,"Sebastian-Vero Beach, FL Metro Area",1095560,110334,55005,12481,113780,21812,134355,25951,130400,27884,50875,22849,144060,42913,84055,40129,97785,43248,285250,102725
310M200US42700,42700,"Sebring, FL Metro Area",578160,80694,27620,7233,66610,13848,99255,21909,58070,15334,27675,14335,64800,21091,44915,25309,61235,29100,127980,69359
310M200US43100,43100,"Sheboygan, WI Metro Area",995585,62192,73505,9231,130320,13810,164135,19782,155360,24648,66665,16170,98805,17308,61840,17787,47670,13393,197285,53434
310M200US43300,43300,"Sherman-Denison, TX Metro Area",1223480,101915,48990,9076,70205,13922,139790,22597,113380,22059,81900,33430,129350,27890,84695,28704,116910,37592,438250,93375
310M200US43340,43340,"Shreveport-Bossier City, LA Metro Area",4144335,186112,98975,14546,306160,32432,515980,42625,752455,62336,334540,50741,719085,76436,232505,54804,318690,70768,865945,189570
310M200US43420,43420,"Sierra Vista-Douglas, AZ Metro Area",927890,75906,44695,7197,77905,16558,133265,27373,161955,32754,51740,18108,90720,26238,49385,22073,68320,25361,249905,68985
310M200US43580,43580,"Sioux City, IA-NE-SD Metro Area",1461105,80174,86510,10312,176660,20773,266600,27664,207345,31401,82325,22366,210645,36982,105635,27453,96295,22149,229090,72401
310M200US43620,43620,"Sioux Falls, SD Metro Area",2441275,115118,108230,12551,280750,25975,492990,39473,514830,45890,191590,29109,279390,39287,132190,27568,133170,32561,308140,98087
310M200US43780,43780,"South Bend-Mishawaka, IN-MI Metro Area",3041915,114917,106980,12777,226250,23068,409310,36758,535220,50830,267685,40239,502250,58202,229035,36483,362865,64744,402325,89030
310M200US43900,43900,"Spartanburg, SC Metro Area",3182380,155842,83360,10753,239880,29689,385920,36774,433815,48428,236685,39307,494520,59275,338775,60642,317885,65386,651535,137148
310M200US44060,44060,"Spokane-Spokane Valley, WA Metro Area",4920170,197290,169040,14710,347665,33664,596935,46589,751620,63881,427450,54255,844175,88225,466215,68801,532065,98398,785005,152348
310M200US44100,44100,"Springfield, IL Metro Area",1902135,85239,80295,10137,183835,24561,325675,36516,335505,38839,159405,27599,270590,33408,82910,23168,173215,48229,290710,64627
310M200US44140,44140,"Springfield, MA Metro Area",6258215,185586,215060,17402,447165,29909,751430,53604,907175,70884,463675,59278,970120,77572,579525,59934,878325,99048,1045745,157000
310M200US44180,44180,"Springfield, MO Metro Area",4225530,177638,132450,11606,303385,28377,569255,43169,710510,53408,328840,49914,745925,73978,377075,67108,417190,71717,640895,160975
310M200US44220,44220,"Springfield, OH Metro Area",1301600,102666,43020,7173,111450,16825,155215,19065,170090,31132,78975,14851,153960,25789,145210,32113,185345,39508,258340,88368
310M200US44300,44300,"State College, PA Metro Area",1402660,92439,53475,9571,161195,24982,194680,25982,220735,28202,110365,21265,229500,45975,128165,39730,113720,35405,190825,63037
310M200US44420,44420,"Staunton-Waynesboro, VA Metro Area",1275070,93185,40830,7397,91840,16593,130830,20146,183995,22984,111845,27574,170160,37081,157445,44713,169290,42995,218830,77709
310M200US44700,44700,"Stockton-Lodi, CA Metro Area",8369905,285269,175650,17015,424055,39403,635595,44301,741040,61660,367875,53315,803580,85083,453705,72730,806050,99174,3962350,290547
310M200US44940,44940,"Sumter, SC Metro Area",867335,87982,32680,6447,79570,16997,108620,22143,139020,27207,33550,15158,100770,35711,50180,29255,96070,44600,226880,72330
310M200US45060,45060,"Syracuse, NY Metro Area",6146120,179863,209160,15408,503815,36997,815445,49859,1057620,68208,582370,51243,875465,78384,501015,55573,584815,73769,1016420,146421
310M200US45220,45220,"Tallahassee, FL Metro Area",3768800,176863,100010,10431,236710,27161,490785,48288,499570,46142,315965,44032,780185,81803,322790,48197,453830,78773,568950,134755
310M200US45300,45300,"Tampa-St. Petersburg-Clearwater, FL Metro Area",32520780,472665,577940,30065,1591455,79503,2760310,109441,3727115,142224,2058820,126912,5640635,208224,3724175,183424,5079665,245995,7360665,473482
310M200US45460,45460,"Terre Haute, IN Metro Area",1483965,122092,63115,7873,138220,16873,208200,29784,197630,26645,119650,27767,168990,31023,110075,28460,138595,33638,339485,110481
310M200US45500,45500,"Texarkana, TX-AR Metro Area",997155,107442,61015,10257,141345,20535,155160,27121,138175,28042,74050,23300,126150,33770,30980,14205,93190,36722,177095,104824
310M200US45540,45540,"The Villages, FL Metro Area",507420,82958,16985,6962,31340,15165,43605,11149,92955,23014,26490,13400,72150,28332,22760,12858,88705,38066,112430,63822
310M200US45780,45780,"Toledo, OH Metro Area",5456665,163609,224980,18611,509305,33125,773015,54322,1037985,62170,458415,54889,831000,72099,394325,59280,442630,59957,785010,125012
310M200US45820,45820,"Topeka, KS Metro Area",2151530,85156,96565,10672,188640,19199,380365,34384,335275,41405,130400,21304,277955,42331,147590,31936,232095,37981,362650,76099
310M200US45940,45940,"Trenton, NJ Metro Area",4642495,192543,86445,10868,234070,29142,454370,41305,529960,53322,289905,60537,454885,61221,362865,70116,490625,70400,1739370,173875
310M200US46060,46060,"Tucson, AZ Metro Area",9864760,242721,227590,18420,518640,37145,1068095,71956,1247810,72417,786290,76100,2010760,127094,1113550,123287,1420990,117400,1471040,186962
310M200US46140,46140,"Tulsa, OK Metro Area",9320970,167081,304555,15701,702470,30206,1269250,45577,1615615,68300,845740,49195,1722275,63028,709095,67918,844875,80057,1307105,132578
310M200US46220,46220,"Tuscaloosa, AL Metro Area",2137300,125181,39895,7088,136605,24631,291335,34636,459365,54071,200445,49412,323885,53462,143740,44816,224665,45621,317370,78133
310M200US46340,46340,"Tyler, TX Metro Area",2101945,125496,40450,7489,140390,17076,248850,32622,351195,46478,128075,33066,486815,69478,146280,43880,295290,62317,264605,98366
310M200US46520,46520,"Urban Honolulu, HI Metro Area",14013820,286653,201510,15557,546320,36709,889285,58654,1325855,87523,596150,53887,2734985,130780,1331185,99029,2190705,151301,4197835,287994
310M200US46540,46540,"Utica-Rome, NY Metro Area",2565775,104613,111375,11191,239335,22404,305065,29669,387140,38868,188910,25393,405445,39805,243760,44624,263775,45175,420970,79806
310M200US46660,46660,"Valdosta, GA Metro Area",1097720,98196,39925,6493,121765,19536,182175,29863,185840,31743,74840,23798,146610,33211,63165,25487,79665,39401,203735,74354
310M200US46700,46700,"Vallejo-Fairfield, CA Metro Area",5709875,294618,113725,13495,249770,25526,364350,40947,365050,43535,230505,36569,592440,71127,399720,58715,826835,97684,2567480,300097
310M200US47020,47020,"Victoria, TX Metro Area",964180,77586,39375,6958,86085,13866,148930,24909,121660,29333,26845,10711,132540,36353,60020,23330,119855,34115,228875,74250
310M200US47220,47220,"Vineland-Bridgeton, NJ Metro Area",1574285,113404,46025,9943,120840,18639,131490,26826,162170,30021,111900,27415,204695,41675,105695,34737,237460,49986,454010,99227
310M200US47260,47260,"Virginia Beach-Norfolk-Newport News, VA-NC Metro Area",19580610,377828,449220,27355,1145035,55336,2114220,88903,2823410,116121,1544230,115123,3636755,165945,1981310,155057,2494845,188751,3391585,301483
310M200US47300,47300,"Visalia-Porterville, CA Metro Area",3709810,216201,148875,16743,305005,32241,449990,43689,343060,47109,230110,45650,557675,73347,313450,71668,477000,96015,884640,163491
310M200US47380,47380,"Waco, TX Metro Area",2053190,112979,100805,10250,208965,22314,414135,44402,343465,42806,162110,32399,264630,40069,89115,25962,110360,39143,359610,111087
310M200US47460,47460,"Walla Walla, WA Metro Area",469590,60547,42505,7427,94080,15849,49025,10501,36225,11968,17360,9571,24780,11895,27695,12186,40810,22232,137105,52256
310M200US47580,47580,"Warner Robins, GA Metro Area",1700005,159124,48995,9639,113625,24493,249440,38612,268740,42890,129575,31759,309630,50997,154700,54169,132725,47745,292580,138654
310M200US47900,47900,"Washington-Arlington-Alexandria, DC-VA-MD-WV Metro Area",103135050,785889,901320,36410,2402945,75602,5010455,149809,7334970,192436,4388830,164995,14081840,402298,11791015,297194,18886750,481929,38336920,847964
310M200US47940,47940,"Waterloo-Cedar Falls, IA Metro Area",1357805,63476,107630,8973,207465,19185,247390,26808,240820,31598,114275,20884,156920,31899,60640,16831,78235,25953,144435,53284
310M200US48060,48060,"Watertown-Fort Drum, NY Metro Area",950085,66631,59895,7715,88320,11551,154595,29476,133515,22595,84265,22404,142385,26680,53015,17380,51395,19319,182700,68060
310M200US48140,48140,"Wausau, WI Metro Area",1364185,82401,67110,8049,146355,17873,211205,24163,215515,19884,87330,13580,150865,21366,94240,22067,84735,24570,306835,79210
310M200US48260,48260,"Weirton-Steubenville, WV-OH Metro Area",1310005,126639,34550,5588,86600,14559,124335,22298,124170,23414,77655,20410,147680,28881,132215,29795,207195,46096,375600,102764
310M200US48300,48300,"Wenatchee, WA Metro Area",872025,83253,57680,7458,92270,16205,151640,29043,135310,28830,47900,18624,93180,31833,87595,36100,57275,25126,149180,60917
310M200US48540,48540,"Wheeling, WV-OH Metro Area",1305335,78333,53425,7517,92530,14967,146230,24799,155855,18972,118200,23864,210600,34225,77950,20729,218565,42910,231980,58045
310M200US48620,48620,"Wichita, KS Metro Area",5557845,139839,230255,15559,480035,32681,906970,56207,1182410,83128,516695,52698,959630,85325,375785,56361,381845,59796,524215,106735
310M200US48660,48660,"Wichita Falls, TX Metro Area",1081160,72361,82535,9974,143990,17691,239655,36246,207720,37135,54370,14553,106600,24803,24370,10759,46640,18391,175280,66219
310M200US48700,48700,"Williamsport, PA Metro Area",988650,57942,59895,7694,101265,15943,144585,20527,143960,21360,89325,15606,116120,15763,69645,17386,80780,22678,183080,46010
310M200US48900,48900,"Wilmington, NC Metro Area",2612255,152170,72530,10319,225775,22174,419235,46209,389780,47670,134450,32396,416790,73441,218760,54043,315965,72687,418965,120423
310M200US49020,49020,"Winchester, VA-WV Metro Area",1769095,132005,35210,8323,103675,18388,132575,26562,160815,30491,73550,23669,173895,37416,139345,43956,207155,49739,742870,129593
310M200US49180,49180,"Winston-Salem, NC Metro Area",6334935,198714,170740,16786,461860,33683,738945,47344,873360,67407,571735,62235,1014505,91870,593520,79227,715890,104804,1194375,164898
310M200US49340,49340,"Worcester, MA-CT Metro Area",12191225,266526,234675,16772,637905,39389,969570,62655,1199485,87028,678635,66080,1728570,127747,1150275,104092,2062045,146006,3530065,227149
310M200US49420,49420,"Yakima, WA Metro Area",2029715,143646,89820,10107,190675,25540,262475,37610,319465,45595,108175,26622,396870,58949,107730,31509,167750,45974,386755,139077
310M200US49620,49620,"York-Hanover, PA Metro Area",5756295,219635,136165,16408,277640,26807,475885,39835,633350,56079,287535,37184,747350,65821,582425,70138,782050,86865,1833895,196538
310M200US49660,49660,"Youngstown-Warren-Boardman, OH-PA Metro Area",4973645,215876,204065,15437,389475,27306,653290,46125,815250,54441,438070,49178,586795,59722,375655,57736,432000,67328,1079040,167438
310M200US49700,49700,"Yuba City, CA Metro Area",1659855,122680,63085,11680,101335,15987,129790,21312,121380,24937,75750,23616,113210,27526,149745,39592,296215,55104,609345,115439
310M200US49740,49740,"Yuma, AZ Metro Area",1387405,104002,70005,9827,163775,22567,208275,27753,191925,37297,119905,32947,222480,44223,91500,49351,119955,40911,199585,74916
