GEO.id,GEO.id2,GEO.display-label,HD01_VD01,HD02_VD01,HD01_VD02,HD02_VD02,HD01_VD03,HD02_VD03,HD01_VD04,HD02_VD04,HD01_VD05,HD02_VD05,HD01_VD06,HD02_VD06,HD01_VD07,HD02_VD07,HD01_VD08,HD02_VD08,HD01_VD09,HD02_VD09,HD01_VD10,HD02_VD10
Id,Id2,Geography,Estimate; Aggregate travel time to work (in minutes):,Margin of Error; Aggregate travel time to work (in minutes):,Estimate; Aggregate travel time to work (in minutes): - Less than 10 minutes,Margin of Error; Aggregate travel time to work (in minutes): - Less than 10 minutes,Estimate; Aggregate travel time to work (in minutes): - 10 to 14 minutes,Margin of Error; Aggregate travel time to work (in minutes): - 10 to 14 minutes,Estimate; Aggregate travel time to work (in minutes): - 15 to 19 minutes,Margin of Error; Aggregate travel time to work (in minutes): - 15 to 19 minutes,Estimate; Aggregate travel time to work (in minutes): - 20 to 24 minutes,Margin of Error; Aggregate travel time to work (in minutes): - 20 to 24 minutes,Estimate; Aggregate travel time to work (in minutes): - 25 to 29 minutes,Margin of Error; Aggregate travel time to work (in minutes): - 25 to 29 minutes,Estimate; Aggregate travel time to work (in minutes): - 30 to 34 minutes,Margin of Error; Aggregate travel time to work (in minutes): - 30 to 34 minutes,Estimate; Aggregate travel time to work (in minutes): - 35 to 44 minutes,Margin of Error; Aggregate travel time to work (in minutes): - 35 to 44 minutes,Estimate; Aggregate travel time to work (in minutes): - 45 to 59 minutes,Margin of Error; Aggregate travel time to work (in minutes): - 45 to 59 minutes,Estimate; Aggregate travel time to work (in minutes): - 60 or more minutes,Margin of Error; Aggregate travel time to work (in minutes): - 60 or more minutes
310M100US10180,10180,"Abilene, TX Metro Area",1030595,139089,69990,10978,191225,26394,213810,25506,155945,26776,50400,20010,105890,33460,26935,16025,55600,18899,160795,94903
310M100US10420,10420,"Akron, OH Metro Area",7267675,169805,179280,13235,524975,39276,853090,49752,993460,79608,529350,53800,1128270,88957,859035,90378,1047300,128462,1152910,132914
310M100US10500,10500,"Albany, GA Metro Area",1179195,108067,35850,5921,111910,16415,191490,29922,165000,31170,80050,21900,232220,45185,65975,29633,109250,38873,187445,97914
310M100US10580,10580,"Albany-Schenectady-Troy, NY Metro Area",9261205,233004,261780,22615,672495,37432,1099255,71287,1495815,93979,767895,69308,1686685,122878,994460,93892,930940,94242,1351880,203118
310M100US10740,10740,"Albuquerque, NM Metro Area",8653075,252323,206825,18740,495610,42973,1005135,68203,1461595,99456,510390,58407,1731095,122354,739530,119551,914120,124133,1588775,247138
310M100US10780,10780,"Alexandria, LA Metro Area",1262475,151074,50420,10351,112030,16623,146280,24005,155335,35142,78675,26272,208080,50076,77640,24244,126560,41411,307455,139390
310M100US10900,10900,"Allentown-Bethlehem-Easton, PA-NJ Metro Area",9665275,279216,232305,16125,508125,42856,860885,64098,1139305,63685,539640,55764,1165225,94483,788620,79164,1233285,118676,3197890,271154
310M100US11020,11020,"Altoona, PA Metro Area",1007460,66200,52155,6104,120435,16057,171575,23143,139750,23091,73250,18235,144360,31745,77345,22506,115835,37606,112750,41286
310M100US11100,11100,"Amarillo, TX Metro Area",2211660,143186,95775,11601,270725,26237,345715,34498,348045,48654,97660,23838,324445,58995,122995,30873,157145,46535,449155,125504
310M100US11180,11180,"Ames, IA Metro Area",765505,56240,52710,9236,133825,18870,128580,23876,100825,22403,32325,10577,64840,19293,81440,28708,122270,31022,48690,22120
310M100US11260,11260,"Anchorage, AK Metro Area",3936860,182614,137140,14880,350255,31252,591935,71227,656755,63125,233710,43974,483240,60069,210205,55272,278235,61230,995390,183523
310M100US11300,11300,"Anderson, IN Metro Area",1214475,81403,43655,7899,83260,12480,110455,18223,112905,24913,62530,21702,149515,31672,135005,30234,219450,43077,297700,64783
310M100US11340,11340,"Anderson, SC Metro Area",1863670,154151,49315,10251,136160,25222,161930,28068,210765,43177,108075,31706,297440,58686,173355,48393,280730,65725,445905,140933
310M100US11460,11460,"Ann Arbor, MI Metro Area",3608820,141307,98575,11616,277510,27225,424130,44619,494575,52268,264450,40293,588050,69001,312740,39059,465400,65725,683385,117423
310M100US11500,11500,"Anniston-Oxford, AL Metro Area",1083255,93806,31090,6675,51845,11284,127315,22847,156430,32892,106110,31934,194370,36532,66395,20371,110300,30260,239395,91579
310M100US11540,11540,"Appleton, WI Metro Area",2203280,101109,95315,12760,250225,23138,309500,32870,372125,43685,195675,36912,330250,45268,205730,42379,149885,37740,294575,82216
310M100US11700,11700,"Asheville, NC Metro Area",3720125,155964,127450,17448,292780,34811,485290,51969,562210,68833,342015,60620,633750,82437,303100,62782,398715,82387,574815,133555
310M100US12020,12020,"Athens-Clarke County, GA Metro Area",1558305,96904,61615,10840,156875,23008,266805,33061,241090,35781,79215,22148,213130,45931,92595,25895,108015,35039,338970,89333
310M100US12060,12060,"Atlanta-Sandy Springs-Marietta, GA Metro Area",69350715,1143909,885575,42030,2468115,100136,4236210,182333,6181815,256609,3423440,218089,11235715,465635,7766625,394598,12175405,516991,20977810,985355
310M100US12100,12100,"Atlantic City-Hammonton, NJ Metro Area",2810705,168884,82380,12095,177955,23164,264020,37067,446090,53308,215095,43338,373185,63535,239865,57221,308705,79835,703410,143995
310M100US12220,12220,"Auburn-Opelika, AL Metro Area",1239815,96127,45105,10496,124885,19741,174985,27612,190600,36916,101225,31515,168750,34792,106895,34306,178130,59409,149240,68959
310M100US12260,12260,"Augusta-Richmond County, GA-SC Metro Area",5366550,242000,119630,12578,373865,32632,676900,64817,866975,70945,371155,53090,868980,103973,389820,80277,663195,98800,1036030,206400
310M100US12420,12420,"Austin-Round Rock-San Marcos, TX Metro Area",20976405,490574,458525,35771,1088865,65028,1988150,108077,2597250,160637,1242465,135344,3881480,225862,2076760,157791,2945020,274099,4697895,464611
310M100US12540,12540,"Bakersfield-Delano, CA Metro Area",7106545,307390,225865,22783,522170,38445,772650,69673,934505,79081,393975,60921,1181340,112509,420165,62353,710330,116939,1945545,310935
310M100US12580,12580,"Baltimore-Towson, MD Metro Area",38236085,602408,487700,30363,1303795,62755,2569030,96428,3696905,143500,2111570,148132,6141015,231509,3992105,215831,6278925,303672,11655035,529197
310M100US12620,12620,"Bangor, ME Metro Area",1555145,94807,55960,8220,136310,18070,160880,20735,192010,23803,83045,17729,214420,32934,115360,24103,160495,45124,436665,88383
310M100US12700,12700,"Barnstable Town, MA Metro Area",2318915,152581,76685,11218,190760,25174,232960,34230,236000,39486,123545,33811,305385,58323,157745,47073,275585,76967,720245,142751
310M100US12940,12940,"Baton Rouge, LA Metro Area",9161120,252121,163995,16731,446615,32588,944855,80212,1284710,94943,436135,57554,1698570,135096,735225,94107,1484745,180196,1966265,262958
310M100US12980,12980,"Battle Creek, MI Metro Area",1044230,68873,34975,5448,122310,15599,111575,19653,179925,31636,101650,30495,136110,26929,58355,18659,94170,24915,205155,48664
310M100US13020,13020,"Bay City, MI Metro Area",902280,86505,40085,7136,76590,11467,119990,20850,133405,23852,90885,26650,119130,27919,70945,26996,48995,18005,202260,80211
310M100US13140,13140,"Beaumont-Port Arthur, TX Metro Area",3287610,137538,133600,13909,249450,27095,444080,43225,445905,53099,207855,38518,648680,78650,286780,57306,342180,69087,529075,117032
310M100US13380,13380,"Bellingham, WA Metro Area",1818525,149552,75250,12578,153120,23127,317785,49135,243030,47983,120345,28120,297995,60325,127045,37953,99065,50979,384890,143690
310M100US13460,13460,"Bend, OR Metro Area",1101785,110716,72430,14169,169955,29723,169225,34076,135085,32857,54270,25400,119715,35507,46875,30154,146040,50485,188195,96175
310M100US13740,13740,"Billings, MT Metro Area",1494805,146836,70935,11927,181105,26277,223670,33479,325925,45821,83500,24633,142770,34184,63180,29362,94210,35414,309505,120583
310M100US13780,13780,"Binghamton, NY Metro Area",2023840,93572,89165,9633,245935,23266,295745,33445,331325,43675,168170,29854,263305,39019,121400,27875,223250,43856,285540,72396
310M100US13820,13820,"Birmingham-Hoover, AL Metro Area",12367140,317216,233495,22072,565330,42826,1023955,64788,1500825,103742,723840,76770,2463605,184261,1256120,131764,1938360,201901,2661605,249753
310M100US13900,13900,"Bismarck, ND Metro Area",1196520,128954,70585,9152,131800,17794,232020,30149,134735,24078,49600,19964,65670,21224,41015,20713,61485,25713,409610,128896
310M100US13980,13980,"Blacksburg-Christiansburg-Radford, VA Metro Area",1285605,86670,59665,8885,150960,25167,189075,28784,188345,34967,120000,24358,163860,34196,136670,35405,131140,40983,145885,50572
310M100US14020,14020,"Bloomington, IN Metro Area",1903245,120249,69175,8741,198670,28023,258875,32941,218890,33955,117885,28422,174090,30491,119330,37929,226750,47717,519580,107951
310M100US14060,14060,"Bloomington-Normal, IL Metro Area",1443525,93227,83285,10631,232090,22563,296740,32215,175685,31167,66705,15926,118200,23328,90235,28549,153030,63517,227555,63224
310M100US14260,14260,"Boise City-Nampa, ID Metro Area",5074530,216138,173315,17128,467290,38099,719960,61856,912045,92191,412300,58848,864160,115090,380315,77728,464870,88208,680280,180710
310M100US14460,14460,"Boston-Cambridge-Quincy, MA-NH Metro Area",64141525,744026,1144430,41525,2606960,85975,4098615,120710,5700660,187125,3052855,148424,10250060,267458,6922730,255384,11148650,379318,19216565,681027
310M100US14500,14500,"Boulder, CO Metro Area",3140870,170927,111340,13585,244265,31165,367265,40549,401530,47920,184110,41634,487720,61109,263280,55752,421610,67225,659745,150938
310M100US14540,14540,"Bowling Green, KY Metro Area",1152250,87392,70545,12898,104195,18674,195775,31621,171600,27418,110450,39754,126660,37234,63695,29682,126685,53712,182640,70488
310M100US14740,14740,"Bremerton-Silverdale, WA Metro Area",3025295,188009,61640,9697,172305,18929,233540,31294,324360,43091,191765,39034,361230,51733,183665,49910,217205,40526,1279585,170344
310M100US14860,14860,"Bridgeport-Stamford-Norwalk, CT Metro Area",11680140,327998,234835,15698,647125,43431,1080980,72195,1232220,77467,432745,52838,1388650,115901,897685,106261,1306245,114318,4459645,336435
310M100US15180,15180,"Brownsville-Harlingen, TX Metro Area",2721895,165423,94015,11510,253310,26308,418920,40606,517390,50805,165780,28031,547130,75839,211125,59697,191950,47949,322275,108011
310M100US15260,15260,"Brunswick, GA Metro Area",916575,112089,38055,9761,79660,14292,131125,24819,95280,27256,57320,23172,137010,47372,42120,18909,135240,45949,200765,79769
310M100US15380,15380,"Buffalo-Niagara Falls, NY Metro Area",10537055,231068,383820,22188,837890,45324,1314540,68814,1895205,96808,1029110,73648,1770950,110664,1098950,100247,879900,94680,1326695,175692
310M100US15500,15500,"Burlington, NC Metro Area",1575800,124100,41425,7708,103490,14995,219850,27091,154595,30308,107995,36162,263925,56911,160950,37804,223525,59725,300045,109092
310M100US15540,15540,"Burlington-South Burlington, VT Metro Area",2356825,119626,90970,11983,172410,20272,295155,32476,335595,38060,187170,29052,338915,47679,262425,50956,265480,44530,408705,113901
310M100US15940,15940,"Canton-Massillon, OH Metro Area",3842030,146473,144325,17159,295815,28638,470310,38361,533665,54995,261510,42953,563935,83223,357860,56107,453885,61958,760730,130469
310M100US15980,15980,"Cape Coral-Fort Myers, FL Metro Area",6349560,329809,84740,13147,293650,39214,546085,77847,568635,65522,357435,53181,1256375,125887,588290,109345,1091730,187045,1562620,293729
310M100US16020,16020,"Cape Girardeau-Jackson, MO-IL Metro Area",863915,82903,41355,6375,70395,12887,106870,18681,99100,24921,47570,18748,152520,30521,46085,17078,110820,38827,189205,61966
310M100US16180,16180,"Carson City, NV Metro Area",390720,55652,27240,6699,73025,15101,49840,14695,27420,12717,29400,15278,47250,19590,67265,35523,27595,16918,41690,39400
310M100US16220,16220,"Casper, WY Metro Area",696400,101844,38305,7117,99065,15685,165680,27444,93060,21102,20655,13457,35100,14686,11560,11880,39090,23578,193880,101587
310M100US16300,16300,"Cedar Rapids, IA Metro Area",2513335,104319,131920,14069,261595,25927,365510,32080,352755,44613,213925,40207,303945,39168,231885,45883,249490,58440,402310,88075
310M100US16580,16580,"Champaign-Urbana, IL Metro Area",1840090,100824,83315,9111,254100,23092,327000,36555,311360,48681,139695,27707,242910,39452,98940,22514,118920,30246,263855,66851
310M100US16620,16620,"Charleston, WV Metro Area",2873255,155685,86255,12155,185910,23342,322485,31205,417240,43255,208135,37516,391730,56879,230370,47578,351980,65402,679145,136242
310M100US16700,16700,"Charleston-North Charleston-Summerville, SC Metro Area",7183145,264030,157225,19123,360295,35438,731085,64772,1018385,98602,490690,96556,1510290,144597,687500,96080,932770,119465,1294900,192921
310M100US16740,16740,"Charlotte-Gastonia-Rock Hill, NC-SC Metro Area",19680075,428786,411460,35557,1061955,62756,1915920,110928,2446935,142559,1469705,134713,3734340,222955,2575865,205484,2606165,284194,3457730,362480
310M100US16820,16820,"Charlottesville, VA Metro Area",2082700,170657,43375,8666,113700,17376,301060,33391,242810,30803,133060,30356,354600,69652,242390,50046,139965,39837,511735,154327
310M100US16860,16860,"Chattanooga, TN-GA Metro Area",5118785,215404,142290,17709,306360,31393,573535,51177,794990,66711,412615,74380,1074300,113041,504825,94134,533675,89757,776200,142153
310M100US16940,16940,"Cheyenne, WY Metro Area",648380,55678,62550,8725,151335,24173,181540,25580,70950,20749,15350,9679,41460,20563,10200,8247,23790,17634,91205,50367
310M100US16980,16980,"Chicago-Joliet-Naperville, IL-IN-WI Metro Area",128192230,1100957,1799805,51812,4501010,110372,7366460,190277,10680460,228054,6045500,221820,19248740,430859,14865950,387488,22281535,602798,41402775,1179515
310M100US17020,17020,"Chico, CA Metro Area",1677810,167621,98070,14756,188445,28474,212055,37679,99410,24491,92670,30647,230130,43463,116530,34444,143640,40468,496855,164460
310M100US17140,17140,"Cincinnati-Middletown, OH-KY-IN Metro Area",22845150,407003,525670,26316,1303530,67726,2245305,116132,3240995,126717,1881905,96210,4428080,185304,2519810,154366,3223485,232152,3476370,289591
310M100US17300,17300,"Clarksville, TN-KY Metro Area",2589300,164724,74185,15061,126205,17823,311905,45341,376045,53505,173760,47395,465115,76441,204335,44943,370700,83624,487050,147220
310M100US17420,17420,"Cleveland, TN Metro Area",1134625,102804,25480,8030,80960,19980,152770,33836,161055,30939,42850,19823,169320,49666,68705,31261,245795,67916,187685,63868
310M100US17460,17460,"Cleveland-Elyria-Mentor, OH Metro Area",21801015,319340,538820,25218,1259060,54505,2077370,86454,2930585,109261,1884215,92826,4155100,161278,2818170,133683,2652425,147192,3485275,284573
310M100US17660,17660,"Coeur d'Alene, ID Metro Area",1170625,99998,42130,8299,119000,20041,169070,31860,209340,38976,65190,25230,118590,32760,119160,40671,156980,50753,171160,75031
310M100US17780,17780,"College Station-Bryan, TX Metro Area",1911200,265915,98360,19155,244645,38742,332040,46703,290745,45964,67375,25496,183985,54717,76865,26401,70735,28117,546445,271178
310M100US17820,17820,"Colorado Springs, CO Metro Area",6463765,238282,191005,19567,492330,38815,824205,62212,1137580,82292,518665,73227,1086245,114541,408120,69794,607980,103454,1197640,197401
310M100US17860,17860,"Columbia, MO Metro Area",1748985,147725,73680,11586,183520,20979,303325,39880,208530,36329,102320,30135,255690,59559,172195,50514,140775,36383,308950,153180
310M100US17900,17900,"Columbia, SC Metro Area",8054410,317973,176905,19819,489345,37512,874425,70517,1109310,77698,608315,72848,1547290,141567,881870,135739,1011745,154260,1355195,288276
310M100US17980,17980,"Columbus, GA-AL Metro Area",2383615,129730,68280,10803,212350,26191,359595,35039,456295,56498,181415,38103,360840,54649,156570,49521,218060,53192,370210,107474
310M100US18020,18020,"Columbus, IN Metro Area",687715,50185,31450,6913,66855,12825,136620,23300,105680,24539,54775,23749,59175,18256,61435,30999,66570,25357,105155,37395
310M100US18140,18140,"Columbus, OH Metro Area",19882750,365887,499395,29388,1145185,61541,2157970,106802,3075820,131976,1722105,117189,4018670,214381,2158065,147037,2203140,149705,2902395,329549
310M100US18580,18580,"Corpus Christi, TX Metro Area",3454410,155260,150880,16382,352505,37525,576395,53266,643930,67575,223940,42159,623350,92966,212275,50176,210490,58916,460645,104954
310M100US18700,18700,"Corvallis, OR Metro Area",671075,80965,33150,7096,82150,11133,108005,17335,60845,13217,44270,16175,70800,26330,46940,22128,45895,16605,179020,64896
310M100US18880,18880,"Crestview-Fort Walton Beach-Destin, FL Metro Area",1942895,109273,68855,13748,118435,17564,204835,37114,254995,56588,110720,33161,359945,74651,195405,52503,331925,70240,297785,95339
310M100US19060,19060,"Cumberland, MD-WV Metro Area",815630,73468,37105,8330,56070,9816,112705,26498,148690,32326,38470,15892,109170,31778,46075,20137,42365,16959,224980,66035
310M100US19100,19100,"Dallas-Fort Worth-Arlington, TX Metro Area",77548885,909946,1479245,61512,3593765,116538,6361300,193452,9041120,311379,4436775,171721,15236220,431549,8211320,388813,12777835,492556,16411310,688680
310M100US19140,19140,"Dalton, GA Metro Area",1122585,99720,36205,8889,102435,19271,164995,29095,238510,44672,89755,28346,217140,44357,57885,29033,116375,41855,99285,51378
310M100US19180,19180,"Danville, IL Metro Area",674675,53573,20370,4708,77565,13115,63890,14261,77770,17046,32375,10302,103230,25992,73415,19123,103900,26632,122165,46791
310M100US19260,19260,"Danville, VA Metro Area",1007860,99417,26045,5059,64525,10583,125375,23020,127600,22031,61350,15425,130140,27312,88815,23789,123155,37124,260855,88899
310M100US19340,19340,"Davenport-Moline-Rock Island, IA-IL Metro Area",3328255,115101,148135,13779,387350,26640,425690,39015,624470,49520,280195,38164,440710,52481,263590,45513,248155,47004,509960,114540
310M100US19380,19380,"Dayton, OH Metro Area",7610175,213989,271235,20394,646150,43833,1000460,47603,1212870,83586,643365,65340,1225250,110250,627505,85626,599205,92845,1384130,181950
310M100US19460,19460,"Decatur, AL Metro Area",1582565,103248,42195,8922,86110,17703,152105,26107,177840,31880,105005,30034,301230,55492,238110,54857,279395,51583,200580,74696
310M100US19500,19500,"Decatur, IL Metro Area",847270,53494,40140,5903,120090,15884,186510,24006,128530,24440,47575,16516,66810,21076,15810,7667,78525,25120,163280,41123
310M100US19660,19660,"Deltona-Daytona Beach-Ormond Beach, FL Metro Area",4655630,305991,102985,19322,273265,41203,391380,47837,535525,75880,291195,70567,793980,120104,407750,75101,600215,125128,1259340,276769
310M100US19740,19740,"Denver-Aurora-Broomfield, CO Metro Area",32478495,515172,553405,32268,1476175,65433,2798875,125232,3975605,153629,2206600,134117,6330890,236275,3787725,215926,4602115,267214,6747115,489204
310M100US19780,19780,"Des Moines-West Des Moines, IA Metro Area",5480890,169539,211130,19393,530215,34974,788820,64214,1103790,66678,611070,76180,879255,89269,369660,49565,322620,59590,664340,134367
310M100US19820,19820,"Detroit-Warren-Livonia, MI Metro Area",45090675,550489,852305,35712,2197080,75355,3764440,114833,5460830,174063,3100865,122031,7918800,256339,5786635,238079,6954685,273483,9055030,458754
310M100US20020,20020,"Dothan, AL Metro Area",1236560,82040,47425,5092,118120,11555,145365,14486,191015,24384,72635,16212,265505,26763,76985,17695,136230,37197,183275,66873
310M100US20100,20100,"Dover, DE Metro Area",1884090,129958,46260,8014,110480,19899,190050,33407,220775,37367,75525,26319,240190,53258,132200,41240,231355,65217,637250,127205
310M100US20220,20220,"Dubuque, IA Metro Area",820570,83211,53385,7338,130610,12254,142275,18282,140265,26113,44035,15182,77760,22278,37665,12978,20100,11362,174480,75136
310M100US20260,20260,"Duluth, MN-WI Metro Area",2464895,86561,123435,9671,280655,22698,306595,23607,328710,35765,159215,20124,400470,44660,193490,29243,241915,39223,430410,80578
310M100US20500,20500,"Durham-Chapel Hill, NC Metro Area",5181415,213670,127440,14021,378050,38722,600520,62749,806605,66931,415815,60665,949915,102830,507140,78280,677610,109984,718320,133082
310M100US20740,20740,"Eau Claire, WI Metro Area",1523070,92747,79975,10493,153085,17639,251535,32722,229860,30502,93010,19104,173900,31562,82690,23133,120295,31176,338710,77504
310M100US20940,20940,"El Centro, CA Metro Area",1326395,121315,45740,7075,98745,15998,152735,28923,153540,30462,63535,19020,234480,52958,31040,16529,59505,27416,487075,126266
310M100US21060,21060,"Elizabethtown, KY Metro Area",1163940,96923,38560,7888,98730,17136,137320,25879,153410,30101,47960,15812,152820,35159,93740,31237,176000,40195,265400,88419
310M100US21140,21140,"Elkhart-Goshen, IN Metro Area",1615390,97337,69695,13551,157400,24322,272090,40569,262825,38983,110725,30965,264780,51379,161710,51751,155790,61932,160370,59196
310M100US21300,21300,"Elmira, NY Metro Area",744720,80469,42105,7552,84685,12141,101905,18493,111210,22701,53660,16416,66540,19478,65340,36604,82095,32528,137175,64403
310M100US21340,21340,"El Paso, TX Metro Area",7464205,326778,141650,15827,482100,55764,750005,77078,1359525,101530,590510,100676,1683390,144772,610550,107533,676570,136029,1169900,287967
310M100US21500,21500,"Erie, PA Metro Area",2333395,94391,117330,11735,228880,26196,386925,42760,374180,36453,171385,28289,367880,52893,177705,39573,205035,44228,304075,69672
310M100US21660,21660,"Eugene-Springfield, OR Metro Area",2752135,137274,121920,13940,309080,31647,474210,42094,461830,55003,147440,30974,344630,49614,154430,36357,221940,58460,516645,111872
310M100US21780,21780,"Evansville, IN-KY Metro Area",3332705,140797,107610,11621,284130,28989,535830,42776,577135,51546,232970,38735,566710,70072,325245,53677,283685,42603,419390,104188
310M100US21820,21820,"Fairbanks, AK Metro Area",900945,79759,37830,8266,97865,18361,173090,29092,192655,40560,74075,34506,149220,49105,38620,24051,52015,30487,85575,50759
310M100US22020,22020,"Fargo, ND-MN Metro Area",1985445,115671,110815,15101,326580,34169,397775,38478,336500,44639,100350,27801,162300,33428,116960,34274,109615,39268,324555,111029
310M100US22140,22140,"Farmington, NM Metro Area",1188920,91093,31585,5983,94975,17525,133115,26798,154040,33155,56930,20194,227790,54857,72360,27399,112765,34548,305355,84166
310M100US22180,22180,"Fayetteville, NC Metro Area",3669570,194881,100325,13326,225265,26163,455170,40598,594870,70501,269605,54018,622595,79749,219505,50272,335785,78771,846450,206757
310M100US22220,22220,"Fayetteville-Springdale-Rogers, AR-MO Metro Area",4231380,206278,176320,17547,336795,35261,610085,49387,604975,65739,366080,70003,679310,90436,400610,65809,434010,76014,623190,165713
310M100US22380,22380,"Flagstaff, AZ Metro Area",1126640,107905,91930,13892,160775,21434,120670,22048,113090,29824,70750,31071,72330,25139,40925,17398,85220,32338,370945,99545
310M100US22420,22420,"Flint, MI Metro Area",3881500,170035,93555,11561,246875,24582,444935,51273,499280,45902,205645,31996,401870,59623,272260,45725,489930,75123,1227145,165079
310M100US22500,22500,"Florence, SC Metro Area",1715650,121155,57800,10085,129245,18438,226810,30999,278725,43194,83075,23179,339420,52646,69920,27333,175130,47339,355525,97908
310M100US22520,22520,"Florence-Muscle Shoals, AL Metro Area",1414025,136414,49240,8598,119195,16313,141700,24025,171835,33199,81205,25393,199350,38261,75050,33215,186630,51014,389815,119416
310M100US22540,22540,"Fond du Lac, WI Metro Area",1040275,73547,65560,8862,97205,11413,99960,16925,106470,16842,96520,21792,125490,23583,88870,18853,131730,30732,228470,64593
310M100US22660,22660,"Fort Collins-Loveland, CO Metro Area",3393230,212434,115440,14087,268420,27954,440885,46529,430650,53357,142265,32595,425800,55510,163325,44128,346475,58879,1059970,209038
310M100US22900,22900,"Fort Smith, AR-OK Metro Area",2254930,112052,101500,10731,210900,24333,336850,39717,327815,41205,177180,42309,376585,52760,192985,49349,220970,45879,310135,80436
310M100US23060,23060,"Fort Wayne, IN Metro Area",3797770,134248,112805,13773,316170,24757,535705,42438,802725,60448,368980,44368,519805,52519,322450,60283,312590,44020,506540,99303
310M100US23420,23420,"Fresno, CA Metro Area",7159440,236475,213345,20450,509190,47512,1252075,92812,1108925,82468,414055,52796,1222050,112878,399020,70474,694010,110366,1346765,182065
310M100US23460,23460,"Gadsden, AL Metro Area",894995,73129,21480,7160,71675,12452,136435,23162,107075,23392,33300,14180,101280,22787,53325,27360,103020,33438,267405,72885
310M100US23540,23540,"Gainesville, FL Metro Area",2351985,143819,78385,13771,206870,23861,386070,49072,392080,51695,158075,44467,396805,67684,130760,38380,234190,62543,368745,109790
310M100US23580,23580,"Gainesville, GA Metro Area",1907385,143930,38800,10085,109270,20942,178500,30227,262740,43178,128665,32261,256110,62289,205010,62113,266550,78906,461740,125137
310M100US24020,24020,"Glens Falls, NY Metro Area",1318065,95973,53500,8047,90330,13717,114430,19408,138865,22710,66360,17867,170350,33169,125950,37560,218105,45530,340180,82413
310M100US24140,24140,"Goldsboro, NC Metro Area",1123410,134690,44460,9112,83110,14804,156845,28674,160650,27702,124525,38538,145290,34789,72040,38042,84855,38852,251635,125858
310M100US24220,24220,"Grand Forks, ND-MN Metro Area",720465,42632,75690,7664,138225,18189,137375,21534,67805,12580,34345,9918,82680,19764,29955,11482,53610,20120,100785,29308
310M100US24300,24300,"Grand Junction, CO Metro Area",1472760,156546,60500,10417,152525,17880,179790,26727,180760,30843,79295,32079,99015,27651,63535,35801,84810,35586,572525,154367
310M100US24340,24340,"Grand Rapids-Wyoming, MI Metro Area",7515635,220659,240685,20076,592520,33611,944310,51100,1158095,68414,574500,64988,1063915,87166,793745,82901,764855,92397,1383000,192169
310M100US24500,24500,"Great Falls, MT Metro Area",604465,45403,35290,5300,107615,17211,138130,24182,101420,25809,39025,18099,77220,27519,14485,10223,34065,16253,57215,27135
310M100US24540,24540,"Greeley, CO Metro Area",2989935,271422,88205,15127,150945,25461,280120,43685,302780,43779,208790,55784,309720,68215,261725,52891,378070,86671,1009575,275025
310M100US24580,24580,"Green Bay, WI Metro Area",2899720,120085,130370,11881,320740,29646,431735,37844,481505,47468,240695,35488,388725,48322,235705,43830,260730,45650,409520,90467
310M100US24660,24660,"Greensboro-High Point, NC Metro Area",6834810,244636,194205,22570,560950,43352,918030,71137,990585,83227,611040,75180,1240380,122993,487650,75763,654545,118896,1177415,180361
310M100US24780,24780,"Greenville, NC Metro Area",1723440,115542,56170,11274,154060,26868,265880,47362,203735,33889,123595,30182,260610,48495,167930,59580,159245,47593,332215,100124
310M100US24860,24860,"Greenville-Mauldin-Easley, SC Metro Area",5868180,230193,164360,17199,471960,31398,739970,57968,984385,74824,492100,80283,1034640,105615,481335,90408,654130,105626,845300,161155
310M100US25060,25060,"Gulfport-Biloxi, MS Metro Area",2437565,176899,72930,12552,222735,35357,276900,36888,340685,49194,156985,50585,456750,73943,156995,42261,237395,70872,516195,157902
310M100US25180,25180,"Hagerstown-Martinsburg, MD-WV Metro Area",3474730,224804,71555,11528,180670,24182,289785,33455,269945,31437,143175,32109,375300,57441,258645,46487,356550,60884,1529105,235170
310M100US25260,25260,"Hanford-Corcoran, CA Metro Area",1041435,76108,46680,7923,122045,19088,120140,19387,110120,24047,48875,16908,165780,36508,105855,33346,150035,41678,171900,65529
310M100US25420,25420,"Harrisburg-Carlisle, PA Metro Area",5615150,141982,178255,13985,456170,36298,751705,52404,836325,71571,400720,42529,875790,89907,534520,57127,606015,68282,975650,130428
310M100US25500,25500,"Harrisonburg, VA Metro Area",1096765,99652,46610,8445,134095,19788,115850,20813,193395,25393,75955,20923,171845,38519,69475,23759,84850,26935,204695,83377
310M100US25540,25540,"Hartford-West Hartford-East Hartford, CT Metro Area",12929515,280868,373380,25311,847295,52862,1336720,71515,1905195,109563,1119685,94353,2310125,134029,1439965,128326,1555635,139648,2041510,246989
310M100US25620,25620,"Hattiesburg, MS Metro Area",1442185,134777,47280,8395,92815,17935,209235,34917,167480,35849,110410,35534,227610,50994,85885,38718,134365,45170,367105,127811
310M100US25860,25860,"Hickory-Lenoir-Morganton, NC Metro Area",3153185,165762,98765,14590,261605,23440,411675,36784,517225,57970,175230,33615,544050,77879,206805,47304,404785,74502,533045,119966
310M100US25980,25980,"Hinesville-Fort Stewart, GA Metro Area",673380,67059,27195,6786,71725,14794,132500,28984,93975,21681,45225,17085,98130,31954,40160,18853,52765,23732,111700,63310
310M100US26100,26100,"Holland-Grand Haven, MI Metro Area",2314095,135213,124270,14488,173810,22464,325275,43707,340995,49619,263140,54820,425580,61338,231745,46108,201050,48509,228230,80561
310M100US26180,26180,"Honolulu, HI Metro Area",12128670,295293,193675,17506,527905,39722,971425,57310,1404490,75088,572185,56250,2702250,142927,1141570,117240,1781580,150286,2833590,277750
310M100US26300,26300,"Hot Springs, AR Metro Area",916890,162852,36205,7596,73285,17837,117530,29747,92255,27542,39425,16175,104280,33521,28130,17497,71725,32835,354050,175077
310M100US26380,26380,"Houma-Bayou Cane-Thibodaux, LA Metro Area",2115485,144440,71580,10355,160580,21279,224620,33200,201170,33986,159905,38083,341370,54041,152675,43502,218475,48251,585115,101657
310M100US26420,26420,"Houston-Sugar Land-Baytown, TX Metro Area",74321680,873501,1143605,63639,3037785,91352,5676085,186301,8319885,278899,4237235,192660,14528595,383403,7745755,347563,12280040,540919,17352700,707962
310M100US26580,26580,"Huntington-Ashland, WV-KY-OH Metro Area",2263160,114725,89825,13256,171720,23900,261330,27219,310350,34889,189760,34849,349535,53120,230575,45864,264060,70894,396005,101965
310M100US26620,26620,"Huntsville, AL Metro Area",4173490,167420,112370,12097,290020,32552,533045,48171,715550,58264,281525,40972,959675,100827,353040,60107,411540,77730,516725,134861
310M100US26820,26820,"Idaho Falls, ID Metro Area",1055560,84218,72460,10238,129050,16191,140405,21599,146595,29692,37775,18388,108660,29080,50825,21412,78415,27124,291370,69043
310M100US26900,26900,"Indianapolis-Carmel, IN Metro Area",19658385,360565,442430,34308,1016705,64327,1753630,89362,2630510,136168,1575825,128483,3960715,202574,2426325,200696,2978080,217255,2874170,246433
310M100US26980,26980,"Iowa City, IA Metro Area",1505665,85377,67620,11904,184920,24310,226085,34155,266940,39310,144850,36093,262965,49619,104575,36982,101755,39756,145955,59681
310M100US27060,27060,"Ithaca, NY Metro Area",870515,84062,44680,6366,85675,13941,121185,21592,168195,31838,99650,27400,89130,19829,35610,17287,71860,31749,154530,70232
310M100US27100,27100,"Jackson, MI Metro Area",1416910,111016,47085,9133,109605,15513,154080,22055,180450,30608,92135,20805,165070,34083,163110,30936,200180,46106,305195,107436
310M100US27140,27140,"Jackson, MS Metro Area",5258490,180999,113190,12659,279860,26956,673760,65013,879445,80876,477580,61000,1109790,97318,476695,85097,477940,93264,770225,160772
310M100US27180,27180,"Jackson, TN Metro Area",920370,115516,29870,6283,104475,17201,146715,22231,105805,24478,57470,22879,133680,31514,56930,21314,69495,32440,215930,103204
310M100US27260,27260,"Jacksonville, FL Metro Area",14303015,372575,247295,23543,729720,67997,1252655,96656,2200390,145506,1179840,133480,3007685,232030,1681495,184961,2010315,195954,1993620,229609
310M100US27340,27340,"Jacksonville, NC Metro Area",1905745,148059,69080,11383,117205,22086,166915,30490,256570,44392,115685,36736,298320,56219,168225,51445,341265,112980,372480,90311
310M100US27500,27500,"Janesville, WI Metro Area",1686445,100619,55020,7429,117875,16833,170305,29936,183880,25790,122415,27760,237910,46632,183410,38742,231105,61897,384520,79939
310M100US27620,27620,"Jefferson City, MO Metro Area",1273815,88439,53820,7935,159065,18540,195630,29108,143270,25462,79695,25221,212015,35401,154330,36113,162300,39587,113700,40804
310M100US27740,27740,"Johnson City, TN Metro Area",1696570,128015,61685,10602,135055,21649,215415,33262,272815,44094,176955,35653,284830,56765,143895,39563,155225,46064,250695,96762
310M100US27780,27780,"Johnstown, PA Metro Area",1280805,65821,51895,6319,103045,13412,123815,17508,148115,21857,85790,16680,163835,23711,159020,30104,171265,31077,274030,54101
310M100US27860,27860,"Jonesboro, AR Metro Area",780260,88579,61880,11892,123605,27771,93060,18072,106980,25773,36550,13995,126030,32501,36615,14714,42450,19728,153090,69248
310M100US27900,27900,"Joplin, MO Metro Area",1375805,103145,76150,11139,162740,20214,202320,30800,232260,35125,112610,26118,188010,37398,83590,27506,138220,44137,179905,68452
310M100US28020,28020,"Kalamazoo-Portage, MI Metro Area",3061285,171136,102790,11921,257995,31744,411760,35590,475505,53736,230540,31266,428965,51005,221045,41616,268695,48371,663990,147766
310M100US28100,28100,"Kankakee-Bradley, IL Metro Area",1079320,91630,40150,7014,79290,14164,95270,20862,122385,26656,54200,16054,105780,27758,59845,17030,191310,49640,331090,88385
310M100US28140,28140,"Kansas City, MO-KS Metro Area",21499740,371699,638705,30803,1319445,62031,2478605,80991,3237980,132735,1737030,101311,4041330,196518,2266015,150870,2587675,183806,3192950,300675
310M100US28420,28420,"Kennewick-Pasco-Richland, WA Metro Area",2362550,171050,79175,13972,169625,24449,351735,43549,333620,54012,158955,42724,225510,53024,192760,61185,333160,86250,518005,147531
310M100US28660,28660,"Killeen-Temple-Fort Hood, TX Metro Area",3299640,238867,145560,19485,363370,38380,491890,70325,500600,61825,219200,51877,467155,74423,217495,58561,322745,96618,571625,196106
310M100US28700,28700,"Kingsport-Bristol-Bristol, TN-VA Metro Area",2836805,143983,79210,12921,216495,25878,352670,40352,356655,40135,207150,37902,402325,64287,266775,51055,357645,59564,597880,129895
310M100US28740,28740,"Kingston, NY Metro Area",2053020,144004,63930,8973,110805,16613,183565,23562,164785,29848,139455,27255,208860,38225,216985,47714,309930,56575,654705,119638
310M100US28940,28940,"Knoxville, TN Metro Area",7028350,240807,158635,17075,551550,47488,886170,72768,1149720,74990,602030,75001,1348965,124793,663735,106147,663185,105316,1004350,194575
310M100US29020,29020,"Kokomo, IN Metro Area",943930,94318,44605,7354,78920,10417,114320,18418,107560,25624,29595,12953,69690,20787,24240,11966,146905,38010,328095,87710
310M100US29100,29100,"La Crosse, WI-MN Metro Area",1274990,80617,62230,8222,138395,16654,199850,24001,246625,31258,94400,20089,188280,38546,70870,18290,82620,27774,191720,51016
310M100US29140,29140,"Lafayette, IN Metro Area",1723015,87518,80490,11046,200850,22669,305315,31703,273780,37697,130475,24694,217980,40843,82670,24400,146170,37124,285290,77107
310M100US29180,29180,"Lafayette, LA Metro Area",2815395,148415,87090,13548,262090,36829,375605,44170,379600,52065,177155,40275,473000,78552,165890,52504,213525,59693,681445,142406
310M100US29340,29340,"Lake Charles, LA Metro Area",1752800,140377,66255,10151,154760,21344,253460,36788,291640,48169,110100,25775,252060,50776,81270,22975,140900,56626,402345,130939
310M100US29420,29420,"Lake Havasu City-Kingman, AZ Metro Area",1401115,167524,68830,13647,153850,31999,181585,38055,147035,38482,63950,33464,172560,54437,78825,70931,98195,47001,436285,163952
310M100US29460,29460,"Lakeland-Winter Haven, FL Metro Area",5656220,345287,116460,16830,277990,34128,581280,54712,688285,80435,402610,71023,852010,109306,494620,89561,860430,114545,1382530,278484
310M100US29540,29540,"Lancaster, PA Metro Area",5466655,215369,180305,16202,418795,30656,566875,40725,823890,69023,383300,48593,755685,80131,570380,74562,545730,80973,1221695,188418
310M100US29620,29620,"Lansing-East Lansing, MI Metro Area",4244485,142565,136145,13459,391850,29075,660715,50680,664675,53663,307080,40630,588235,63956,307165,47834,371095,63112,817525,128483
310M100US29700,29700,"Laredo, TX Metro Area",1931775,162465,44890,9708,173735,28028,308845,40767,332785,53539,61675,26128,370890,81359,179440,91150,115080,43071,344435,139505
310M100US29740,29740,"Las Cruces, NM Metro Area",1685735,124334,67250,11676,170475,25006,253020,34016,244535,38951,124450,41778,263280,53559,115260,33395,173465,57473,274000,108133
310M100US29820,29820,"Las Vegas-Paradise, NV Metro Area",20556330,496785,343540,29473,977100,67651,2199745,133862,3498255,175190,1667340,169652,4858675,355018,1821550,231384,1745300,203297,3444830,486192
310M100US29940,29940,"Lawrence, KS Metro Area",1179715,102379,69105,12048,127740,27824,180170,29364,95355,24611,62875,23267,135150,34681,115115,37654,175975,58751,218230,83908
310M100US30020,30020,"Lawton, OK Metro Area",965645,76844,53660,8328,130310,18172,183210,25710,165600,33757,74975,20124,131340,30467,50705,25029,48030,24857,127815,61635
310M100US30140,30140,"Lebanon, PA Metro Area",1405590,95074,46800,7652,92795,13410,158760,23504,174300,23381,94375,19725,203175,39993,170090,38208,200750,41721,264540,66654
310M100US30300,30300,"Lewiston, ID-WA Metro Area",434745,58537,32280,5506,74520,10573,78885,13977,53475,16411,13200,7510,24420,13996,15180,7197,52030,25394,90760,50993
310M100US30340,30340,"Lewiston-Auburn, ME Metro Area",1067910,89715,43655,6739,78295,13064,115245,17075,146795,22552,58215,15383,124290,25747,111465,30041,190095,46707,199850,69678
310M100US30460,30460,"Lexington-Fayette, KY Metro Area",4626410,178564,140330,15654,406315,34014,679610,53086,767455,71060,396815,58811,797410,89282,330260,49356,386410,74740,721810,142298
310M100US30620,30620,"Lima, OH Metro Area",820225,66946,45050,8246,96800,17001,109570,16376,142305,26087,85205,27450,106860,26720,54345,16445,59380,22093,120710,54575
310M100US30700,30700,"Lincoln, NE Metro Area",2921050,148306,133450,16164,346490,29490,543130,46399,527495,45813,258255,43565,375585,50397,95115,27361,227820,59270,413710,124324
310M100US30780,30780,"Little Rock-North Little Rock-Conway, AR Metro Area",6980925,206066,197910,16680,541130,46008,828500,56806,1148925,91781,483325,60528,1318970,106603,630975,89825,894255,108902,936935,162679
310M100US30860,30860,"Logan, UT-ID Metro Area",915835,57824,69260,8714,148005,19306,145445,25287,122635,26428,49500,16316,77910,17536,47485,21882,68335,23030,187260,48354
310M100US30980,30980,"Longview, TX Metro Area",2157875,128098,80670,11551,144155,22564,221250,27461,239995,37737,123415,23311,341615,46157,172980,41948,156360,41095,677440,130978
310M100US31020,31020,"Longview, WA Metro Area",946660,119259,28940,7107,71625,14813,91290,21848,81640,21609,25225,13676,140660,48473,53995,22379,112880,48220,340405,123664
310M100US31100,31100,"Los Angeles-Long Beach-Santa Ana, CA Metro Area",155159475,1082820,2298835,66576,6722650,138113,11526860,234278,16252075,254664,7250640,203824,28789405,531765,14926640,430824,22624370,550251,44767995,1063394
310M100US31140,31140,"Louisville/Jefferson County, KY-IN Metro Area",13693555,283987,291840,21142,785915,53621,1403345,70820,2221840,123251,1232050,93296,2513495,133555,1358490,115989,1478045,130565,2408545,233525
310M100US31180,31180,"Lubbock, TX Metro Area",2158255,112992,130470,19474,366625,31701,555465,56889,361830,49639,91610,34219,267780,52958,64795,24079,112780,37620,206895,70142
310M100US31340,31340,"Lynchburg, VA Metro Area",2522735,156732,70575,10008,173505,20595,325130,36666,338655,45072,208930,38458,370355,58803,225970,46104,307380,58109,502235,123461
310M100US31420,31420,"Macon, GA Metro Area",1874360,117153,46500,8266,145155,21909,253535,33898,355895,47304,113995,31860,285130,40833,163360,40744,176540,58458,334245,95992
310M100US31460,31460,"Madera-Chowchilla, CA Metro Area",968135,108945,31700,8186,66380,17688,96210,19140,86960,25125,28425,11062,202260,44657,73110,25417,111195,43778,271900,92577
310M100US31540,31540,"Madison, WI Metro Area",6432250,182900,211035,19822,500085,32093,781800,55547,1000710,80240,555510,58327,1136110,93951,601905,76400,674305,89191,970790,153499
310M100US31700,31700,"Manchester-Nashua, NH Metro Area",5213365,203298,103930,12548,286545,26794,424630,42405,518575,47384,400835,50409,710520,76535,515395,76677,759235,97536,1493700,188684
310M100US31740,31740,"Manhattan, KS Metro Area",1046920,69415,58290,8821,139410,18399,173950,29856,201685,31244,70185,20831,139380,32117,61990,22330,58555,26409,143480,55325
310M100US31860,31860,"Mankato-North Mankato, MN Metro Area",859805,56201,69915,7448,133500,15217,135755,21273,123805,19907,58120,13831,72260,15112,56185,22334,40180,15323,170090,36464
310M100US31900,31900,"Mansfield, OH Metro Area",1034705,78230,47035,7803,110405,15901,137310,23453,177815,26381,73020,22964,118980,27968,51790,19045,76770,30110,241575,67273
310M100US32580,32580,"McAllen-Edinburg-Mission, TX Metro Area",5898880,331924,166185,19393,448155,53093,922035,79342,882625,73712,409730,79060,1170300,131225,271910,66794,375385,73154,1252550,304261
310M100US32780,32780,"Medford, OR Metro Area",1476680,122984,68895,12915,132275,22857,241500,32377,208260,33662,169040,33114,199735,47523,126380,48784,80955,33925,249635,100462
310M100US32820,32820,"Memphis, TN-MS-AR Metro Area",13272930,337417,322240,24284,775325,46689,1282205,74325,1994155,117531,1073855,103677,2761135,134207,1336685,120095,1882425,178841,1844910,221697
310M100US32900,32900,"Merced, CA Metro Area",2188925,186614,74715,9966,177975,24298,193420,25573,229160,37990,82355,27662,216360,45743,121765,39191,274855,82973,818325,173794
310M100US33100,33100,"Miami-Fort Lauderdale-Pompano Beach, FL Metro Area",65623800,935848,906250,48760,2730030,117596,4939390,196640,8038200,271970,4345910,243368,13537040,381162,7444985,379989,9578740,466366,14103255,763648
310M100US33140,33140,"Michigan City-La Porte, IN Metro Area",1007725,75387,37760,6066,93720,14401,108330,20301,96180,19864,54450,16642,147595,31778,88840,31163,119095,37347,261755,61572
310M100US33260,33260,"Midland, TX Metro Area",1324915,127794,61785,9024,149100,21695,232635,26640,150500,31521,45465,20972,174960,44201,73030,25729,77355,50679,360085,122341
310M100US33340,33340,"Milwaukee-Waukesha-West Allis, WI Metro Area",16177875,284771,426610,21838,1085470,49416,1778725,70842,2559160,119113,1439735,103994,2937230,146920,1712665,125434,1934580,134389,2303695,219712
310M100US33460,33460,"Minneapolis-St. Paul-Bloomington, MN-WI Metro Area",40283860,446200,856425,31611,2164930,66001,3798420,98050,5442855,161065,3310180,144238,7432300,226865,4861410,225144,5632630,247564,6784720,412179
310M100US33540,33540,"Missoula, MT Metro Area",852585,72927,63105,12503,144505,22194,145530,27275,143550,29061,55910,20416,116430,31946,54285,25080,30140,17032,99130,47108
310M100US33660,33660,"Mobile, AL Metro Area",3760325,156409,85115,10905,220620,25459,474165,48461,587435,46913,243190,38798,733245,85765,321965,50968,657300,98233,437290,97562
310M100US33700,33700,"Modesto, CA Metro Area",4988905,273979,155050,17464,318795,39792,430245,39309,493110,56173,230760,44406,630215,73523,293790,54260,479935,100457,1957005,263204
310M100US33740,33740,"Monroe, LA Metro Area",1454940,107429,52230,9131,150080,20250,235345,31461,200805,35093,90260,22189,296220,54485,69570,24465,96710,25478,263720,86444
310M100US33780,33780,"Monroe, MI Metro Area",1549490,91403,34495,6149,92590,13835,156245,24497,189000,27274,105100,22966,277630,43845,179585,36785,246700,47456,268145,68849
310M100US33860,33860,"Montgomery, AL Metro Area",3303275,172170,93120,12196,250185,27215,492955,51022,532210,66866,280705,50376,616955,61842,216840,44184,350200,59482,470110,134626
310M100US34060,34060,"Morgantown, WV Metro Area",1242395,101214,33185,7823,90125,16151,159055,27713,182815,31360,60235,21094,200940,42410,99820,31390,204735,49236,211485,67100
310M100US34100,34100,"Morristown, TN Metro Area",1308630,103934,40670,7925,74545,14182,139875,27325,162650,26924,89095,22735,172330,38151,99415,27044,287835,72983,242215,72810
310M100US34580,34580,"Mount Vernon-Anacortes, WA Metro Area",1062135,78650,46700,8205,70290,12056,109280,22072,113570,25546,91545,27148,112960,22942,99045,25627,151745,41650,267005,60190
310M100US34620,34620,"Muncie, IN Metro Area",943600,81089,55150,9345,95975,15634,119140,19211,123085,27969,50600,18155,91140,35608,35315,14458,116195,37584,256995,72523
310M100US34740,34740,"Muskegon-Norton Shores, MI Metro Area",1317835,85871,52775,8348,118515,17697,182620,22915,199060,30261,102080,21125,138080,27117,103960,29027,183745,42777,237005,64518
310M100US34820,34820,"Myrtle Beach-North Myrtle Beach-Conway, SC Metro Area",2449180,179312,71330,14055,213375,31317,351160,64014,488730,87705,157615,53916,453535,91140,298900,105787,163660,54844,250875,117353
310M100US34900,34900,"Napa, CA Metro Area",1378030,121948,52060,11633,132100,20215,121845,26490,128460,26950,59560,23034,226320,51137,144615,52513,108340,37258,404730,99734
310M100US34940,34940,"Naples-Marco Island, FL Metro Area",2959360,254325,71770,15633,180790,30157,360935,57340,424535,66425,177750,38051,565440,128100,334260,115652,367455,131761,476420,194526
310M100US34980,34980,"Nashville-Davidson--Murfreesboro--Franklin, TN Metro Area",18921460,408571,395855,31388,898630,57983,1617280,100867,2211085,136403,1344780,100420,3633220,198983,2130125,175523,3198110,247774,3492375,337542
310M100US35300,35300,"New Haven-Milford, CT Metro Area",9561565,257008,251535,16507,593995,40513,982290,71518,1244995,84320,695555,67669,1583195,130184,947030,86253,1182865,109711,2080105,228847
310M100US35380,35380,"New Orleans-Metairie-Kenner, LA Metro Area",13050710,324952,273730,20254,797045,51973,1382315,81204,1560095,91558,755540,72095,2251245,135358,1085030,121331,1810010,164453,3135705,335428
310M100US35620,35620,"New York-Northern New Jersey-Long Island, NY-NJ-PA Metro Area",289425000,1805466,3098810,68337,8069985,162124,12930675,229396,19693055,352356,10337355,315344,38546925,581270,26483065,484648,44297690,807656,125967440,1803156
310M100US35660,35660,"Niles-Benton Harbor, MI Metro Area",1253225,83668,60940,8812,121355,15097,172075,21637,218505,25524,94635,22299,179390,31118,109700,27369,100280,29249,196345,60970
310M100US35840,35840,"North Port-Bradenton-Sarasota, FL Metro Area",5750970,198570,146985,18272,381255,38567,776515,86639,905725,93039,398630,55596,1254270,135796,485875,95396,597075,98462,804640,126683
310M100US35980,35980,"Norwich-New London, CT Metro Area",2954570,148721,82160,9778,204470,23991,303015,35414,434070,51724,268870,40808,434985,47173,246830,46630,343805,68265,636365,133763
310M100US36100,36100,"Ocala, FL Metro Area",2801820,178220,73385,16269,123715,22423,257805,41381,310750,53067,209000,47079,590015,90298,264175,62031,304600,79375,668370,185380
310M100US36140,36140,"Ocean City, NJ Metro Area",916950,80976,33415,6111,64140,11944,131960,30670,113240,26410,52100,21148,88290,27220,61125,23363,97960,31234,274725,60944
310M100US36220,36220,"Odessa, TX Metro Area",1298970,99107,53250,9605,132700,21644,254650,26237,156620,30576,63050,24509,128130,38858,76930,27259,69605,31264,364035,88211
310M100US36260,36260,"Ogden-Clearfield, UT Metro Area",5309300,212319,184470,17873,378345,31948,658980,49397,815970,72109,363795,49659,835480,78597,477000,57418,564305,85930,1030955,206713
310M100US36420,36420,"Oklahoma City, OK Metro Area",12539405,285801,407930,26138,859895,45996,1587035,79193,2004395,100043,1003905,74532,2569715,149947,1056890,124628,1213985,112415,1835650,204292
310M100US36500,36500,"Olympia, WA Metro Area",2604120,177698,72520,14462,184195,25144,301930,41134,378240,63824,213040,35016,360675,66909,257300,60222,357370,95833,478850,117905
310M100US36540,36540,"Omaha-Council Bluffs, NE-IA Metro Area",8540765,243133,311000,20228,729390,38124,1315490,65564,1612880,79655,810295,69818,1437745,108445,649545,68698,610635,72507,1063785,195428
310M100US36740,36740,"Orlando-Kissimmee-Sanford, FL Metro Area",25422650,569400,353195,29062,1179775,87832,2283135,130404,3158970,198242,1718135,141891,4645920,246319,2901010,197577,4381205,350952,4801300,488879
310M100US36780,36780,"Oshkosh-Neenah, WI Metro Area",1514470,94824,69890,10059,184950,23603,233775,29390,233520,30323,135600,30148,206820,33019,114935,42342,69585,27106,265400,76495
310M100US36980,36980,"Owensboro, KY Metro Area",919255,61120,48030,7105,131295,18479,149775,28859,108070,17826,51335,15227,104940,22661,95125,26372,85350,31292,145335,50459
310M100US37100,37100,"Oxnard-Thousand Oaks-Ventura, CA Metro Area",8938855,276324,277330,23440,514200,38035,898555,62760,982175,68721,465565,53779,1445545,127257,817050,106543,1233535,144494,2304905,229922
310M100US37340,37340,"Palm Bay-Melbourne-Titusville, FL Metro Area",5300400,279028,128825,17108,318230,34111,543785,51221,749000,74918,457780,61617,811545,107921,461040,91021,502175,96044,1328020,291989
310M100US37380,37380,"Palm Coast, FL Metro Area",853475,193309,13330,6860,68420,20047,71985,25812,59620,31874,81610,51487,76130,40366,117970,67174,156735,81161,207675,176506
310M100US37460,37460,"Panama City-Lynn Haven-Panama City Beach, FL Metro Area",1441990,117626,82120,14988,136460,28176,181455,30719,259785,49131,119140,40626,264240,57368,67740,30812,114835,34282,216215,95910
310M100US37620,37620,"Parkersburg-Marietta-Vienna, WV-OH Metro Area",1389660,96498,58475,8842,100110,13238,170540,20833,221615,34408,73600,17657,192840,35723,148675,35365,131390,48672,292415,73305
310M100US37700,37700,"Pascagoula, MS Metro Area",1546605,140351,51185,10606,106715,18081,141250,21277,155040,28218,90850,36440,297720,57436,176625,45635,205525,55891,321700,128889
310M100US37860,37860,"Pensacola-Ferry Pass-Brent, FL Metro Area",4265715,236314,105520,16449,294195,42531,520645,52993,762095,75665,304950,51970,680010,76226,360000,73978,398080,87628,840215,192296
310M100US37900,37900,"Peoria, IL Metro Area",3409680,151876,133040,9353,287535,24668,443500,34969,623575,47952,376485,61498,524025,58185,251325,36729,269935,51642,500260,134076
310M100US37980,37980,"Philadelphia-Camden-Wilmington, PA-NJ-DE-MD Metro Area",74096885,785425,1297455,43669,3162350,86121,5397615,138462,7569485,210523,3849045,162598,11316550,259036,8195535,238140,12394440,372456,20914410,711549
310M100US38060,38060,"Phoenix-Mesa-Glendale, AZ Metro Area",44153195,721133,845225,41729,2168050,100645,3843450,170297,5458330,196076,3123990,190819,8693650,361494,5419905,274498,6463845,434135,8136750,657557
310M100US38220,38220,"Pine Bluff, AR Metro Area",825085,80392,21545,4358,62635,12952,135485,20733,103330,18169,38775,19802,131280,32383,53390,20326,96710,28352,181930,66930
310M100US38300,38300,"Pittsburgh, PA Metro Area",27277435,352875,637790,23868,1384870,54551,2330015,72519,3162705,113913,1744485,86091,4187640,157034,3108445,175723,4398240,219379,6323245,323729
310M100US38340,38340,"Pittsfield, MA Metro Area",1224485,106732,59665,8419,112465,13173,155130,26063,136410,28526,63770,16625,153690,31166,110225,32861,89560,23072,343565,103056
310M100US38540,38540,"Pocatello, ID Metro Area",694605,66447,47505,7341,129535,16910,104690,15553,57975,14489,16210,9821,50970,16463,26560,14909,62040,28366,199120,64837
310M100US38860,38860,"Portland-South Portland-Biddeford, ME Metro Area",6067475,199911,154320,14472,385005,28803,605145,52406,785670,72113,475690,54750,997210,85043,571340,75742,761030,89001,1332065,161002
310M100US38900,38900,"Portland-Vancouver-Hillsboro, OR-WA Metro Area",24591135,453107,556930,25119,1367830,73587,2395435,120398,3158115,136513,1748255,127985,4372980,184458,2676265,212474,3421475,237066,4893860,330796
310M100US38940,38940,"Port St. Lucie, FL Metro Area",3872330,220504,74915,14084,199935,31877,426175,55329,547530,77050,213495,53856,646045,90087,304830,73005,535745,103872,923670,199809
310M100US39100,39100,"Poughkeepsie-Newburgh-Middletown, NY Metro Area",9145200,321613,196325,20556,370090,27775,562315,45536,683405,76755,343615,55066,913465,112524,677325,83175,1152295,123922,4246365,307749
310M100US39140,39140,"Prescott, AZ Metro Area",1648830,150780,57725,13235,121100,28728,157635,42777,209505,46660,122750,50878,290940,74487,183755,65749,112190,52590,393230,134768
310M100US39300,39300,"Providence-New Bedford-Fall River, RI-MA Metro Area",17997225,330711,488080,27330,1192735,58943,1843550,92631,2171840,102574,1172555,89314,2615705,151734,1722415,149377,2329900,170750,4460445,302617
310M100US39340,39340,"Provo-Orem, UT Metro Area",4485975,187394,183020,15903,369970,30401,593390,47762,619175,63268,332905,49881,630810,87959,376910,73051,633725,127977,746065,139713
310M100US39380,39380,"Pueblo, CO Metro Area",1289230,92088,54100,8344,139010,18370,222095,27921,155910,21857,90955,22154,155640,30992,106615,36685,162030,38912,202875,76499
310M100US39460,39460,"Punta Gorda, FL Metro Area",1136065,141328,46040,11989,99070,23869,143325,25655,172275,34358,49715,22383,124440,39030,87750,40784,250730,80734,162720,81884
310M100US39540,39540,"Racine, WI Metro Area",2097020,124679,77655,11072,155650,17929,204625,29218,219155,37816,123770,37177,286060,44266,244760,48336,337220,61128,448125,107540
310M100US39580,39580,"Raleigh-Cary, NC Metro Area",12613745,389303,287405,33183,716260,60071,1328150,88333,1850375,124653,956275,112983,2406410,191293,1172350,136539,1793645,194967,2102875,312135
310M100US39660,39660,"Rapid City, SD Metro Area",1055390,71798,60340,8575,145710,19984,203220,28154,204805,34833,58590,19609,107500,26994,42420,22881,56790,24598,176010,60508
310M100US39740,39740,"Reading, PA Metro Area",4322625,161376,132380,14536,304945,35467,482935,41896,570300,49717,245675,35651,513490,55100,432895,66527,550520,84236,1089485,142775
310M100US39820,39820,"Redding, CA Metro Area",1285840,144319,63650,11076,159670,21488,200480,32899,166730,31444,60200,22257,114155,33214,43095,16697,65060,28634,412805,144997
310M100US39900,39900,"Reno-Sparks, NV Metro Area",4152435,213287,111270,17154,342800,39382,628820,58772,817315,81218,264970,64515,629585,92631,182655,40851,237320,61236,937700,208905
310M100US40060,40060,"Richmond, VA Metro Area",13804205,308676,255035,17664,810765,43031,1489535,79863,2102490,114160,1144070,94299,2673965,146536,1334245,133723,1570040,137970,2424060,274382
310M100US40140,40140,"Riverside-San Bernardino-Ontario, CA Metro Area",47880600,935442,787430,53384,2106205,116082,3434375,172859,3881245,182000,1908285,166120,6253535,261484,3317770,312830,5978235,352427,20213520,897565
310M100US40220,40220,"Roanoke, VA Metro Area",3056915,165833,89775,10791,229050,24764,394360,36494,458385,49845,269775,46845,517380,72834,219645,51955,419965,62353,458575,127838
310M100US40340,40340,"Rochester, MN Metro Area",1778110,61407,89335,10188,207635,19636,347220,35417,286270,41170,133530,23501,212370,26815,86480,22012,107725,21651,307545,60433
310M100US40380,40380,"Rochester, NY Metro Area",9766265,268824,363835,24779,798885,47776,1207310,67353,1800230,94803,847875,67433,1602885,104907,871285,74544,874825,101618,1399135,199482
310M100US40420,40420,"Rockford, IL Metro Area",3310325,176970,101120,11446,259260,26547,409305,43581,463390,48991,284485,46810,481810,60449,268975,70417,293965,75453,748010,145796
310M100US40580,40580,"Rocky Mount, NC Metro Area",1185660,105535,48120,8279,95510,16778,170890,26162,158340,26366,101425,26908,223290,44243,102750,34742,164650,50133,120690,41619
310M100US40660,40660,"Rome, GA Metro Area",789860,98298,25135,6162,73900,18385,114720,18638,122410,24142,46925,19750,89940,25161,41230,25452,93445,42312,182155,80035
310M100US40900,40900,"Sacramento--Arden-Arcade--Roseville, CA Metro Area",21962355,455542,461150,30061,1197450,61117,2064305,116748,2606295,137381,1469820,126584,4114240,225184,2176570,184077,2714585,235375,5157950,369367
310M100US40980,40980,"Saginaw-Saginaw Township North, MI Metro Area",1683720,93295,64280,7636,156140,21358,163365,18088,231570,29997,122820,20656,272560,32445,149005,28401,140820,31843,383155,88311
310M100US41060,41060,"St. Cloud, MN Metro Area",1920690,113628,97115,9479,180765,22074,249940,27986,239740,28778,124585,18518,243770,37879,119895,27463,171705,37302,493175,99299
310M100US41100,41100,"St. George, UT Metro Area",862740,110348,61950,10485,149540,32741,108770,28822,106185,21198,51000,24973,112020,27467,13710,7775,73490,41640,186075,101659
310M100US41140,41140,"St. Joseph, MO-KS Metro Area",1153605,93019,55260,10189,149965,16888,181715,26585,121010,20771,45060,15905,118710,28152,83705,31970,96445,29670,301735,85447
310M100US41180,41180,"St. Louis, MO-IL Metro Area",31386250,512426,710465,34002,1651480,78541,2879725,117997,4415070,172688,2309100,135816,5463375,206874,3692720,201397,4732765,324154,5531550,388028
310M100US41420,41420,"Salem, OR Metro Area",3320060,161190,132500,15323,273870,38257,397990,42840,455080,46916,188670,37465,479255,62994,228710,44311,379170,69797,784815,145054
310M100US41500,41500,"Salinas, CA Metro Area",3555700,151210,99790,13560,272600,27002,505705,45123,498255,49519,231340,40443,601010,89003,368975,68224,413705,77034,564320,104135
310M100US41540,41540,"Salisbury, MD Metro Area",991470,94415,48080,8608,88515,17499,158460,28585,159485,31125,51300,17658,147480,39046,44575,16043,94045,42398,199525,72796
310M100US41620,41620,"Salt Lake City, UT Metro Area",11795635,263728,299460,21628,769655,55250,1595135,76156,1873600,99959,890115,94222,2312050,154489,929910,108425,1204310,139170,1921395,208469
310M100US41660,41660,"San Angelo, TX Metro Area",821560,90706,55445,8884,173855,19901,183330,29043,88300,18398,25925,12364,58750,23727,27830,17886,37385,22387,170740,81495
310M100US41700,41700,"San Antonio-New Braunfels, TX Metro Area",23267455,486290,479780,35974,1160860,72627,2274725,122934,3240010,148183,1716060,134485,4483440,242402,2286470,175723,2959325,266684,4666780,371700
310M100US41740,41740,"San Diego-Carlsbad-San Marcos, CA Metro Area",32004875,537429,634190,28723,1899575,74702,3622575,141345,4947850,213622,2570225,154878,5728935,241842,3043465,205489,3541460,192541,6016600,467241
310M100US41780,41780,"Sandusky, OH Metro Area",691100,71946,33360,6265,69680,10471,81475,17090,88665,20371,38600,17744,100410,28702,40530,18564,72795,25680,165585,67260
310M100US41860,41860,"San Francisco-Oakland-Fremont, CA Metro Area",55995835,689502,786750,39172,2268270,91342,4223290,145510,5129055,175823,2721965,125313,9243830,329185,6095860,284534,9766925,418692,15759890,694613
310M100US41940,41940,"San Jose-Sunnyvale-Santa Clara, CA Metro Area",20316115,387537,379475,26047,1111420,59340,2240800,104583,2830790,129637,1449600,110575,3825590,187535,1840550,128457,2665410,159322,3972470,329654
310M100US42020,42020,"San Luis Obispo-Paso Robles, CA Metro Area",2158105,139275,106205,14286,226220,30386,236680,34794,344100,47097,138600,35831,360420,81944,127875,35779,185630,48543,432370,119731
310M100US42060,42060,"Santa Barbara-Santa Maria-Goleta, CA Metro Area",3589470,150255,178995,18495,450720,31407,551405,50040,412890,46332,149675,30336,513960,74547,232435,40577,451095,93935,648295,117685
310M100US42100,42100,"Santa Cruz-Watsonville, CA Metro Area",2976270,146722,84740,11321,208060,31634,299030,34499,264685,45709,77335,19071,466020,66668,273175,48273,444830,92531,858390,122625
310M100US42140,42140,"Santa Fe, NM Metro Area",1387770,102878,53935,9678,143470,20319,145000,21776,202825,37459,74750,27131,146100,27968,136780,55497,199030,50002,285875,86253
310M100US42220,42220,"Santa Rosa-Petaluma, CA Metro Area",5226600,215999,153620,14118,356845,34051,536220,60270,616600,56188,274520,40554,642240,75594,393805,62157,619650,98500,1633105,197767
310M100US42340,42340,"Savannah, GA Metro Area",3591055,202199,61165,8241,212575,29714,410845,50559,659255,70795,262065,51408,664400,95520,346645,66175,415200,80158,558905,169948
310M100US42540,42540,"Scranton--Wilkes-Barre, PA Metro Area",5501095,214826,202565,14499,470940,29753,699090,55791,786555,61787,351205,47389,651685,53153,430145,58158,601785,73890,1307130,192821
310M100US42660,42660,"Seattle-Tacoma-Bellevue, WA Metro Area",44366390,622943,765255,36689,1854780,79588,3493400,121352,4869690,157621,2803105,123413,7877080,246560,5122375,226607,7148865,336200,10431840,526232
310M100US42680,42680,"Sebastian-Vero Beach, FL Metro Area",1107620,105739,26360,5833,93430,16714,142095,26597,249900,43907,70600,27698,110790,41336,58655,28537,70215,32068,285580,113069
310M100US43100,43100,"Sheboygan, WI Metro Area",1040365,79903,59605,8962,141090,15885,158685,25244,137495,24122,81730,18027,92310,23783,45805,14943,93105,31587,230545,79460
310M100US43300,43300,"Sherman-Denison, TX Metro Area",1228215,108647,51040,9899,75175,14041,100490,19884,116150,21655,48975,20328,117210,27046,104040,26507,215595,53048,399540,95695
310M100US43340,43340,"Shreveport-Bossier City, LA Metro Area",3705020,204690,120080,14530,327715,35428,541225,48867,722405,74753,197810,45013,662810,83419,245175,62890,278480,63796,609315,159780
310M100US43580,43580,"Sioux City, IA-NE-SD Metro Area",1159170,61419,65325,8525,180505,20773,224595,28160,151795,20759,59550,15484,156855,32950,57485,20058,60755,16122,202300,51251
310M100US43620,43620,"Sioux Falls, SD Metro Area",2223190,139851,96635,16647,255650,24252,444595,41031,419190,43510,242155,51949,198650,38198,81540,22582,156550,46457,328235,120739
310M100US43780,43780,"South Bend-Mishawaka, IN-MI Metro Area",2872020,138750,103995,9726,249710,22820,398410,35469,461490,42552,255430,36796,454260,55295,208535,35965,263455,46882,476735,126606
310M100US43900,43900,"Spartanburg, SC Metro Area",2492580,147938,74270,12284,210830,24865,319545,47058,507160,65170,207795,54053,421980,78622,208855,52396,229365,69888,312780,105083
310M100US44060,44060,"Spokane, WA Metro Area",4096410,187892,127515,12584,310505,26430,523820,45406,745695,61984,307385,39571,817470,91475,327910,59969,356840,64911,579265,124596
310M100US44100,44100,"Springfield, IL Metro Area",1830405,99193,78445,8942,184835,19821,373870,31104,339835,39754,144820,25682,270900,44575,102980,31621,89260,25115,245460,70342
310M100US44140,44140,"Springfield, MA Metro Area",7187075,234088,221290,18785,461780,37392,756095,51602,963950,63796,566455,59696,1126225,94729,714965,88269,816445,86050,1559865,199382
310M100US44180,44180,"Springfield, MO Metro Area",4016790,182696,146240,17138,305810,36274,543325,55478,652905,51693,307130,52558,739355,80952,300950,53739,347730,68688,673350,132746
310M100US44220,44220,"Springfield, OH Metro Area",1117610,68452,50660,8061,95090,13624,144830,22489,169885,25417,75105,20906,127830,31478,116920,32795,121060,29967,216225,67945
310M100US44300,44300,"State College, PA Metro Area",1401735,92108,60390,7748,143775,19774,197055,30940,258830,36656,86010,17738,214625,49344,100880,23610,145620,50809,194555,66121
310M100US44600,44600,"Steubenville-Weirton, OH-WV Metro Area",1208070,73983,40915,5724,74730,11550,95900,18408,153600,23680,74080,14917,147365,33686,135305,27136,183585,37482,302590,75638
310M100US44700,44700,"Stockton, CA Metro Area",6949585,333771,175130,19482,371020,35880,658680,54631,623555,68766,283705,51194,729060,83963,381195,85102,747470,136337,2979775,355542
310M100US44940,44940,"Sumter, SC Metro Area",926895,88220,26515,4933,82960,20481,150270,23239,125940,29154,25670,10969,101400,27356,50475,26741,96160,34333,267510,83774
310M100US45060,45060,"Syracuse, NY Metro Area",5805875,163521,214275,15790,502675,28484,777615,51487,1111430,70297,389265,48351,916845,73064,550085,63126,539495,63708,804190,118851
310M100US45220,45220,"Tallahassee, FL Metro Area",3647190,186148,89245,14499,246450,26462,455290,49977,656140,66518,300020,54181,817980,98013,305425,71898,442680,76772,333960,95505
310M100US45300,45300,"Tampa-St. Petersburg-Clearwater, FL Metro Area",28717800,525627,568515,31421,1431865,77615,2737225,120574,3580485,161382,1882945,145806,5484355,240182,3152430,219950,4442265,281984,5437715,387330
310M100US45460,45460,"Terre Haute, IN Metro Area",1693575,106643,61170,7519,131880,17204,193885,22497,206120,28201,82595,19168,226870,58250,143955,32796,131595,45748,515505,94834
310M100US45500,45500,"Texarkana, TX-Texarkana, AR Metro Area",962645,74481,54165,8974,109535,21158,147480,28793,130420,35483,79190,29323,121965,30936,63600,23294,58425,24602,197860,74945
310M100US45780,45780,"Toledo, OH Metro Area",5629915,182152,248020,21177,478885,34310,743095,53730,1013120,65489,567715,56601,759750,76104,429810,57955,420375,68467,969140,155838
310M100US45820,45820,"Topeka, KS Metro Area",2186970,125725,82095,9991,224235,25344,325620,32797,379690,45728,135655,27785,260845,38294,154180,31489,190245,49722,434410,94141
310M100US45940,45940,"Trenton-Ewing, NJ Metro Area",4488590,191052,105585,14305,248180,29762,447755,42423,523645,64382,222145,39714,510625,72402,300790,49420,466875,84777,1662990,204301
310M100US46060,46060,"Tucson, AZ Metro Area",9303285,264245,189300,17916,564200,46650,888325,54105,1319930,102212,783960,79407,1848375,139403,967045,104752,1354425,163354,1387735,191495
310M100US46140,46140,"Tulsa, OK Metro Area",8892765,242310,303225,18965,610105,33587,1178435,62976,1572605,83002,773055,63224,1578325,103211,675415,62315,789755,84198,1411850,179884
310M100US46220,46220,"Tuscaloosa, AL Metro Area",1907700,110057,51705,10184,144070,17333,224220,31465,373580,50032,181610,38653,273630,44205,164095,38413,153835,43159,340950,78772
310M100US46340,46340,"Tyler, TX Metro Area",1909205,112681,69760,11890,137205,19546,236895,36562,307510,53659,152055,28600,333365,61239,105835,36593,180135,49115,386440,104869
310M100US46540,46540,"Utica-Rome, NY Metro Area",2657670,115443,121685,10682,230560,21007,360070,33967,351190,31080,159865,23825,412780,50289,181105,33428,319715,59688,520700,114192
310M100US46660,46660,"Valdosta, GA Metro Area",1018885,77905,35945,6800,110540,16151,164825,26329,172450,35400,48095,17136,177960,38963,45050,20313,127480,52359,136540,46933
310M100US46700,46700,"Vallejo-Fairfield, CA Metro Area",4972860,219523,107310,14360,275655,33334,367290,41515,406295,60592,164315,40218,540715,67425,494785,81331,879670,119892,1736825,211867
310M100US47020,47020,"Victoria, TX Metro Area",938890,93001,49970,9211,100005,16890,142050,26794,83900,17548,59275,19884,135660,32900,77075,24841,83815,33516,207145,67472
310M100US47220,47220,"Vineland-Millville-Bridgeton, NJ Metro Area",1476310,137239,57530,9297,123695,16551,147000,26510,119115,21484,83500,26104,159140,39191,62840,21485,241700,60246,481790,144788
310M100US47260,47260,"Virginia Beach-Norfolk-Newport News, VA-NC Metro Area",18206595,297903,431645,28805,1202165,58660,2206005,104015,2616960,129584,1243270,106866,3639390,190946,1647150,130995,2251445,198219,2968570,294984
310M100US47300,47300,"Visalia-Porterville, CA Metro Area",3449045,188325,144365,14004,299520,30203,334370,36906,386440,48399,161740,28690,497675,76753,246560,49989,417535,73501,960835,177328
310M100US47380,47380,"Waco, TX Metro Area",1929040,102374,79585,10748,194290,21930,322820,33763,341230,45010,184310,39581,328800,57810,74295,25334,128845,37084,274870,91933
310M100US47580,47580,"Warner Robins, GA Metro Area",1313885,112848,35015,11559,126300,19627,210230,32029,237410,44870,72900,30202,248160,51999,69120,38849,98135,33263,216610,101890
310M100US47900,47900,"Washington-Arlington-Alexandria, DC-VA-MD-WV Metro Area",97744145,958498,896990,48657,2316455,106859,4882480,164272,6744435,211224,3888020,203418,13194620,329524,10484740,374697,18828460,541745,36507945,996830
310M100US47940,47940,"Waterloo-Cedar Falls, IA Metro Area",1375845,99279,94855,8492,162040,16265,276540,31730,225095,32936,90715,19729,158280,31022,70095,20914,71810,21789,226410,93849
310M100US48140,48140,"Wausau, WI Metro Area",1191110,83212,68050,8848,139215,20007,175075,22415,212335,33821,84710,17266,154890,25258,95190,23592,77555,26551,184095,77192
310M100US48300,48300,"Wenatchee-East Wenatchee, WA Metro Area",908535,82175,49525,8322,101930,17371,154720,24843,140940,35283,37200,18866,130770,46894,60575,24696,91430,54916,141445,54126
310M100US48540,48540,"Wheeling, WV-OH Metro Area",1277680,72844,51195,6411,104020,11434,159275,18594,207825,27584,95600,24477,189720,30576,94425,30152,149420,33080,226200,60697
310M100US48620,48620,"Wichita, KS Metro Area",5158785,167220,220515,19009,555145,41699,963850,69183,1038750,71474,459240,62702,871430,72688,320585,48509,319715,55688,409560,111239
310M100US48660,48660,"Wichita Falls, TX Metro Area",1041005,75653,80385,9411,163510,17992,184115,24944,189490,27851,86620,27818,89985,23444,27620,10109,44285,19872,174995,61659
310M100US48700,48700,"Williamsport, PA Metro Area",1138590,82427,50755,7525,99740,14149,140025,18573,119510,16576,88540,17760,159180,24086,74445,21278,85140,29074,321255,80537
310M100US48900,48900,"Wilmington, NC Metro Area",3183765,202280,85910,15204,243150,33452,465800,55479,496775,62420,198000,67882,569820,83736,258030,89383,283200,81209,583085,163028
310M100US49020,49020,"Winchester, VA-WV Metro Area",1790295,135712,19480,6201,116500,19057,149035,26723,121130,28688,74185,25197,107415,27550,80865,31311,254785,64846,866895,135843
310M100US49180,49180,"Winston-Salem, NC Metro Area",4499115,178117,125195,14256,327295,33733,600590,52734,724300,68466,379670,46912,713050,93171,348865,53617,448845,62974,831300,168593
310M100US49340,49340,"Worcester, MA Metro Area",10247065,292635,215660,17160,497330,41057,718360,52339,957360,75180,568090,59950,1505310,107753,1040600,103544,1538315,146130,3206045,280622
310M100US49420,49420,"Yakima, WA Metro Area",1892010,164188,90950,12526,188220,26902,299875,39978,254940,45154,89925,28322,243310,50750,141325,41409,94835,32434,488630,149059
310M100US49620,49620,"York-Hanover, PA Metro Area",5429950,194963,109885,11023,280000,28375,521065,46596,629995,51633,304675,48883,681780,73720,493950,51881,792115,106470,1616485,179727
310M100US49660,49660,"Youngstown-Warren-Boardman, OH-PA Metro Area",4873035,156492,198985,16557,400620,34084,643335,52760,715070,58671,401745,44656,678195,66021,358015,55737,404455,60470,1072625,141776
310M100US49700,49700,"Yuba City, CA Metro Area",1626035,137133,41755,7634,80180,13203,127490,26404,114205,24073,75455,24649,137100,32158,158060,41350,258425,72852,633360,127786
310M100US49740,49740,"Yuma, AZ Metro Area",1287515,129646,62355,12035,129730,19240,176115,32380,178680,41853,103600,35501,258300,79873,50365,25489,53485,30189,274885,108643
