GEO.id,GEO.id2,GEO.display-label,HD01_VD01,HD02_VD01,HD01_VD02,HD02_VD02,HD01_VD03,HD02_VD03,HD01_VD04,HD02_VD04,HD01_VD05,HD02_VD05,HD01_VD06,HD02_VD06,HD01_VD07,HD02_VD07,HD01_VD08,HD02_VD08,HD01_VD09,HD02_VD09,HD01_VD10,HD02_VD10
Id,Id2,Geography,Estimate; Aggregate travel time to work (in minutes):,Margin of Error; Aggregate travel time to work (in minutes):,Estimate; Aggregate travel time to work (in minutes): - Less than 10 minutes,Margin of Error; Aggregate travel time to work (in minutes): - Less than 10 minutes,Estimate; Aggregate travel time to work (in minutes): - 10 to 14 minutes,Margin of Error; Aggregate travel time to work (in minutes): - 10 to 14 minutes,Estimate; Aggregate travel time to work (in minutes): - 15 to 19 minutes,Margin of Error; Aggregate travel time to work (in minutes): - 15 to 19 minutes,Estimate; Aggregate travel time to work (in minutes): - 20 to 24 minutes,Margin of Error; Aggregate travel time to work (in minutes): - 20 to 24 minutes,Estimate; Aggregate travel time to work (in minutes): - 25 to 29 minutes,Margin of Error; Aggregate travel time to work (in minutes): - 25 to 29 minutes,Estimate; Aggregate travel time to work (in minutes): - 30 to 34 minutes,Margin of Error; Aggregate travel time to work (in minutes): - 30 to 34 minutes,Estimate; Aggregate travel time to work (in minutes): - 35 to 44 minutes,Margin of Error; Aggregate travel time to work (in minutes): - 35 to 44 minutes,Estimate; Aggregate travel time to work (in minutes): - 45 to 59 minutes,Margin of Error; Aggregate travel time to work (in minutes): - 45 to 59 minutes,Estimate; Aggregate travel time to work (in minutes): - 60 or more minutes,Margin of Error; Aggregate travel time to work (in minutes): - 60 or more minutes
310M200US10180,10180,"Abilene, TX Metro Area",1160670,75170,92975,9620,192340,24178,253440,32711,168940,30245,61990,18281,155460,33502,52830,22481,45750,18211,136945,50869
310M200US10420,10420,"Akron, OH Metro Area",7933415,245415,214920,18131,497195,44165,805980,54203,1020560,77377,689825,68005,1167725,93473,965200,102277,1028080,97772,1543930,225498
310M200US10500,10500,"Albany, GA Metro Area",1211120,92496,53740,9595,88115,15569,186820,29354,194040,33631,89970,24987,191220,37556,90030,35756,129600,43210,187590,68571
310M200US10540,10540,"Albany, OR Metro Area",992340,72393,35375,5989,96700,17388,70100,17680,135285,30544,101860,31097,159115,26899,104615,35548,156385,39832,132905,51453
310M200US10580,10580,"Albany-Schenectady-Troy, NY Metro Area",9867870,270220,265855,21762,610920,42088,1119055,64345,1417640,92206,833200,69007,1673505,103236,1005435,90356,1232995,122384,1709255,235295
310M200US10740,10740,"Albuquerque, NM Metro Area",8926695,260145,205785,16740,612720,48450,1062395,66518,1378295,97345,609500,60335,1758550,139628,785950,95502,952725,120551,1560775,207048
310M200US10780,10780,"Alexandria, LA Metro Area",1272745,136912,52660,10573,114535,20480,181030,30124,196085,41395,83325,29388,154600,39715,110975,35362,90035,32877,289500,113536
310M200US10900,10900,"Allentown-Bethlehem-Easton, PA-NJ Metro Area",10863080,250208,211745,18420,484895,31478,891220,65398,1241395,81316,641255,68884,1467240,106720,889080,90461,1375865,121119,3660380,249768
310M200US11020,11020,"Altoona, PA Metro Area",1121335,83080,59175,12073,105245,14080,141750,23950,141850,21742,75930,19175,177390,29189,61610,18386,110910,29477,247475,74662
310M200US11100,11100,"Amarillo, TX Metro Area",2175665,99130,111405,13329,259790,23706,506700,42111,343265,40757,111180,24747,305700,43711,87925,25726,119930,47047,329770,82824
310M200US11180,11180,"Ames, IA Metro Area",879030,80687,55315,10184,124310,16362,157660,32077,111855,24854,37320,11887,63510,16537,99330,33418,73190,27860,156540,71545
310M200US11260,11260,"Anchorage, AK Metro Area",4333165,204096,150195,15334,370160,30587,613475,45916,693810,48717,201830,37386,436020,62393,261850,63633,374020,53126,1231810,167972
310M200US11460,11460,"Ann Arbor, MI Metro Area",3908910,154061,90975,10965,255580,23292,472655,41363,657460,47473,274365,38443,587410,65944,408350,53892,555380,65162,606730,118819
310M200US11500,11500,"Anniston-Oxford-Jacksonville, AL Metro Area",1172690,102066,27980,6443,73955,11434,74905,19267,167200,34531,79005,20946,176460,37891,117505,69216,125515,39914,330170,96174
310M200US11540,11540,"Appleton, WI Metro Area",2316690,93850,113370,11493,245025,18875,320875,27594,450700,42015,185555,32699,325020,37449,196295,33310,165170,39243,314685,81660
310M200US11700,11700,"Asheville, NC Metro Area",3836680,170243,111880,15019,287625,31229,622150,53466,754645,67390,312495,50345,592700,71052,318900,55483,322700,70847,513590,132225
310M200US12020,12020,"Athens-Clarke County, GA Metro Area",1773775,117390,72200,13501,183605,28370,303010,34713,269875,36361,87075,25910,235830,38948,124990,41272,125805,38238,371380,112290
310M200US12060,12060,"Atlanta-Sandy Springs-Roswell, GA Metro Area",79352625,1189379,948280,56494,2579195,102746,4852705,152119,7032340,229994,4074860,180245,12432255,375807,8124525,361222,13563360,492328,25745115,1068284
310M200US12100,12100,"Atlantic City-Hammonton, NJ Metro Area",3046740,162091,70920,10070,186425,25897,353800,43868,446910,40048,267245,52052,359910,60842,200920,38422,280615,69605,879995,139622
310M200US12220,12220,"Auburn-Opelika, AL Metro Area",1551240,98197,54665,11897,151150,20786,155380,23971,227265,34346,93890,27792,289295,48623,111065,36586,164535,46612,303995,88810
310M200US12260,12260,"Augusta-Richmond County, GA-SC Metro Area",5768595,227615,102625,13538,343895,37218,721210,58572,788235,68179,393875,61891,1174945,115860,516500,73200,821230,96460,906090,163293
310M200US12420,12420,"Austin-Round Rock, TX Metro Area",25297815,535123,487590,34891,1211765,65515,2260740,109697,2976595,127208,1689610,147634,4378930,193573,2697820,247425,4131710,245369,5463060,471183
310M200US12540,12540,"Bakersfield, CA Metro Area",7515065,246277,205795,18762,536715,47894,1120665,75535,1109005,84746,499260,72211,1070680,122832,502925,86709,750640,99873,1719380,256294
310M200US12580,12580,"Baltimore-Columbia-Towson, MD Metro Area",40201190,519730,519265,30585,1425220,53164,2503455,83512,3756375,143872,2110580,121900,6362540,206022,4256865,185160,7014100,324327,12252795,532737
310M200US12620,12620,"Bangor, ME Metro Area",1439905,150732,52185,8037,111145,18762,189385,27253,183070,23300,69840,17247,216500,39797,94075,24938,153010,36476,370690,133819
310M200US12700,12700,"Barnstable Town, MA Metro Area",2103045,121384,92010,12341,195105,20389,253715,29554,246740,33681,108045,23469,276455,44235,147875,34579,202660,48254,580445,106042
310M200US12940,12940,"Baton Rouge, LA Metro Area",10011000,391687,181635,14717,411975,34298,924860,64993,1204025,80764,586700,65390,1703520,140262,848275,93624,1656415,167840,2493600,346674
310M200US12980,12980,"Battle Creek, MI Metro Area",1094530,74977,39235,5770,122140,20746,139355,20844,124750,19457,77120,19742,188920,36870,103495,22423,123140,31932,176375,61062
310M200US13020,13020,"Bay City, MI Metro Area",1050020,80090,36365,6565,83705,12790,105165,16669,150810,24430,126255,33175,146910,30597,75350,21297,94965,25734,230490,69618
310M200US13140,13140,"Beaumont-Port Arthur, TX Metro Area",3726915,158040,112320,11917,301595,29251,391345,46405,626260,63653,179480,36515,723940,85667,250520,64566,308410,57163,833040,144508
310M200US13220,13220,"Beckley, WV Metro Area",1131455,133550,38190,9069,72830,15066,89160,21479,105955,24699,56525,18202,119285,27525,59175,23616,101070,38542,489265,125977
310M200US13380,13380,"Bellingham, WA Metro Area",1942740,97653,80465,13793,184490,21534,276265,43411,310855,40884,163690,33502,286735,57630,173290,38550,173605,54965,293345,85210
310M200US13460,13460,"Bend-Redmond, OR Metro Area",1297195,118594,70285,12405,169215,24436,227715,36966,155460,33916,134720,43726,153135,46233,71910,33342,129665,50917,185085,85517
310M200US13740,13740,"Billings, MT Metro Area",1580260,92641,51220,6834,179270,21594,361995,39084,280595,36560,79770,18882,153690,35104,61930,24402,91040,41049,320750,79179
310M200US13780,13780,"Binghamton, NY Metro Area",2219605,133109,99130,11141,216650,21968,316530,28516,367850,42791,153020,26597,267450,35989,129755,29964,139665,32757,529555,140533
310M200US13820,13820,"Birmingham-Hoover, AL Metro Area",12884140,308862,224635,19005,592820,43442,1145125,73699,1608305,93524,990565,87853,2418045,169013,1419315,148404,1948340,179673,2536995,232077
310M200US13900,13900,"Bismarck, ND Metro Area",1171995,78083,79495,9397,147350,19557,311130,39859,160260,28143,41625,19648,106560,22219,27575,11919,63645,22359,234350,69128
310M200US13980,13980,"Blacksburg-Christiansburg-Radford, VA Metro Area",1687570,116257,70175,10366,159220,24015,215295,30669,196650,36742,88025,21515,262140,49654,135740,38348,227605,47783,332715,102869
310M200US14010,14010,"Bloomington, IL Metro Area",1683295,86571,103110,11032,240630,20329,341575,29981,201980,31595,74180,16496,150000,25991,100240,22720,205640,41201,265945,79616
310M200US14020,14020,"Bloomington, IN Metro Area",1661170,105805,66090,9990,148065,18816,249915,27009,227830,31984,77375,19350,171390,45914,81375,21575,172635,42688,466500,97518
310M200US14100,14100,"Bloomsburg-Berwick, PA Metro Area",851930,74383,26695,5416,69130,10612,88465,13270,118780,23750,41755,10033,76530,16321,96045,22178,113920,31288,220615,66525
310M200US14260,14260,"Boise City, ID Metro Area",6015945,227166,203550,19457,464790,42339,816845,60668,1067890,87582,544080,79805,986980,95089,555660,89272,679635,119174,696515,181257
310M200US14460,14460,"Boston-Cambridge-Newton, MA-NH Metro Area",74844435,738706,1065875,43874,2569345,89335,4290370,135835,5832570,172616,3195725,146286,10901985,342548,7853280,269677,13072620,365163,26062660,815710
310M200US14500,14500,"Boulder, CO Metro Area",3412265,149229,110195,12281,288280,30551,358855,36044,431345,36893,239555,41228,480630,58445,342895,53380,462790,68132,697715,145408
310M200US14540,14540,"Bowling Green, KY Metro Area",1543985,126527,55215,8637,130310,23520,196240,27768,231100,34757,79345,26942,208520,40612,123065,39228,150245,38234,369950,114535
310M200US14740,14740,"Bremerton-Silverdale, WA Metro Area",3381475,169652,58260,8519,167640,23816,284385,31735,360260,39456,197000,39455,372340,51079,209650,43568,349970,68029,1381970,179887
310M200US14860,14860,"Bridgeport-Stamford-Norwalk, CT Metro Area",13390565,301173,257915,18821,645395,34538,1049365,63473,1087525,74195,510325,55310,1565385,124486,937820,87475,1480595,155149,5856240,328232
310M200US15180,15180,"Brownsville-Harlingen, TX Metro Area",2891475,123086,96160,12328,281930,33490,552980,48650,494745,53165,180325,38487,584995,78535,156000,37705,248090,58848,296250,80032
310M200US15260,15260,"Brunswick, GA Metro Area",981555,116518,44770,10347,85680,18009,138640,25333,147815,30576,56050,22003,145350,33384,95585,40140,96440,40955,171220,91783
310M200US15380,15380,"Buffalo-Cheektowaga-Niagara Falls, NY Metro Area",11588560,218892,339380,21993,881570,45699,1293675,70457,1876640,101718,1207885,79888,2180355,122573,1201790,111635,1102320,112161,1504945,200639
310M200US15500,15500,"Burlington, NC Metro Area",1684865,103988,46880,8373,132345,17962,166750,26269,205210,29115,125465,27609,228560,45367,214775,50214,229585,41946,335300,89204
310M200US15540,15540,"Burlington-South Burlington, VT Metro Area",2555000,99222,75075,8630,172590,17929,314530,31583,370430,46682,194280,31467,413685,49296,350395,53708,296345,50116,367675,97942
310M200US15680,15680,"California-Lexington Park, MD Metro Area",1698450,139916,29220,7410,56435,11759,124030,26837,135725,31859,107780,30362,267910,46994,106355,32486,201430,48617,669565,153364
310M200US15940,15940,"Canton-Massillon, OH Metro Area",4238370,119055,145315,13534,317170,25406,512155,41880,509765,44894,306540,41577,680060,62075,435520,56013,531250,75043,800590,140187
310M200US15980,15980,"Cape Coral-Fort Myers, FL Metro Area",6921760,256742,109210,15008,273795,29093,499130,56937,984720,98332,461080,62932,1397340,119170,693795,85429,1191865,136191,1310830,222894
310M200US16020,16020,"Cape Girardeau, MO-IL Metro Area",875220,78871,49710,9672,75580,11047,122790,19624,144610,24964,78500,18259,121560,28896,51475,19790,84225,26542,146775,63321
310M200US16060,16060,"Carbondale-Marion, IL Metro Area",1130720,94078,54295,8601,100345,16220,157305,25001,142545,23101,79325,21266,126570,29641,98860,26145,113375,32374,258100,94258
310M200US16180,16180,"Carson City, NV Metro Area",442800,57398,25990,5448,60940,13630,63510,13904,62430,19431,15450,9197,40020,16747,80085,40848,42840,20443,51540,39701
310M200US16220,16220,"Casper, WY Metro Area",655900,57050,29910,5677,112140,15292,144835,21798,117690,22984,27125,12793,68910,29265,18860,20379,18895,14567,117535,46683
310M200US16300,16300,"Cedar Rapids, IA Metro Area",2611640,97863,119240,12806,292195,26918,431970,38128,420735,41934,174850,33258,356910,48422,207275,36856,218810,48489,389660,79000
310M200US16540,16540,"Chambersburg-Waynesboro, PA Metro Area",1632175,91707,55435,8729,97605,15370,183115,26740,197775,30455,131735,28848,272760,51859,163810,42653,144805,36437,385135,84113
310M200US16580,16580,"Champaign-Urbana, IL Metro Area",2045225,96546,93085,9685,260675,30230,331260,30507,411695,42882,191385,37698,263450,40576,113905,25634,132810,30749,246965,85285
310M200US16620,16620,"Charleston, WV Metro Area",1870385,98656,60380,8344,144495,16947,238200,32849,281415,38433,171270,35093,280200,45913,157625,32753,196290,42858,340510,80740
310M200US16700,16700,"Charleston-North Charleston, SC Metro Area",8690820,251361,172575,18334,399980,41080,749610,60560,1261110,87948,663285,67890,1744325,129149,1004610,125034,1387685,147427,1307640,171356
310M200US16740,16740,"Charlotte-Concord-Gastonia, NC-SC Metro Area",29488225,465150,537025,30274,1407510,56096,2499430,106887,3246940,143031,2019565,112099,5345035,227275,3269750,172544,4833920,249825,6329050,405013
310M200US16820,16820,"Charlottesville, VA Metro Area",2499725,154280,84640,11842,142900,17371,281810,33451,298450,32354,171800,26897,392930,62191,258985,45576,385245,75772,482965,108883
310M200US16860,16860,"Chattanooga, TN-GA Metro Area",5526500,220379,128255,12832,356535,33965,568510,39019,948470,85536,525005,57830,926695,79591,451750,74449,755310,117597,865970,150213
310M200US16940,16940,"Cheyenne, WY Metro Area",777925,102797,55885,10194,142825,20260,156925,25530,86770,18058,29145,15955,33360,13409,16605,11647,29065,20128,227350,101243
310M200US16980,16980,"Chicago-Naperville-Elgin, IL-IN-WI Metro Area",139251480,1067178,1815035,51077,4370000,105058,7926740,175387,10869630,242219,6781425,202333,19971290,335139,15695315,424942,24759440,485711,47062610,979818
310M200US17020,17020,"Chico, CA Metro Area",1671570,127650,108340,12068,176195,22294,202525,23007,187000,32983,103765,28408,331155,61366,96270,30389,137480,39225,328835,96219
310M200US17140,17140,"Cincinnati, OH-KY-IN Metro Area",24617950,359843,565245,35010,1248495,57598,2235165,99939,3370500,152273,2137325,126723,4395450,184231,3230370,188222,3405245,202328,4030160,299573
310M200US17300,17300,"Clarksville, TN-KY Metro Area",2852875,161001,107835,12155,163935,21306,350515,39227,396430,43963,151550,30987,489750,71737,225370,49312,304040,53998,663450,147815
310M200US17420,17420,"Cleveland, TN Metro Area",1077380,109578,38610,7814,89520,12481,156030,26424,134980,31215,79000,20638,119480,32135,108805,34547,129710,38225,221245,99066
310M200US17460,17460,"Cleveland-Elyria, OH Metro Area",22785190,371458,507330,27222,1255975,56080,2204420,85948,2922505,115336,2117805,119304,4047070,154568,2929545,134757,3154020,178060,3646520,303700
310M200US17660,17660,"Coeur d'Alene, ID Metro Area",1301735,94214,70465,13763,109050,16579,159055,27269,176135,33822,89225,20985,192060,35979,141900,38246,201805,44779,162040,70702
310M200US17780,17780,"College Station-Bryan, TX Metro Area",2155675,142856,88860,12935,281815,31217,477335,37024,310475,43504,96425,22734,277620,52504,94330,29169,167875,57377,360940,99124
310M200US17820,17820,"Colorado Springs, CO Metro Area",7534185,204556,179390,17047,479180,36218,941950,55861,1307410,89761,617570,58690,1183260,109987,509560,76481,715630,89908,1600240,209191
310M200US17860,17860,"Columbia, MO Metro Area",1620920,121509,72850,12995,217410,30541,273875,34225,237215,43765,110335,32026,223470,49462,121550,36103,168245,52140,195970,83780
310M200US17900,17900,"Columbia, SC Metro Area",8644605,241666,191980,17448,520130,37167,898585,66762,1243720,83058,762980,84541,1619720,123632,860700,93448,1090190,102871,1456595,169594
310M200US17980,17980,"Columbus, GA-AL Metro Area",2918055,167103,60740,9827,192620,26877,422620,37094,495950,55005,253165,42539,398310,51168,236915,61864,364755,79009,492975,139758
310M200US18020,18020,"Columbus, IN Metro Area",791535,78331,34210,7730,69085,10476,134460,22438,128975,30854,41025,13957,104220,28453,63280,20609,71135,25523,145145,75215
310M200US18140,18140,"Columbus, OH Metro Area",22373190,334674,515785,28112,1313825,58919,2523410,103066,3337570,126064,2020895,124755,3950080,169287,2628450,175603,2750450,189813,3332735,297764
310M200US18580,18580,"Corpus Christi, TX Metro Area",3942560,184917,136490,15596,409690,32612,601905,51201,731405,74856,263880,48528,587835,79415,223055,51989,321730,93593,666570,132456
310M200US18700,18700,"Corvallis, OR Metro Area",695980,70309,46565,8028,96555,19162,112225,16934,109645,23988,34625,15892,54410,18737,36605,18260,52075,19261,153275,65373
310M200US18880,18880,"Crestview-Fort Walton Beach-Destin, FL Metro Area",2870120,171478,78055,10571,193185,25361,264645,36369,317610,46385,169470,36238,491400,61131,235990,41284,369285,72001,750485,183090
310M200US19060,19060,"Cumberland, MD-WV Metro Area",865845,83759,29910,5510,74280,12283,75550,14480,163705,25195,65025,17830,88295,21825,48935,18319,62985,21988,257160,81776
310M200US19100,19100,"Dallas-Fort Worth-Arlington, TX Metro Area",92128830,852520,1553870,55663,3904130,118196,6966250,174488,9562990,258446,5170025,195347,16306325,371163,10419215,298882,15933585,490068,22312440,780826
310M200US19140,19140,"Dalton, GA Metro Area",1464065,99011,18555,5476,91020,17967,203095,32770,259805,43962,171460,46514,294060,57853,65795,29291,117735,40780,242540,75356
310M200US19180,19180,"Danville, IL Metro Area",580590,47013,30265,6445,71835,11014,80730,13884,76625,18021,37300,11699,66810,15635,43540,16393,74080,19388,99405,32389
310M200US19300,19300,"Daphne-Fairhope-Foley, AL Metro Area",2109235,165694,39075,10308,102345,22450,163715,26347,290145,52836,101470,29276,447805,75330,134455,45322,384760,92665,445465,137458
310M200US19340,19340,"Davenport-Moline-Rock Island, IA-IL Metro Area",3487750,124947,150340,13390,326770,28052,480435,35107,611930,42808,395835,54123,490455,50439,240765,44168,330620,61826,460600,93696
310M200US19380,19380,"Dayton, OH Metro Area",7422925,192384,293510,17648,606375,39267,1068345,60959,1155745,67300,623875,57996,1227200,105059,614770,68231,645370,88419,1187735,155230
310M200US19460,19460,"Decatur, AL Metro Area",1532100,99882,40565,8596,64680,11414,158580,29183,152330,30349,113700,33906,306165,60296,200660,41383,306015,67922,189405,64674
310M200US19500,19500,"Decatur, IL Metro Area",802160,48863,40940,6071,121535,14661,144665,18205,130500,22293,39655,14362,89730,23730,41535,17103,85745,25838,107855,30798
310M200US19660,19660,"Deltona-Daytona Beach-Ormond Beach, FL Metro Area",5873590,217758,124220,17515,375345,36293,617615,50405,758725,73565,382445,60411,862230,83862,529980,80790,744365,103131,1478665,208453
310M200US19740,19740,"Denver-Aurora-Lakewood, CO Metro Area",37873645,495783,574810,31275,1482745,65488,3090470,101727,4242975,136012,2560345,136396,6703430,231733,4674915,207637,6273930,222108,8270025,429474
310M200US19780,19780,"Des Moines-West Des Moines, IA Metro Area",6353020,191336,227440,17878,536820,38649,977655,62746,1214200,76376,635475,62280,1060660,104559,426235,68162,362775,61892,911760,163876
310M200US19820,19820,"Detroit-Warren-Dearborn, MI Metro Area",49437905,481518,893800,33371,2307985,71348,4248400,116648,5738240,160053,3355795,135955,8438850,270990,6277690,275133,8375175,267485,9801975,376020
310M200US20020,20020,"Dothan, AL Metro Area",1370265,79110,43620,6308,81560,9938,170630,17307,176250,18982,73105,16416,304235,37523,87090,19847,122965,23446,310815,74935
310M200US20100,20100,"Dover, DE Metro Area",1956500,133291,53960,8447,119035,17101,178400,27303,216460,29234,109250,26728,233070,52241,152515,37611,256425,55188,637385,118994
310M200US20220,20220,"Dubuque, IA Metro Area",778280,55962,58825,6658,109355,14295,154610,17591,120285,17481,51545,14828,105090,26339,47925,14866,26470,10660,104175,58118
310M200US20260,20260,"Duluth, MN-WI Metro Area",2574355,93173,133715,11471,251070,17422,324950,28786,366150,32362,201965,27961,321175,40140,245355,35007,258045,35828,471925,70110
310M200US20500,20500,"Durham-Chapel Hill, NC Metro Area",6029870,234012,133710,20027,437385,38812,744070,54228,888565,78529,491250,64453,997890,93156,622520,84369,699395,131814,1015075,205114
310M200US20700,20700,"East Stroudsburg, PA Metro Area",2802240,220009,37705,12011,64770,11868,119865,24656,183700,39365,94590,30241,249000,53791,164850,46136,349240,69394,1538520,233154
310M200US20740,20740,"Eau Claire, WI Metro Area",1623625,108430,85345,12555,181875,20298,263045,30723,211630,33031,137545,22789,219680,41146,62570,15522,98305,24928,363625,104157
310M200US20940,20940,"El Centro, CA Metro Area",1171880,111227,54315,8947,119810,18825,156135,24230,133440,34645,113650,34538,181830,44780,87295,33969,72365,26994,253040,87823
310M200US21060,21060,"Elizabethtown-Fort Knox, KY Metro Area",1587300,119263,53570,8497,92540,14486,151390,23404,166135,27324,86095,19850,247980,44321,126570,34992,298695,62424,364330,114354
310M200US21140,21140,"Elkhart-Goshen, IN Metro Area",1581515,85508,61695,8980,185445,24275,346915,39357,238960,42649,166560,35698,229980,50958,93305,28940,126855,39130,131800,61722
310M200US21300,21300,"Elmira, NY Metro Area",800210,62434,38485,7042,74380,14909,102200,16469,84130,15604,51645,14416,103470,28505,70915,24593,85855,30018,189130,58058
310M200US21340,21340,"El Paso, TX Metro Area",7914355,250055,170050,21533,571800,45765,919410,70072,1223905,88414,575635,71592,1724760,147554,710865,147005,711280,84867,1306650,232426
310M200US21500,21500,"Erie, PA Metro Area",2360950,90615,108210,11958,240305,25142,353890,30953,332365,37781,197985,26796,381410,52724,184490,35621,164645,40016,397645,82047
310M200US21660,21660,"Eugene, OR Metro Area",3156895,152020,129595,13394,335985,31945,459445,44145,479925,46538,246540,36604,424755,65304,237260,54130,179110,42705,664280,125343
310M200US21780,21780,"Evansville, IN-KY Metro Area",2983275,115540,113050,11994,239380,24326,471235,35119,506345,48874,257180,34797,461430,51112,259660,43166,280850,54578,394140,87115
310M200US21820,21820,"Fairbanks, AK Metro Area",955950,108763,44540,8158,108250,17488,179375,21016,161560,26652,105750,43402,144510,44208,43310,29108,21920,17225,146735,88529
310M200US22020,22020,"Fargo, ND-MN Metro Area",2084800,103557,120845,13423,287240,24821,491360,46681,396100,59415,127110,27196,213730,42742,99535,30055,123555,30297,225330,82409
310M200US22140,22140,"Farmington, NM Metro Area",1091360,69431,40945,7802,80115,14173,143535,22638,119545,19374,67560,21962,160210,31494,72260,23481,133395,36095,273790,54865
310M200US22180,22180,"Fayetteville, NC Metro Area",3344310,136782,117190,12067,227175,20198,454825,36176,587630,53099,281180,47361,694570,94605,240830,47697,301640,63904,439275,98558
310M200US22220,22220,"Fayetteville-Springdale-Rogers, AR-MO Metro Area",4924390,187747,172105,17446,405650,34400,681630,53705,727765,71478,340515,53673,731040,76564,461340,66765,609090,91069,795255,156480
310M200US22380,22380,"Flagstaff, AZ Metro Area",1204425,98441,79165,8515,144480,17055,198625,26431,119120,22251,39625,14762,111330,30646,62450,25520,92130,34331,357500,89400
310M200US22420,22420,"Flint, MI Metro Area",4176685,174840,94345,11053,246950,26597,418065,43215,578325,59865,250225,33825,406310,50278,317330,54148,531180,77827,1333950,167095
310M200US22500,22500,"Florence, SC Metro Area",1946145,154784,53510,8543,144725,21742,222475,32339,250340,34816,136690,32190,325860,37578,118985,38639,161515,42420,532035,161544
310M200US22520,22520,"Florence-Muscle Shoals, AL Metro Area",1336560,99643,39640,8608,102945,17874,175090,27774,158045,37196,64595,21983,174000,32381,97205,28676,188300,47275,336740,88539
310M200US22540,22540,"Fond du Lac, WI Metro Area",1054750,66261,49800,7122,122795,16153,100395,15784,130130,24642,63510,14150,108830,22429,85045,20114,153700,33067,240540,54498
310M200US22660,22660,"Fort Collins, CO Metro Area",3562200,148927,124490,14885,291830,27131,444025,41720,507450,56949,259945,50932,454590,60578,227450,46253,506750,77682,745675,110722
310M200US22900,22900,"Fort Smith, AR-OK Metro Area",2276755,116562,93860,10667,212090,21081,308110,35952,345155,42862,148020,30960,411065,58943,159345,41209,187015,41223,412095,97581
310M200US23060,23060,"Fort Wayne, IN Metro Area",4118830,161367,124975,10335,328745,22453,627340,48576,766825,56793,419480,53149,597760,63366,321095,45907,325285,51256,607325,126701
310M200US23420,23420,"Fresno, CA Metro Area",7955445,235867,207710,17762,608055,44756,1325825,72026,1242715,85060,554320,53816,1356900,108075,428845,74216,775455,127582,1455620,178170
310M200US23460,23460,"Gadsden, AL Metro Area",921465,71903,27140,6125,74725,13948,127125,16627,94080,17796,73085,20349,143520,37566,63925,23860,145190,43003,172675,47309
310M200US23540,23540,"Gainesville, FL Metro Area",2757935,155955,58950,8588,199920,27113,380920,44686,509000,68178,190170,34329,455610,70503,181405,40447,292525,64503,489440,135146
310M200US23580,23580,"Gainesville, GA Metro Area",2069860,145523,35310,9173,130495,22636,205380,30049,321565,43805,136240,34489,322620,48711,129405,36427,201635,46932,587205,127919
310M200US23900,23900,"Gettysburg, PA Metro Area",1258845,73309,33205,5709,74185,12636,113285,15925,120510,20729,64005,18374,185195,31908,119020,27629,236320,46887,313120,58443
310M200US24020,24020,"Glens Falls, NY Metro Area",1411710,101320,47940,7439,99485,13860,124730,22564,153525,29147,79220,19239,223470,46732,121345,25004,202805,46202,359190,83826
310M200US24140,24140,"Goldsboro, NC Metro Area",1100115,96054,44575,8345,112385,20207,145535,26308,146780,32247,87450,30239,135300,40112,93000,37676,131710,51051,203380,69763
310M200US24220,24220,"Grand Forks, ND-MN Metro Area",792320,48315,95380,9267,148960,17530,138890,17742,62910,12485,30075,10262,70915,23086,46110,15898,41355,11937,157720,46870
310M200US24260,24260,"Grand Island, NE Metro Area",768045,74715,49270,6921,97580,13658,133050,21956,93830,19280,35460,10008,106705,20000,50530,14203,40280,17003,161345,68658
310M200US24300,24300,"Grand Junction, CO Metro Area",1359525,121100,57010,9352,120450,16478,238345,31388,252320,35956,68975,23137,149460,38441,27645,15625,65890,24977,379435,111373
310M200US24340,24340,"Grand Rapids-Wyoming, MI Metro Area",10943995,300221,368830,26121,873335,43309,1268410,59277,1728965,87120,935930,77055,1570855,109838,1030400,98031,1151365,113022,2015900,261908
310M200US24420,24420,"Grants Pass, OR Metro Area",587140,65343,31765,6796,52750,11519,85805,17986,58540,17789,22375,10510,92440,31290,66390,25345,86805,36498,90275,39684
310M200US24500,24500,"Great Falls, MT Metro Area",581990,50001,38465,6138,105975,14437,165060,25570,83350,17737,24775,12895,55710,15616,12795,6556,29780,15504,66080,35971
310M200US24540,24540,"Greeley, CO Metro Area",3403395,142151,81635,10312,163485,18491,284650,33333,395780,44135,218375,32218,482450,57110,374435,57286,523095,81987,879500,127184
310M200US24580,24580,"Green Bay, WI Metro Area",3139715,146960,162975,13253,321330,23972,465215,38335,469830,48360,208315,31989,410330,51623,290790,39028,253440,38734,557495,117875
310M200US24660,24660,"Greensboro-High Point, NC Metro Area",7305325,244819,209530,14570,557915,39003,939925,59128,1149120,84757,696895,80542,1162720,109073,607490,80327,742645,98207,1239085,200871
310M200US24780,24780,"Greenville, NC Metro Area",1502680,121394,76955,14792,178820,27575,241800,34829,173035,34280,96975,26812,217220,52970,126855,40836,108255,35769,282770,98666
310M200US24860,24860,"Greenville-Anderson-Mauldin, SC Metro Area",8429035,241614,253205,19502,522510,44048,1111340,62694,1163175,75529,706010,70874,1465400,105947,1037350,131738,1142345,101100,1027690,152912
310M200US25060,25060,"Gulfport-Biloxi-Pascagoula, MS Metro Area",3887770,227692,85880,10604,259495,29849,431460,47287,592105,76753,263925,50918,617585,74680,271115,60484,423400,74991,942800,192828
310M200US25180,25180,"Hagerstown-Martinsburg, MD-WV Metro Area",3304135,192438,52670,9815,179240,22616,257225,29899,355425,52783,137970,28941,384655,51416,280930,55687,344095,65614,1311925,182721
310M200US25220,25220,"Hammond, LA Metro Area",1751310,167096,36485,8527,66060,15460,129195,30794,122580,26280,55350,21316,138990,38218,102285,44487,409840,90081,690525,156332
310M200US25260,25260,"Hanford-Corcoran, CA Metro Area",1180840,103166,55285,7510,90550,17241,133025,23366,107590,23807,72450,21588,164670,36378,111255,42068,194235,50099,251785,91374
310M200US25420,25420,"Harrisburg-Carlisle, PA Metro Area",6141650,193640,188735,14167,425695,32654,717135,49054,857695,67166,465560,54303,1024325,95261,515675,60644,771825,85235,1175010,156530
310M200US25500,25500,"Harrisonburg, VA Metro Area",1125995,69634,57140,7778,97290,15209,194815,22657,166420,29595,77825,21978,164785,37436,92870,24161,100950,34641,173905,58988
310M200US25540,25540,"Hartford-West Hartford-East Hartford, CT Metro Area",13731380,289504,361610,24097,850775,54198,1346530,63609,1961760,95763,1089580,75628,2396245,134069,1624165,127836,1764005,136079,2336705,272670
310M200US25620,25620,"Hattiesburg, MS Metro Area",1445450,128757,46070,11601,124935,22652,178275,30957,186570,37364,99180,24614,213030,52526,96585,36947,97045,43317,403760,124421
310M200US25860,25860,"Hickory-Lenoir-Morganton, NC Metro Area",3481525,177512,89885,13469,241155,30155,438135,45167,495875,54362,331200,55503,513090,66789,353375,83511,347320,67078,671490,131588
310M200US25940,25940,"Hilton Head Island-Bluffton-Beaufort, SC Metro Area",1984925,155495,53605,9048,127725,19933,198350,34731,244100,49903,128850,29306,279810,63128,155915,40701,387090,94899,409485,138272
310M200US25980,25980,"Hinesville, GA Metro Area",788185,99509,25220,4901,51560,12506,78390,17066,115930,23701,33275,15046,80810,24739,69545,25991,52335,22198,281115,93022
310M200US26140,26140,"Homosassa Springs, FL Metro Area",980720,114693,31770,10819,75770,19051,83325,20518,130270,30466,55260,20499,162300,40017,51440,20472,69875,28063,320710,103714
310M200US26300,26300,"Hot Springs, AR Metro Area",887530,107687,32500,6243,69745,13536,119025,21390,154350,35234,31775,17435,117960,35800,16045,11478,67930,31061,278205,104108
310M200US26380,26380,"Houma-Thibodaux, LA Metro Area",2218635,155392,66895,11612,149195,26248,203715,34710,220720,41288,82920,24423,356995,54633,175305,57936,257805,60841,705080,126051
310M200US26420,26420,"Houston-The Woodlands-Sugar Land, TX Metro Area",90945045,1075266,1184690,48628,3317820,140836,5909315,187003,7984010,259436,3984100,207223,16770185,375488,8856955,351822,16220345,509360,26717630,970565
310M200US26580,26580,"Huntington-Ashland, WV-KY-OH Metro Area",3113205,155761,117365,15563,190410,21661,336415,37446,415840,46593,278640,44130,448640,62151,300805,50734,398275,74063,626810,128833
310M200US26620,26620,"Huntsville, AL Metro Area",4206210,121516,111305,13792,299650,27619,557825,50396,753890,64879,403240,56124,906425,82182,379470,70636,525705,74495,268695,81834
310M200US26820,26820,"Idaho Falls, ID Metro Area",1209485,103496,63070,10771,129840,19976,152065,22954,141855,21828,50320,17385,131100,29409,60140,20193,117335,42268,363760,98814
310M200US26900,26900,"Indianapolis-Carmel-Anderson, IN Metro Area",22984150,419694,538880,31749,1142680,67768,2154500,95162,3195395,138500,2039395,122381,4158510,197028,2762865,169039,3082715,207633,3909210,337166
310M200US26980,26980,"Iowa City, IA Metro Area",1630140,88837,76210,10380,192750,19904,252410,30567,340190,42469,147075,34536,281405,47674,92305,23628,101390,30385,146405,64988
310M200US27060,27060,"Ithaca, NY Metro Area",844460,69446,42580,7353,90580,15634,137875,23967,184905,28941,65010,21114,84540,19115,46865,20177,53450,22340,138655,68570
310M200US27100,27100,"Jackson, MI Metro Area",1377750,100011,56095,8401,121340,17642,153505,21204,201245,27875,87365,22288,152340,30668,125530,29686,165170,46613,315155,72796
310M200US27140,27140,"Jackson, MS Metro Area",6037950,216426,118475,16031,298445,33965,675365,52231,872870,78390,451835,65514,1443445,113905,464875,66199,634415,99096,1078220,164471
310M200US27180,27180,"Jackson, TN Metro Area",1184305,78916,45910,10203,139330,25933,174825,25531,178545,37471,77890,20077,131490,34910,81665,28300,86700,31475,267950,82226
310M200US27260,27260,"Jacksonville, FL Metro Area",16743000,387346,265660,25541,748420,48576,1465205,85093,2348450,116239,1197550,97460,3344260,198379,1827350,142488,2548425,184297,2997675,367890
310M200US27340,27340,"Jacksonville, NC Metro Area",1750390,124334,74640,11880,130415,26726,214110,35706,271235,41375,107350,31636,391735,69221,130160,54074,203345,59219,227400,78312
310M200US27500,27500,"Janesville-Beloit, WI Metro Area",1708025,91670,74825,9259,124510,17199,197610,23313,143910,23039,127610,26674,217065,42725,192790,44477,301580,54940,328125,68964
310M200US27620,27620,"Jefferson City, MO Metro Area",1465475,121565,49130,8886,139020,19438,187160,27455,190610,25837,106260,29757,204870,36442,129615,31310,232840,48575,225975,96065
310M200US27740,27740,"Johnson City, TN Metro Area",1659760,102181,74940,10825,130275,15652,221760,31330,281705,34277,130675,25626,235610,41031,163395,44355,204210,46916,217190,91467
310M200US27780,27780,"Johnstown, PA Metro Area",1373940,112722,52810,7683,91025,13008,145730,20464,156820,22033,62075,16063,143090,23334,125305,27140,161080,28704,436000,110231
310M200US27860,27860,"Jonesboro, AR Metro Area",1031595,100851,58545,11032,140580,20396,148355,24920,157660,32120,44710,15496,114785,26780,38550,21364,74935,25768,253485,94861
310M200US27900,27900,"Joplin, MO Metro Area",1545875,101049,76860,10515,159065,22374,266790,38237,228700,27494,126975,29970,216445,39993,93820,25004,144370,44819,232850,83384
310M200US27980,27980,"Kahului-Wailuku-Lahaina, HI Metro Area",1619200,106313,73525,10829,133705,17251,198745,29719,181680,32912,98095,25212,265980,54482,139855,39358,279585,69351,248030,81862
310M200US28020,28020,"Kalamazoo-Portage, MI Metro Area",3408860,164103,123750,12218,294445,28419,450940,39035,495105,46123,272560,33582,454200,59877,317875,48273,263040,47876,736945,144088
310M200US28100,28100,"Kankakee, IL Metro Area",1155620,106924,57250,8843,73130,11015,99560,15895,126265,26123,31380,11821,102600,22814,116050,34799,84485,26819,464895,108974
310M200US28140,28140,"Kansas City, MO-KS Metro Area",22400580,304464,647020,30402,1448300,59400,2424090,84192,3376210,123673,1929545,111005,4400490,201371,2422695,136514,2940640,202221,2811590,236034
310M200US28420,28420,"Kennewick-Richland, WA Metro Area",2491765,121165,92960,11348,226595,25462,383095,42121,365410,47483,125790,30108,302930,52983,231815,53476,282050,64164,481125,100821
310M200US28660,28660,"Killeen-Temple, TX Metro Area",3800450,176435,173260,18877,350525,31962,555655,53592,500535,59276,217480,35319,510425,56504,269050,52705,358110,63753,865410,151063
310M200US28700,28700,"Kingsport-Bristol-Bristol, TN-VA Metro Area",2774945,134869,75010,10199,221090,18778,332700,31068,416205,48494,203055,33217,455370,63192,261935,55308,367950,64608,441630,82340
310M200US28740,28740,"Kingston, NY Metro Area",2218930,145848,49205,7713,118045,18677,142825,22569,228695,37602,109900,27590,312090,63343,181785,42547,346320,63777,730065,131207
310M200US28940,28940,"Knoxville, TN Metro Area",8914015,251072,217895,16705,539340,41339,949265,63452,1335300,83049,775940,85002,1693135,102150,811090,87086,1155100,128408,1436955,179968
310M200US29020,29020,"Kokomo, IN Metro Area",686455,64754,46065,7650,81810,15408,78325,15343,71980,15376,29995,13122,62370,19388,14610,10218,115230,31321,186065,56088
310M200US29100,29100,"La Crosse-Onalaska, WI-MN Metro Area",1307840,80625,65220,6705,150635,16252,184245,23359,275900,30523,122895,23753,97160,21511,113840,31997,147410,41641,150530,63899
310M200US29180,29180,"Lafayette, LA Metro Area",5328585,237639,168930,18590,355115,32226,524225,53066,690640,64188,280775,46462,907060,93047,307415,58067,390450,80417,1703970,231562
310M200US29200,29200,"Lafayette-West Lafayette, IN Metro Area",1914615,87005,94390,12366,229750,30070,355990,39040,356760,44189,108590,25239,178605,37543,136665,37079,189445,55297,264435,70059
310M200US29340,29340,"Lake Charles, LA Metro Area",1895995,122476,82170,11591,141460,20892,327370,40306,287145,40218,157115,44848,238590,61483,86485,28809,119310,43617,456350,119862
310M200US29420,29420,"Lake Havasu City-Kingman, AZ Metro Area",1315685,124949,99050,18242,160210,23000,188600,29335,116620,27527,75085,27854,99420,36072,75970,25620,138460,52346,362265,109977
310M200US29460,29460,"Lakeland-Winter Haven, FL Metro Area",6082470,243070,110565,13746,342765,34664,712325,52779,870980,75557,316030,47713,980200,96315,553550,82654,932960,128690,1263090,178436
310M200US29540,29540,"Lancaster, PA Metro Area",5644260,191893,192690,15496,422945,32357,598950,50414,787835,57184,407870,49572,865380,88104,515290,70310,730805,89634,1122490,151235
310M200US29620,29620,"Lansing-East Lansing, MI Metro Area",4564100,153528,149000,13132,396870,33085,705405,47935,720220,57603,393445,47642,656890,57659,312885,39410,404875,65952,824505,125037
310M200US29700,29700,"Laredo, TX Metro Area",2156240,146366,69930,14777,203550,23735,346550,39447,313910,51736,135915,35018,381210,63782,110755,23771,222630,43447,371790,122809
310M200US29740,29740,"Las Cruces, NM Metro Area",1850205,151839,64825,9763,149025,23634,319660,40949,283865,49693,111425,34235,243135,54801,98260,29365,163355,52257,416650,126492
310M200US29820,29820,"Las Vegas-Henderson-Paradise, NV Metro Area",23188065,366827,330925,22549,1040300,55710,2355245,110790,3833360,153606,2194940,109050,5633850,217914,2060830,157306,2028195,192129,3710415,349698
310M200US29940,29940,"Lawrence, KS Metro Area",1200955,103175,65230,11758,156095,25124,163360,28568,65600,18942,57650,25349,134355,45205,137515,43471,253550,54638,167600,60403
310M200US30020,30020,"Lawton, OK Metro Area",890230,61709,65510,11311,126045,20432,203020,26008,169040,38565,53740,18836,91870,27493,51790,27804,40615,19068,88600,46026
310M200US30140,30140,"Lebanon, PA Metro Area",1437975,95545,49960,6846,111075,17126,154870,20718,162180,23503,70375,18283,221220,30726,160050,33529,186620,40500,321630,91188
310M200US30300,30300,"Lewiston, ID-WA Metro Area",435295,71731,34110,7248,78510,14054,73640,16077,49485,15646,21565,11376,25800,9826,19570,12699,40585,21333,92040,57345
310M200US30340,30340,"Lewiston-Auburn, ME Metro Area",1234565,86129,39690,6760,91875,12051,127610,18293,111060,24309,74690,18965,127320,24923,164830,34752,269955,60544,227540,70587
310M200US30460,30460,"Lexington-Fayette, KY Metro Area",5196490,190625,171960,16923,345145,23943,665475,49935,864750,70408,396145,51725,942620,76345,440440,53694,528910,70256,841050,161310
310M200US30620,30620,"Lima, OH Metro Area",942700,63523,41990,7931,100935,16275,158420,19674,154170,25564,71775,19523,102765,28987,57000,25627,90855,34750,164790,49014
310M200US30700,30700,"Lincoln, NE Metro Area",3129115,127778,152320,13271,338755,28289,614775,44612,556730,44929,275145,47026,395715,50402,168655,39352,239375,46953,387635,104412
310M200US30780,30780,"Little Rock-North Little Rock-Conway, AR Metro Area",7600240,259302,198210,18454,507850,42269,828895,60916,1108170,79606,532460,67777,1382775,128100,741985,97686,982265,129075,1317625,240509
310M200US30860,30860,"Logan, UT-ID Metro Area",1141320,101790,92345,9900,146315,16222,129400,21639,100835,20129,38695,12171,88455,23866,59040,21019,137770,39886,348460,80374
310M200US30980,30980,"Longview, TX Metro Area",1861515,135399,85945,9814,158625,24985,197865,28200,259480,39549,105065,33594,365130,53626,135115,39661,219330,54343,334960,99432
310M200US31020,31020,"Longview, WA Metro Area",1056590,105167,29410,6613,82325,15696,112615,20320,93780,24708,52625,17385,88920,27821,72660,30439,118600,34204,405655,100220
310M200US31080,31080,"Los Angeles-Long Beach-Anaheim, CA Metro Area",177026105,1078464,2170430,57446,6636025,125387,12472145,234468,17093510,350931,8152790,233580,31099240,421053,16664045,389868,27852755,555389,54885165,1211354
310M200US31140,31140,"Louisville/Jefferson County, KY-IN Metro Area",14139280,257778,283450,22465,756605,40481,1518490,78967,2098730,87950,1273775,99416,2872210,125014,1533800,126531,1689375,126774,2112850,214124
310M200US31180,31180,"Lubbock, TX Metro Area",2685480,154196,139635,15339,364945,31782,512800,39107,422490,47836,128650,34537,246020,48790,97695,35048,186430,40852,586810,152612
310M200US31340,31340,"Lynchburg, VA Metro Area",2699725,163195,83025,13700,207195,21006,288305,31345,332660,46379,177985,29079,397080,58157,267970,45555,362025,67988,583480,122680
310M200US31420,31420,"Macon, GA Metro Area",2177920,213112,44615,8130,115640,16358,247780,34242,388605,51902,132400,29611,331580,49991,163340,46252,263860,58747,490095,197197
310M200US31460,31460,"Madera, CA Metro Area",1335995,130447,29970,6717,84770,21154,92940,23510,124820,32070,58375,18032,294240,55389,199575,66957,152915,44116,298395,102134
310M200US31540,31540,"Madison, WI Metro Area",7300135,161697,269505,17826,595870,40235,852220,53741,1082445,69917,689860,64619,1308245,93839,724350,59012,730130,88075,1047510,142196
310M200US31700,31700,"Manchester-Nashua, NH Metro Area",5818575,195207,116010,11228,316965,33367,399060,40117,556565,50226,251840,37138,734870,63494,609105,78830,864975,119757,1969185,186641
310M200US31740,31740,"Manhattan, KS Metro Area",763895,66637,70080,11113,129075,22485,108360,18196,100095,25337,48910,16756,87535,27689,55840,22187,61295,23138,102700,45487
310M200US31860,31860,"Mankato-North Mankato, MN Metro Area",896415,55868,65195,10202,129260,13841,178630,20140,97590,16297,41365,8547,80400,16086,49945,13583,59585,17493,194445,57007
310M200US31900,31900,"Mansfield, OH Metro Area",1144190,81145,43180,8936,101010,15893,144365,22411,142220,34360,83985,21462,122245,30163,66075,23645,87175,27451,353935,71598
310M200US32580,32580,"McAllen-Edinburg-Mission, TX Metro Area",6633295,356803,202325,21093,446720,46309,970455,70477,1008890,92564,495415,65962,1049040,92854,386655,68875,368610,86882,1705185,365481
310M200US32780,32780,"Medford, OR Metro Area",1543485,117585,74355,11343,161125,21664,271535,33183,242030,38829,110010,26611,219420,46547,101325,54753,81650,27482,282035,85873
310M200US32820,32820,"Memphis, TN-MS-AR Metro Area",14004950,265771,338765,24020,701020,42943,1458085,84368,2113420,101622,1172945,93886,3021355,186772,1529460,135925,1902290,168144,1767610,204190
310M200US32900,32900,"Merced, CA Metro Area",2235035,204085,101885,14152,173810,24394,217985,30903,194880,30855,91665,44117,156480,40937,126765,37821,158810,46673,1012750,197487
310M200US33100,33100,"Miami-Fort Lauderdale-West Palm Beach, FL Metro Area",77412920,912704,882270,43929,2651070,91900,5380065,160780,8310350,196254,4362640,211030,15751055,352440,7837395,280287,12551885,467669,19686195,782655
310M200US33140,33140,"Michigan City-La Porte, IN Metro Area",988280,73962,45525,7977,83090,11755,100740,16856,112700,23939,47245,19338,152675,31292,77635,22892,139165,36973,229505,62303
310M200US33220,33220,"Midland, MI Metro Area",757550,48686,25335,5616,84480,12548,115675,19612,102885,17718,38470,11641,121195,26751,80610,23714,94775,33537,94120,37633
310M200US33260,33260,"Midland, TX Metro Area",1607775,117429,68365,12111,216105,26549,262165,33430,239345,41361,89350,31193,233850,57258,42220,20800,132595,57285,323780,110573
310M200US33340,33340,"Milwaukee-Waukesha-West Allis, WI Metro Area",17428430,284127,447400,21982,1122270,44037,1960005,81334,2595935,105133,1567240,74152,3199910,137006,2042160,144175,2145760,133218,2347750,227143
310M200US33460,33460,"Minneapolis-St. Paul-Bloomington, MN-WI Metro Area",45125995,427917,940970,35742,2269430,67757,4097045,115228,5862000,165592,3704175,134123,8141355,220533,5722575,217200,6648560,252713,7739890,362720
310M200US33540,33540,"Missoula, MT Metro Area",1070275,122949,45325,8830,128130,22085,209050,29685,217780,38166,38550,17781,126180,45711,36900,22669,70565,27473,197795,112582
310M200US33660,33660,"Mobile, AL Metro Area",4116025,165394,62060,9605,220305,24677,444940,57710,552335,56571,227650,38987,1081510,104513,319200,51768,580385,88184,627645,118871
310M200US33700,33700,"Modesto, CA Metro Area",5591485,258758,173405,21165,324195,33763,474360,49784,519605,53248,275365,56355,596580,65834,363560,83784,464240,86840,2400180,256882
310M200US33740,33740,"Monroe, LA Metro Area",1467050,110583,53475,8509,137330,17956,180055,25652,214370,29762,77825,24681,421960,70615,66685,29533,69545,28360,245800,88490
310M200US33780,33780,"Monroe, MI Metro Area",1586785,84745,46755,8599,95965,16318,148595,18835,181510,29582,125150,23996,261440,34805,169870,30279,299360,70089,258150,52882
310M200US33860,33860,"Montgomery, AL Metro Area",3396950,159063,83465,11214,273065,26546,446845,49976,483700,44756,273255,44770,664950,72049,326835,64191,384495,60997,460335,110068
310M200US34060,34060,"Morgantown, WV Metro Area",1221010,99390,35405,7068,125155,21821,145910,22720,172300,34881,106290,26040,215570,38638,97620,27203,124195,38985,198565,58687
310M200US34100,34100,"Morristown, TN Metro Area",1167185,92778,32000,6603,79555,15938,113905,19127,136640,27616,97720,24457,148380,35130,90795,25570,138425,45720,329760,99802
310M200US34580,34580,"Mount Vernon-Anacortes, WA Metro Area",1306965,90423,47030,6789,73680,12427,117975,21141,171765,29897,64295,17731,124965,31681,122900,35306,163690,37314,420665,88672
310M200US34620,34620,"Muncie, IN Metro Area",1031665,68497,47975,7767,104255,19113,195020,26794,116755,30450,44370,12966,74370,24080,57415,23079,87125,33268,304375,63991
310M200US34740,34740,"Muskegon, MI Metro Area",1466920,77276,53650,6698,145890,19579,225785,29471,209590,30533,126500,36047,158520,26309,118650,33284,202815,44737,225520,59856
310M200US34820,34820,"Myrtle Beach-Conway-North Myrtle Beach, SC-NC Metro Area",3990360,216112,105740,12036,263490,22187,527935,46977,601265,57101,282800,58605,696510,85771,347320,65679,384785,68476,780515,185906
310M200US34900,34900,"Napa, CA Metro Area",1589050,110496,63315,7776,115700,14882,146770,20717,145940,24682,87435,19913,195360,33818,106565,29223,164485,35019,563480,107149
310M200US34940,34940,"Naples-Immokalee-Marco Island, FL Metro Area",3383085,189985,81090,11916,209965,30625,421225,46581,430305,59827,165940,32130,587545,74099,347515,73356,360860,83284,778635,179794
310M200US34980,34980,"Nashville-Davidson--Murfreesboro--Franklin, TN Metro Area",23740895,451383,390140,25366,1003980,62189,2062885,113015,2680930,124775,1457585,101659,3894100,237742,2701600,189557,4093870,233901,5455805,398778
310M200US35100,35100,"New Bern, NC Metro Area",1113890,76680,38520,6595,121015,23527,142070,23887,144650,38377,83925,20284,180430,41669,74915,26651,170930,42281,157435,61648
310M200US35300,35300,"New Haven-Milford, CT Metro Area",10343385,290385,216550,17857,631095,43904,1050270,74888,1275330,77650,648855,67658,1543395,121640,1002035,105561,1335865,136709,2639985,297265
310M200US35380,35380,"New Orleans-Metairie, LA Metro Area",14570000,372902,261105,17763,767415,47450,1472235,61654,1911650,106249,840895,73558,2735435,155420,1124085,106511,1821960,122386,3635215,297440
310M200US35620,35620,"New York-Newark-Jersey City, NY-NJ-PA Metro Area",333335145,1695013,3190475,65514,8391395,193649,13942575,247489,20909055,321789,11642280,337309,40887650,590043,31202445,662012,52394325,791856,150774945,1713766
310M200US35660,35660,"Niles-Benton Harbor, MI Metro Area",1226025,67759,79220,10174,133160,14218,176210,20113,191410,23279,123435,22886,150200,33973,90005,22316,105195,28194,177200,40723
310M200US35840,35840,"North Port-Sarasota-Bradenton, FL Metro Area",7043460,336376,100420,11831,385520,35789,669875,55153,1308295,90701,376050,54219,1612825,143078,471255,74189,672660,100188,1446560,291945
310M200US35980,35980,"Norwich-New London, CT Metro Area",3067930,137342,91795,11385,201155,20236,326490,36193,433195,50696,223590,40869,468460,60965,263520,45470,340950,62771,718775,104605
310M200US36100,36100,"Ocala, FL Metro Area",2747825,210700,44125,9944,102425,16439,266765,41192,408745,61226,186990,54710,479065,85593,263790,67968,349505,83209,646420,165929
310M200US36140,36140,"Ocean City, NJ Metro Area",895070,92687,46095,8375,72660,14359,90895,15547,97290,21480,70750,24297,106800,27478,61945,20645,74985,23512,273650,85307
310M200US36220,36220,"Odessa, TX Metro Area",1546155,120593,57515,11858,129955,21265,245910,33954,269625,45834,44750,15398,220290,49692,90705,32938,96505,32634,390900,104643
310M200US36260,36260,"Ogden-Clearfield, UT Metro Area",6207925,185462,225830,16934,466020,34714,781290,58958,876540,65676,473225,59071,900390,89609,497730,73848,792725,96210,1194175,172251
310M200US36420,36420,"Oklahoma City, OK Metro Area",13869290,304596,398120,22796,969555,54185,1642855,89694,2249550,98692,1117130,75377,2696950,138304,1256205,100232,1415350,116556,2123575,286599
310M200US36500,36500,"Olympia-Tumwater, WA Metro Area",3045435,156967,72640,13212,175115,20642,314650,36903,409560,56233,217680,37295,319375,52034,236125,50840,374160,72301,926130,144081
310M200US36540,36540,"Omaha-Council Bluffs, NE-IA Metro Area",9126335,178500,319925,20824,838355,42162,1368045,54636,1716500,77472,865680,70877,1611475,87431,672295,59106,739155,77263,994905,148922
310M200US36740,36740,"Orlando-Kissimmee-Sanford, FL Metro Area",29864360,595367,416165,24976,1135910,67288,2190055,123770,3488250,177608,1894440,152128,6123945,279707,3695440,237420,5018805,288265,5901345,459176
310M200US36780,36780,"Oshkosh-Neenah, WI Metro Area",1471250,71831,88585,10391,195975,20501,264555,27188,242265,30506,101180,19158,194390,35253,87470,19280,83430,23123,213390,54201
310M200US36980,36980,"Owensboro, KY Metro Area",1093180,109351,44610,8130,114695,17524,149645,24984,118715,25696,52075,17575,123245,27225,111825,39716,68630,24029,309740,102055
310M200US37100,37100,"Oxnard-Thousand Oaks-Ventura, CA Metro Area",10250265,287507,231250,18760,511115,36903,813195,52156,1063380,84150,931980,94661,1588435,141125,855135,83775,1227465,128198,3028310,280948
310M200US37340,37340,"Palm Bay-Melbourne-Titusville, FL Metro Area",5320795,228958,119370,14779,376410,40249,701765,60823,716915,69560,387835,49307,902790,101825,394610,69664,571365,89058,1149730,206099
310M200US37460,37460,"Panama City, FL Metro Area",2061380,161301,71570,10473,127525,20104,233735,34657,235090,40403,104990,24365,434995,58718,119050,37484,233165,70618,501260,128369
310M200US37620,37620,"Parkersburg-Vienna, WV Metro Area",742780,66312,27995,7308,59820,10791,123460,18523,124715,20197,64645,19919,141870,32980,38180,15865,72425,28986,89670,44661
310M200US37860,37860,"Pensacola-Ferry Pass-Brent, FL Metro Area",4684710,213433,115110,15864,273075,32450,663480,54218,712590,65815,376680,60940,819360,77776,315195,52590,606905,96568,802315,153539
310M200US37900,37900,"Peoria, IL Metro Area",3496630,150753,135320,13604,294205,26804,498825,46630,595745,50054,294920,38122,500580,47381,317190,46633,300920,55699,558930,111410
310M200US37980,37980,"Philadelphia-Camden-Wilmington, PA-NJ-DE-MD Metro Area",81650765,844749,1274270,44970,3355330,105961,5167925,125214,7702140,206350,4443935,157779,12504195,314147,8972805,277385,13868630,380776,24361535,800379
310M200US38060,38060,"Phoenix-Mesa-Scottsdale, AZ Metro Area",50313985,531418,981610,46388,2369000,80755,4337055,138162,6187845,193891,3735455,156611,9050575,295141,5797400,210806,7787615,319228,10067435,507262
310M200US38220,38220,"Pine Bluff, AR Metro Area",667080,69563,21585,5029,63030,10767,133885,22227,86020,22499,27425,13496,84060,18929,46640,21538,74550,26772,129880,55454
310M200US38300,38300,"Pittsburgh, PA Metro Area",28732825,382486,615360,27399,1373105,56679,2367225,83717,3109475,103728,1975990,85315,4564775,186625,3246460,184746,4694770,208080,6785665,327648
310M200US38340,38340,"Pittsfield, MA Metro Area",1157520,81343,70525,9286,116020,16800,145930,22751,160835,33421,78145,20855,155035,32119,91380,27619,122875,34796,216780,58933
310M200US38540,38540,"Pocatello, ID Metro Area",544440,49736,40325,6918,94245,16174,107490,16498,58275,15967,23950,10003,50130,14239,20800,9142,38885,18396,110345,37721
310M200US38860,38860,"Portland-South Portland, ME Metro Area",6262995,190231,175685,15203,395830,30480,664215,44937,732485,60725,495135,57571,951050,86225,680115,84958,997565,138402,1170915,159733
310M200US38900,38900,"Portland-Vancouver-Hillsboro, OR-WA Metro Area",29114380,406704,566125,33469,1440905,67809,2464880,93176,3301385,121172,2060135,124009,4795395,190225,3604990,185193,4587425,220887,6293140,315312
310M200US38940,38940,"Port St. Lucie, FL Metro Area",4735625,324673,83475,13940,219385,30026,476740,53074,549410,71531,280915,51126,726045,107322,448855,95825,643900,113870,1306900,314936
310M200US39140,39140,"Prescott, AZ Metro Area",1893050,183779,66480,9785,128515,19028,211805,36031,230440,44834,90930,30505,273330,60467,75850,29437,231845,63082,583850,160461
310M200US39300,39300,"Providence-Warwick, RI-MA Metro Area",19764185,387833,479720,28193,1143725,50447,1733015,84882,2348815,117567,1209400,93924,2699265,167427,2000490,146826,2520455,182699,5629305,353002
310M200US39340,39340,"Provo-Orem, UT Metro Area",5081290,170042,254405,21305,436955,28599,618080,46036,675270,62576,384865,43522,671220,73096,468140,66451,574485,87197,997860,123866
310M200US39380,39380,"Pueblo, CO Metro Area",1393115,108893,45565,8511,128845,14022,199305,22288,184240,25428,75205,23792,149100,31387,57010,20377,217070,51860,336775,96997
310M200US39460,39460,"Punta Gorda, FL Metro Area",1315410,104092,28950,7194,105725,19904,179825,29659,140950,39484,83125,28343,159715,47034,185885,52800,202375,59758,228860,61763
310M200US39540,39540,"Racine, WI Metro Area",2083325,110864,75100,10311,140415,19436,238050,26513,216675,31258,131745,28057,320755,44905,253110,48807,345465,60462,362010,87001
310M200US39580,39580,"Raleigh, NC Metro Area",15000520,388524,306580,25566,730405,55313,1424695,80289,1874405,105166,1188005,88996,2506550,156973,1720205,133698,2273865,204054,2975810,312929
310M200US39660,39660,"Rapid City, SD Metro Area",1313125,87238,63185,8407,143925,22945,260085,34615,235940,33576,78300,23098,136310,29252,71530,25960,94225,23064,229625,66036
310M200US39740,39740,"Reading, PA Metro Area",4500000,172983,124580,10938,285885,24939,488975,44985,606930,48825,323725,34586,684375,64915,405790,57914,672245,91867,907495,151740
310M200US39820,39820,"Redding, CA Metro Area",1247290,103027,64635,10377,169600,21694,240970,29848,175755,33714,69415,18307,110120,28672,49520,20325,70200,29435,297075,87982
310M200US39900,39900,"Reno, NV Metro Area",4372540,196113,142790,17505,383330,31913,663310,50886,754335,74366,373730,52474,763040,83278,320640,57624,362970,59228,608390,140668
310M200US40060,40060,"Richmond, VA Metro Area",14688270,332281,275130,20848,846455,47472,1516575,79455,2305765,107361,1313740,89732,2678285,137890,1572805,124642,1605770,167748,2573745,270401
310M200US40140,40140,"Riverside-San Bernardino-Ontario, CA Metro Area",55262165,858542,832410,43564,2230585,84027,3793995,144100,4776415,196398,2328250,146960,6737160,266165,3901230,205233,6645635,310814,24016490,843932
310M200US40220,40220,"Roanoke, VA Metro Area",3485145,161385,70875,9978,173725,22319,397350,39918,450055,56645,193055,42646,752310,100173,282285,65376,372630,66123,792860,156724
310M200US40340,40340,"Rochester, MN Metro Area",2074125,77156,101175,10032,241135,22855,312105,28581,269740,28020,136140,20277,231280,28380,190695,27482,218200,45491,373650,72705
310M200US40380,40380,"Rochester, NY Metro Area",10508350,222404,373355,27822,839880,45480,1315070,71808,1711880,83710,958020,78448,1754685,108873,957845,84025,925095,95576,1672525,213640
310M200US40420,40420,"Rockford, IL Metro Area",3390540,148302,115305,12761,249835,25924,454360,38054,532170,53333,270540,44932,442770,57856,183855,43801,212610,41818,929095,146596
310M200US40580,40580,"Rocky Mount, NC Metro Area",1314085,90782,33405,7581,116605,20301,188710,30415,211475,37766,88155,28337,229950,49520,114990,37411,138925,45380,191865,73098
310M200US40660,40660,"Rome, GA Metro Area",810485,84001,18895,4977,52035,11428,183805,32387,107705,22851,25700,11606,130620,31215,58520,21391,71090,30094,162120,64009
310M200US40900,40900,"Sacramento--Roseville--Arden-Arcade, CA Metro Area",25034865,485219,505425,29621,1254450,66360,2145605,85422,2914240,117924,1610000,98093,4356575,210890,2535035,148599,3475640,162679,6237900,407473
310M200US40980,40980,"Saginaw, MI Metro Area",1766650,103511,61320,8446,141285,18374,229985,29804,214385,33384,141770,28035,258630,40017,165870,27966,159435,34855,393970,79350
310M200US41060,41060,"St. Cloud, MN Metro Area",2194920,110368,105490,10182,187090,19690,288075,24247,249550,28492,97990,20868,277785,31554,162255,29459,213230,35667,613455,119174
310M200US41100,41100,"St. George, UT Metro Area",964235,79718,62320,12871,167460,24813,164245,30859,179185,35628,62760,24198,79820,22942,50585,25329,62155,26139,135705,63644
310M200US41140,41140,"St. Joseph, MO-KS Metro Area",1038150,58675,70750,10009,122685,14088,215875,28169,129225,22230,59260,14268,95305,23248,43545,18238,113350,33298,188155,44756
310M200US41180,41180,"St. Louis, MO-IL Metro Area",33491350,524231,697655,33843,1716950,69186,2947525,96479,4396920,146992,2465140,127964,5872845,251794,4153245,226997,5120245,223449,6120825,447966
310M200US41420,41420,"Salem, OR Metro Area",3993015,195517,141240,13651,274765,30872,432195,43697,529060,52798,274795,47204,546265,66156,293215,52741,556650,85366,944830,175429
310M200US41500,41500,"Salinas, CA Metro Area",3973040,181875,108610,11935,273380,23231,649030,56537,635675,72030,224945,40509,564710,79112,419795,78257,348210,56785,748690,147098
310M200US41540,41540,"Salisbury, MD-DE Metro Area",3940680,189705,105150,13186,287590,32260,411770,43874,459885,52451,239520,36954,620850,77446,304780,56425,499740,73365,1011390,152834
310M200US41620,41620,"Salt Lake City, UT Metro Area",12340020,286637,273610,18266,832935,46231,1593635,72806,2324845,131738,1037195,88540,2350355,124862,957150,96605,1408415,148598,1561875,231694
310M200US41660,41660,"San Angelo, TX Metro Area",957920,86466,64535,11524,135060,17169,204950,34772,114570,26369,48125,19675,59040,23725,46705,41867,19075,10449,265860,78907
310M200US41700,41700,"San Antonio-New Braunfels, TX Metro Area",27091330,553825,470485,30336,1240990,69817,2483335,103372,3699965,156033,1756640,113036,5118955,215921,2623595,195248,3828355,232822,5869010,493467
310M200US41740,41740,"San Diego-Carlsbad, CA Metro Area",38537935,623806,682500,40496,1837360,70815,3729810,128030,5191490,197391,2767105,154963,7044310,282986,3880285,209835,4802515,249022,8602555,476409
310M200US41860,41860,"San Francisco-Oakland-Hayward, CA Metro Area",71767265,882297,693735,35281,2242965,75603,4217910,140636,5530280,181331,2856700,147850,9816560,253607,7061890,228959,11981600,418840,27365620,794618
310M200US41940,41940,"San Jose-Sunnyvale-Santa Clara, CA Metro Area",25780085,401746,332855,22904,1037980,54859,2109915,88660,3079460,140156,1546005,95418,4742825,201840,2656565,151677,3802875,169027,6471605,349913
310M200US42020,42020,"San Luis Obispo-Paso Robles-Arroyo Grande, CA Metro Area",2503555,129823,120385,13038,213520,25435,276930,38012,353635,41873,184095,38227,437850,64660,180665,51400,223050,64177,513420,108290
310M200US42100,42100,"Santa Cruz-Watsonville, CA Metro Area",3107680,143872,85430,12785,187730,18128,308005,36722,306560,41871,130575,30095,391745,45278,246300,40777,478150,86177,973185,132390
310M200US42140,42140,"Santa Fe, NM Metro Area",1423015,75651,45845,8120,104935,17131,190590,24616,225680,30253,93800,21513,213480,37620,146480,39069,188385,47311,213820,57205
310M200US42200,42200,"Santa Maria-Santa Barbara, CA Metro Area",3955000,179958,190465,18667,468105,34339,567485,45923,544830,61646,124770,30587,449285,61591,312260,60443,460450,112285,837355,144795
310M200US42220,42220,"Santa Rosa, CA Metro Area",5592710,216301,195800,15890,370050,35591,538120,45831,690980,68810,358900,55649,794185,81170,400190,62088,507445,74196,1737045,189339
310M200US42340,42340,"Savannah, GA Metro Area",3947380,180489,107840,15411,272920,30334,455915,46630,557780,63667,306120,56828,595740,74200,406680,77808,531225,78148,713155,158829
310M200US42540,42540,"Scranton--Wilkes-Barre--Hazleton, PA Metro Area",5467800,173761,186595,14720,417875,32039,664860,44968,873475,74326,424950,62137,722120,55708,473025,68675,587955,74612,1116950,145653
310M200US42660,42660,"Seattle-Tacoma-Bellevue, WA Metro Area",53634960,555200,738210,27823,1825110,72639,3556285,132867,5113510,150859,2999920,145531,8455300,255036,6389815,282979,8550870,291947,16005935,614250
310M200US42680,42680,"Sebastian-Vero Beach, FL Metro Area",1054435,104508,36915,9021,99770,25772,136805,26731,108250,24573,105585,39333,163770,40753,74500,32422,95090,39076,233745,84051
310M200US42700,42700,"Sebring, FL Metro Area",653395,80921,27530,8314,56575,13524,89505,22878,99010,24940,14900,11096,125250,41737,23520,14817,32180,25285,184925,79246
310M200US43100,43100,"Sheboygan, WI Metro Area",1052910,69668,57740,7653,135300,13797,184575,21940,140130,18782,68405,16339,86220,15245,65165,19838,127355,34265,188015,62525
310M200US43300,43300,"Sherman-Denison, TX Metro Area",1345030,103012,56345,8180,99695,15390,117300,20860,129705,22062,55820,19561,153570,32471,109120,42169,170255,62167,453220,80005
310M200US43340,43340,"Shreveport-Bossier City, LA Metro Area",4102445,179212,110760,12714,290410,33160,575465,55859,717875,74598,308580,54779,714450,88502,169295,41743,377675,76181,837940,152480
310M200US43420,43420,"Sierra Vista-Douglas, AZ Metro Area",845670,107716,43105,6564,73560,14994,99555,18945,137860,34093,20875,11198,102110,35755,65440,21764,84815,25980,218350,80425
310M200US43580,43580,"Sioux City, IA-NE-SD Metro Area",1443890,101526,87310,11043,156655,18452,265020,32328,212305,25961,96375,27598,174420,35718,83805,25193,120100,38273,247895,80367
310M200US43620,43620,"Sioux Falls, SD Metro Area",2385260,111391,94855,10837,248485,24921,499025,43707,456900,45978,206780,34595,290805,45109,111855,26662,168050,40590,308505,81708
310M200US43780,43780,"South Bend-Mishawaka, IN-MI Metro Area",2881845,96465,98680,12370,232890,24920,433505,39429,450240,43218,224475,35020,495625,50121,295335,41377,328760,53332,322335,67246
310M200US43900,43900,"Spartanburg, SC Metro Area",3088080,139265,85905,13097,216955,29181,360425,34082,432735,41691,259765,43115,709375,90544,293015,50596,301730,52354,428180,109056
310M200US44060,44060,"Spokane-Spokane Valley, WA Metro Area",4741550,198229,165385,13465,327275,27514,625875,48267,747455,65082,436855,51167,761685,85964,324370,52700,551180,85437,801470,170990
310M200US44100,44100,"Springfield, IL Metro Area",1862000,92868,85250,9087,191375,17428,310570,28866,298010,30162,164420,34563,221320,32285,80745,18496,88495,27026,421815,84992
310M200US44140,44140,"Springfield, MA Metro Area",6492835,203629,195285,19636,458535,33844,710415,48578,938480,72131,529875,55380,1106265,87029,637465,74360,867160,118479,1049350,131575
310M200US44180,44180,"Springfield, MO Metro Area",4391815,180404,124440,13332,319160,25184,609580,44310,674665,59291,367450,43361,847640,72081,356525,65192,388060,68318,704290,148503
310M200US44220,44220,"Springfield, OH Metro Area",1258540,73176,46075,6390,98655,12574,148530,20097,173110,25151,97695,21732,177110,26125,149755,29737,160440,39374,207170,64174
310M200US44300,44300,"State College, PA Metro Area",1467305,97016,63375,11169,152220,24403,189685,25485,251695,36603,99390,21664,208530,38478,129670,46961,127270,42568,245475,77078
310M200US44420,44420,"Staunton-Waynesboro, VA Metro Area",1174755,112519,45710,10276,78325,15007,94785,17080,220770,39847,123825,30217,168720,36939,116620,37880,116440,34385,209555,83314
310M200US44700,44700,"Stockton-Lodi, CA Metro Area",8438490,315489,162880,15093,394800,30743,660935,57733,649150,58095,437625,59702,812915,72833,489335,74733,852765,96573,3978085,309951
310M200US44940,44940,"Sumter, SC Metro Area",964800,105419,26835,5854,111660,24835,133240,25621,110925,23588,34025,15255,128500,29817,44075,22524,104420,42390,271120,88560
310M200US45060,45060,"Syracuse, NY Metro Area",6343390,176948,219690,16651,514835,35091,822820,40769,1137385,69276,483860,51068,850650,75084,530330,59991,559500,74742,1224315,146522
310M200US45220,45220,"Tallahassee, FL Metro Area",3913035,198689,93160,14487,257510,26856,514400,56777,583000,60479,214230,40751,664980,67537,397120,73277,391200,68820,797435,159726
310M200US45300,45300,"Tampa-St. Petersburg-Clearwater, FL Metro Area",33692330,554192,629800,27374,1597875,69546,2856710,101887,3986295,156201,1993040,109569,5406540,176620,3415075,201104,5574285,272438,8232710,502692
310M200US45460,45460,"Terre Haute, IN Metro Area",1634565,115221,56325,10774,117250,13304,195205,24602,208455,31248,99780,21631,204790,34378,119355,25886,197860,42553,435550,107146
310M200US45500,45500,"Texarkana, TX-AR Metro Area",1116685,169678,58720,10556,142195,18297,163625,30553,148650,29693,33350,12955,130620,40497,36775,16100,123495,36856,279255,160178
310M200US45540,45540,"The Villages, FL Metro Area",511650,123671,21165,10594,46410,14732,83730,25626,38100,15662,17525,10500,57300,25334,27525,15657,45090,23325,174810,118781
310M200US45780,45780,"Toledo, OH Metro Area",5768485,183176,225015,20584,443720,32900,755870,39167,1012870,77713,572800,57244,901375,77471,442610,58446,461285,62953,952945,142643
310M200US45820,45820,"Topeka, KS Metro Area",2087170,109301,85710,9344,212550,21663,361070,42017,291405,36237,153850,28040,271785,38907,160900,27959,185315,49022,364590,83683
310M200US45940,45940,"Trenton, NJ Metro Area",4657985,223103,95670,12975,232330,23194,505475,44755,604020,64961,218980,35687,436300,67920,314750,62308,416585,66592,1833875,213570
310M200US46060,46060,"Tucson, AZ Metro Area",9910410,256652,227425,20500,550060,38465,973915,71525,1372560,82942,803675,76006,1897675,108231,1024645,88309,1263935,157945,1796525,210979
310M200US46140,46140,"Tulsa, OK Metro Area",9383305,178733,311310,15584,694180,32708,1257275,46512,1651880,68591,797475,50652,1742250,83520,783820,67892,885350,73676,1259760,144394
310M200US46220,46220,"Tuscaloosa, AL Metro Area",2202615,140498,44790,9558,143355,23299,247060,32097,406685,44481,218235,46215,344220,52548,194445,56772,205275,62364,398550,105865
310M200US46340,46340,"Tyler, TX Metro Area",2272285,112381,66080,9871,114800,19447,194430,27293,389680,50588,163150,40400,562740,81864,134020,47441,263865,66505,383520,105243
310M200US46520,46520,"Urban Honolulu, HI Metro Area",14098265,318007,212535,14884,534630,38143,995030,54270,1441485,96009,570415,62000,2607920,119570,1324235,119445,2097280,160533,4314730,298212
310M200US46540,46540,"Utica-Rome, NY Metro Area",2538950,132480,111185,10163,235725,24624,313160,30213,377360,42279,169545,32050,323990,37976,207915,33961,231320,42901,568755,118630
310M200US46660,46660,"Valdosta, GA Metro Area",1111505,95313,38475,7660,110440,20812,191770,29471,195965,30954,80920,21828,174600,49668,46100,22156,96785,32092,176455,91028
310M200US46700,46700,"Vallejo-Fairfield, CA Metro Area",5701190,245993,109045,11930,291690,37123,373525,34470,365395,39433,213715,40854,598020,62957,527395,70157,838905,92586,2383495,243101
310M200US47020,47020,"Victoria, TX Metro Area",841300,82309,37930,6647,109850,18900,123750,19902,102190,29110,60575,30097,60180,21458,48390,18437,132305,38021,166130,74829
310M200US47220,47220,"Vineland-Bridgeton, NJ Metro Area",1438395,93098,33945,5879,140590,18002,152715,27331,146290,35524,151140,35562,240800,51787,117900,36421,175175,48724,279845,66504
310M200US47260,47260,"Virginia Beach-Norfolk-Newport News, VA-NC Metro Area",20226845,403947,411915,23277,1090205,57421,2112375,93629,2792080,116919,1650795,102545,3613835,167127,2101280,158688,2735655,192149,3718700,367159
310M200US47300,47300,"Visalia-Porterville, CA Metro Area",3996325,235904,131395,14647,249950,31089,380780,42984,456440,52400,210375,39211,620580,77303,331710,63988,474080,89847,1141015,224960
310M200US47380,47380,"Waco, TX Metro Area",2232815,147526,81550,10339,210570,28008,418050,38244,367130,37676,127560,31084,353720,57763,151520,50070,163165,45687,359550,106905
310M200US47460,47460,"Walla Walla, WA Metro Area",390570,52509,48025,9841,71090,14312,62170,12874,23595,10537,17375,8652,42240,16885,20455,19109,10165,10306,95460,47949
310M200US47580,47580,"Warner Robins, GA Metro Area",1684375,119680,54540,11615,129750,22175,268765,32597,220725,41793,175035,37330,411995,68541,159025,41928,94920,34303,169620,78020
310M200US47900,47900,"Washington-Arlington-Alexandria, DC-VA-MD-WV Metro Area",105384255,744704,915390,40393,2608465,87013,5134080,140271,7339175,198290,4472165,160775,14092245,348311,11805535,359453,19703830,471401,39313370,845505
310M200US47940,47940,"Waterloo-Cedar Falls, IA Metro Area",1509365,73271,107395,11354,175390,21869,250885,27021,234910,29965,115475,19898,168795,29445,96475,20748,56665,19575,303375,66565
310M200US48060,48060,"Watertown-Fort Drum, NY Metro Area",853685,49677,67035,9817,117425,19037,129135,22214,141670,23965,59470,15423,129120,27682,57650,18418,71480,17320,80695,36419
310M200US48140,48140,"Wausau, WI Metro Area",1299170,68747,63635,7484,159355,15910,201975,19598,210715,27032,108260,21353,139655,23218,83605,22630,115810,27049,216155,57209
310M200US48260,48260,"Weirton-Steubenville, WV-OH Metro Area",1255130,87170,48585,8825,76970,11915,111065,19045,135290,30107,82085,21282,149970,32540,104240,25941,179140,42453,367795,86639
310M200US48300,48300,"Wenatchee, WA Metro Area",814010,62534,53245,8360,99685,19409,173930,31161,141395,30408,45655,17397,99360,30044,80110,31917,24025,13020,96605,41935
310M200US48540,48540,"Wheeling, WV-OH Metro Area",1311020,103604,51915,10076,93115,12600,205465,24521,164570,27844,89550,24056,134730,27285,80115,21955,156790,38304,334775,101273
310M200US48620,48620,"Wichita, KS Metro Area",5766300,181771,238460,14273,544340,34400,929255,58177,1124250,79608,522035,50582,849380,84104,373100,62338,412870,67830,772610,156030
310M200US48660,48660,"Wichita Falls, TX Metro Area",1031315,94096,86120,10718,175475,20784,257400,28718,128355,26747,28470,10726,77495,18557,18410,8015,35395,17278,224195,93674
310M200US48700,48700,"Williamsport, PA Metro Area",1062570,64888,61120,9781,95950,15647,150035,22191,170895,25498,63415,12921,136205,25087,58485,13647,93265,21729,233200,59994
310M200US48900,48900,"Wilmington, NC Metro Area",2491565,156207,81815,13474,230830,26927,366950,43676,406060,48841,190835,46708,398250,52833,155125,42043,220855,60241,440845,136475
310M200US49020,49020,"Winchester, VA-WV Metro Area",1827275,179182,32970,7678,82320,12435,166230,26909,155540,29058,61195,20194,176760,38554,78205,31433,265735,60132,808325,190033
310M200US49180,49180,"Winston-Salem, NC Metro Area",6497055,204950,156760,19110,475305,41593,807425,54798,904870,69312,478275,51292,1054780,91523,630255,90627,759960,105564,1229415,159642
310M200US49340,49340,"Worcester, MA-CT Metro Area",12347275,306614,260215,20097,560615,38623,932575,64308,1144140,85808,698195,60287,1723720,122144,1223320,105525,2021900,154007,3782600,259072
310M200US49420,49420,"Yakima, WA Metro Area",1753805,107207,105525,12635,173790,23497,346355,35015,263395,35302,123205,30821,238800,49816,97850,34900,187480,70206,217405,69617
310M200US49620,49620,"York-Hanover, PA Metro Area",5614460,200629,134120,11762,283830,31423,454370,40554,590080,58053,445815,49743,756445,66732,625025,70235,812445,93154,1512325,168713
310M200US49660,49660,"Youngstown-Warren-Boardman, OH-PA Metro Area",4942795,172996,215560,15934,402485,31287,616505,44697,712990,60573,423360,45315,544560,60253,427495,49346,495950,70086,1103895,148465
310M200US49700,49700,"Yuba City, CA Metro Area",1656790,121050,38475,8466,98695,16311,166870,26817,126505,25163,73670,25560,178855,43603,150770,44121,358560,63958,464390,100771
310M200US49740,49740,"Yuma, AZ Metro Area",1371115,113316,64335,8362,138730,19873,209275,32795,249515,41056,113200,29413,206820,45973,91220,31130,109200,41330,188825,94977
