GEO.id,GEO.id2,GEO.display-label,HD01_VD01,HD02_VD01,HD01_VD02,HD02_VD02,HD01_VD03,HD02_VD03,HD01_VD04,HD02_VD04,HD01_VD05,HD02_VD05,HD01_VD06,HD02_VD06,HD01_VD07,HD02_VD07,HD01_VD08,HD02_VD08,HD01_VD09,HD02_VD09,HD01_VD10,HD02_VD10
Id,Id2,Geography,Estimate; Aggregate travel time to work (in minutes):,Margin of Error; Aggregate travel time to work (in minutes):,Estimate; Aggregate travel time to work (in minutes): - Less than 10 minutes,Margin of Error; Aggregate travel time to work (in minutes): - Less than 10 minutes,Estimate; Aggregate travel time to work (in minutes): - 10 to 14 minutes,Margin of Error; Aggregate travel time to work (in minutes): - 10 to 14 minutes,Estimate; Aggregate travel time to work (in minutes): - 15 to 19 minutes,Margin of Error; Aggregate travel time to work (in minutes): - 15 to 19 minutes,Estimate; Aggregate travel time to work (in minutes): - 20 to 24 minutes,Margin of Error; Aggregate travel time to work (in minutes): - 20 to 24 minutes,Estimate; Aggregate travel time to work (in minutes): - 25 to 29 minutes,Margin of Error; Aggregate travel time to work (in minutes): - 25 to 29 minutes,Estimate; Aggregate travel time to work (in minutes): - 30 to 34 minutes,Margin of Error; Aggregate travel time to work (in minutes): - 30 to 34 minutes,Estimate; Aggregate travel time to work (in minutes): - 35 to 44 minutes,Margin of Error; Aggregate travel time to work (in minutes): - 35 to 44 minutes,Estimate; Aggregate travel time to work (in minutes): - 45 to 59 minutes,Margin of Error; Aggregate travel time to work (in minutes): - 45 to 59 minutes,Estimate; Aggregate travel time to work (in minutes): - 60 or more minutes,Margin of Error; Aggregate travel time to work (in minutes): - 60 or more minutes
310M100US10180,10180,"Abilene, TX Metro Area",1207990,99964,81555,10565,156090,21258,201840,27535,180180,27653,56560,18853,138480,30985,54465,20678,82965,29705,255860,85131
310M100US10420,10420,"Akron, OH Metro Area",7295585,234497,219660,19273,522825,33479,834400,51714,1017795,64442,601690,57803,1004770,97904,955945,85857,906410,104574,1232100,188830
310M100US10500,10500,"Albany, GA Metro Area",1184210,107007,41145,7121,123330,20301,172770,25376,205535,36711,87370,24361,153040,32259,52000,18710,88175,33269,260845,92579
310M100US10580,10580,"Albany-Schenectady-Troy, NY Metro Area",9149570,236152,256510,22063,666885,43828,1090165,60312,1359185,77250,790660,57998,1681260,120142,968090,72930,990315,122763,1346505,176029
310M100US10740,10740,"Albuquerque, NM Metro Area",8687145,240432,206410,19774,516565,29336,1152635,69273,1452640,96521,651590,64911,1594650,112673,673510,86660,978360,113078,1460785,205094
310M100US10780,10780,"Alexandria, LA Metro Area",1518770,154165,47205,8798,105060,17721,169985,24856,169480,31810,83120,24622,170070,39448,89240,29379,91185,29627,593420,139159
310M100US10900,10900,"Allentown-Bethlehem-Easton, PA-NJ Metro Area",10230610,244472,240690,17369,511975,30168,883955,46908,1117675,63505,604470,60090,1237050,85908,833025,85592,1280545,121887,3521225,258148
310M100US11020,11020,"Altoona, PA Metro Area",1049950,78241,57345,7144,118130,13788,140235,15636,138820,21033,84910,18294,142500,28851,88525,20938,106645,30134,172835,54877
310M100US11100,11100,"Amarillo, TX Metro Area",2161280,109320,110160,12449,281635,27298,361535,36157,355640,39397,75985,22533,263680,41027,80405,24867,138265,35141,493975,111500
310M100US11180,11180,"Ames, IA Metro Area",791685,55832,55580,7014,120205,15327,125245,23025,97420,23975,44955,15067,100980,22345,49615,17216,129980,32290,67700,27628
310M100US11260,11260,"Anchorage, AK Metro Area",4252380,224554,137425,14953,346000,29900,629550,52552,559165,59713,173045,33840,543275,68156,205550,42076,433825,70990,1224550,215859
310M100US11300,11300,"Anderson, IN Metro Area",1283975,74824,43095,7119,78155,11508,98085,15797,147690,31166,67100,16611,167885,31306,120010,25018,241640,44041,320315,69007
310M100US11340,11340,"Anderson, SC Metro Area",1689595,100601,40545,7582,137155,19363,206440,26256,269950,40827,120820,27314,256720,49764,189020,43077,216235,51354,252705,94495
310M100US11460,11460,"Ann Arbor, MI Metro Area",3589190,131258,102905,11798,282905,20088,430980,33589,564220,43639,229965,33948,559140,58997,395655,51664,486775,65647,536640,78233
310M100US11500,11500,"Anniston-Oxford, AL Metro Area",1005345,78324,32365,6597,67810,12573,124935,22038,121760,27842,102750,27151,155250,32961,75900,27754,141595,40994,182970,59571
310M100US11540,11540,"Appleton, WI Metro Area",2213760,105549,92470,10271,248595,24713,361435,25316,363915,33778,198445,28032,309890,38438,169115,34557,148050,29958,321845,87375
310M100US11700,11700,"Asheville, NC Metro Area",3843070,140822,144020,17553,286660,32411,508505,51413,612380,65434,366680,55839,623640,82188,299730,55122,328705,60353,672750,149617
310M100US12020,12020,"Athens-Clarke County, GA Metro Area",1868490,156273,55095,11830,158945,22024,296490,38418,248045,35163,110525,25344,211045,33520,115390,30443,131570,51741,541380,150386
310M100US12060,12060,"Atlanta-Sandy Springs-Marietta, GA Metro Area",68917250,828620,917960,46531,2418885,103682,4566805,159710,6570040,208199,3572325,182511,11413280,306288,7949895,287630,12241540,462155,19266510,848122
310M100US12100,12100,"Atlantic City-Hammonton, NJ Metro Area",2695155,153335,81070,11647,202690,24298,350220,37557,394315,52602,176515,36964,367860,54653,243445,46118,196495,55790,682540,125797
310M100US12220,12220,"Auburn-Opelika, AL Metro Area",1516620,111664,43535,8029,110120,15631,231845,33867,167410,28181,109960,24742,253380,49163,115915,40957,168475,46192,315975,108179
310M100US12260,12260,"Augusta-Richmond County, GA-SC Metro Area",5369805,217061,125970,14244,364680,34391,711575,61463,857765,67047,310145,54461,931785,105497,407825,62702,679615,101266,980445,172450
310M100US12420,12420,"Austin-Round Rock-San Marcos, TX Metro Area",21748060,465771,470640,31743,1084295,56463,2111835,101314,2756640,112219,1284800,97717,4091920,214508,2478825,213686,3050300,235018,4418805,351967
310M100US12540,12540,"Bakersfield-Delano, CA Metro Area",7344295,280181,210155,20544,531410,40693,823145,59040,997525,85222,343555,53268,984810,96949,514860,111753,718915,99478,2219920,282980
310M100US12580,12580,"Baltimore-Towson, MD Metro Area",38616155,521725,531935,23067,1371390,51824,2588360,100886,3850580,139411,2143550,107548,6374170,201582,4116310,184540,5820085,256707,11819775,494494
310M100US12620,12620,"Bangor, ME Metro Area",1462235,96148,68455,6833,112475,16280,186315,24037,201710,27531,98550,21574,212530,36664,134400,29514,124880,24256,322915,86407
310M100US12700,12700,"Barnstable Town, MA Metro Area",2225295,149366,80505,11275,168605,17513,242955,31226,223730,30662,160305,42925,251790,37845,163175,41625,192075,51369,742160,125810
310M100US12940,12940,"Baton Rouge, LA Metro Area",9727040,331639,197360,17739,435990,29412,795440,70361,1242530,84361,505040,61792,1735935,146732,816385,111816,1652185,151827,2346185,310336
310M100US12980,12980,"Battle Creek, MI Metro Area",1086050,73671,44165,6894,129280,18857,154045,22062,190675,24050,76205,15441,155580,31664,84815,20024,92050,22157,159235,51603
310M100US13020,13020,"Bay City, MI Metro Area",940545,67083,42105,6340,85755,10641,112770,15709,106485,18118,81055,16768,162230,29168,60030,16620,89825,23792,200290,58415
310M100US13140,13140,"Beaumont-Port Arthur, TX Metro Area",3253410,164426,126355,16197,270590,25780,421075,37791,493390,47154,228545,43291,652090,68769,193300,40824,364060,65384,504005,138317
310M100US13380,13380,"Bellingham, WA Metro Area",1875630,124661,81865,12997,194710,25257,258760,36757,199850,33258,155680,42565,325595,65968,120230,36744,153900,40828,385045,107280
310M100US13460,13460,"Bend, OR Metro Area",1257405,121459,68700,10464,137995,19089,156955,25359,167775,34335,79705,27328,221890,57528,78065,40123,73390,25961,272935,85719
310M100US13740,13740,"Billings, MT Metro Area",1652205,105026,64410,8248,183845,16757,267040,30801,284780,38981,69565,21044,163910,31616,76985,24825,68435,28562,473230,109545
310M100US13780,13780,"Binghamton, NY Metro Area",2215725,136309,99275,9937,211850,19893,318575,31217,376345,36376,170135,30512,239100,39661,134305,32739,169635,41108,496515,120850
310M100US13820,13820,"Birmingham-Hoover, AL Metro Area",12253165,299101,224085,20000,581030,47149,1114180,67480,1592095,93246,865180,79186,2403730,140928,1236035,109876,1894745,170860,2342085,240184
310M100US13900,13900,"Bismarck, ND Metro Area",1192490,127675,65185,9053,159410,17548,203740,24382,122705,20682,47145,15628,89760,31074,50525,23981,66745,29480,387275,123501
310M100US13980,13980,"Blacksburg-Christiansburg-Radford, VA Metro Area",1370320,96228,76420,11494,129655,17612,177660,28091,214230,33608,97790,24353,210010,43693,128235,41773,160700,42933,175620,64190
310M100US14020,14020,"Bloomington, IN Metro Area",1858505,119269,74060,11661,191405,22333,206055,27533,228515,33115,94985,23479,240540,47156,128755,43847,198390,42642,495795,100183
310M100US14060,14060,"Bloomington-Normal, IL Metro Area",1555585,91177,103180,12473,214245,22977,281730,28481,192040,27739,66985,17696,152850,34941,101205,24234,174345,40969,269005,67203
310M100US14260,14260,"Boise City-Nampa, ID Metro Area",5725060,250446,196490,19267,434345,37224,800120,62816,985185,94690,576105,87531,999365,100870,471210,83903,413870,72747,848370,206890
310M100US14460,14460,"Boston-Cambridge-Quincy, MA-NH Metro Area",66807985,747517,1127885,38953,2660290,75978,4284645,119860,5607325,181242,3126220,129264,10692325,295581,7537240,282966,11518705,364714,20253355,657304
310M100US14500,14500,"Boulder, CO Metro Area",3209390,134069,111505,12585,269485,23550,367830,35982,429830,44165,207470,31631,500755,60466,313505,57297,362430,54382,646580,125226
310M100US14540,14540,"Bowling Green, KY Metro Area",1055220,91116,53905,8610,123705,20354,192515,29098,157205,28386,73175,26796,118440,30017,55620,20355,88015,36587,192640,67309
310M100US14740,14740,"Bremerton-Silverdale, WA Metro Area",3193085,172223,57500,8767,155375,18406,282320,39008,349245,45078,138935,30126,360520,51978,198635,47076,242890,51885,1407665,160716
310M100US14860,14860,"Bridgeport-Stamford-Norwalk, CT Metro Area",11840595,305598,259495,21585,662360,31404,986635,62738,1224065,81491,519330,65711,1480770,104478,798630,67799,1344400,121166,4564910,290414
310M100US15180,15180,"Brownsville-Harlingen, TX Metro Area",2786120,124597,92645,14241,240840,27331,504045,44625,495000,58027,185295,40908,559920,79310,143625,47572,225120,46604,339635,79631
310M100US15260,15260,"Brunswick, GA Metro Area",1028585,98766,25265,5781,69655,13200,150850,29500,188200,31485,51175,20681,112710,31768,43155,19404,155075,46931,232505,75824
310M100US15380,15380,"Buffalo-Niagara Falls, NY Metro Area",10743810,248045,386580,22867,911045,48898,1402565,66279,1850220,100577,1010365,81370,1854275,96048,995035,96719,845880,103164,1487845,192432
310M100US15500,15500,"Burlington, NC Metro Area",1522065,99593,54000,9696,120560,19290,152200,19141,184175,31506,103340,20799,211100,36123,185630,41856,210595,52218,300470,83587
310M100US15540,15540,"Burlington-South Burlington, VT Metro Area",2404260,106195,79065,10670,180475,16557,250130,26524,316090,37267,222415,40294,350400,44718,249475,42713,345160,51218,411050,80795
310M100US15940,15940,"Canton-Massillon, OH Metro Area",4055995,154276,142725,12784,306885,25371,429520,39722,551475,50506,294800,39851,550185,67143,399970,71560,506760,74021,873675,115760
310M100US15980,15980,"Cape Coral-Fort Myers, FL Metro Area",6488150,273506,103615,11730,277605,29663,501600,58429,758105,67614,373815,53695,1256135,115595,743735,105998,906785,108385,1566755,236389
310M100US16020,16020,"Cape Girardeau-Jackson, MO-IL Metro Area",867860,69155,42235,8491,85985,14436,122320,19248,106470,19172,51875,16286,104940,21506,63980,20802,83100,28727,206955,65685
310M100US16180,16180,"Carson City, NV Metro Area",383055,50289,32640,8277,73065,14815,42795,13339,32220,14228,16775,10288,46050,19609,53795,26456,16020,9666,69695,43568
310M100US16220,16220,"Casper, WY Metro Area",707385,60571,41085,7306,120280,14483,142145,21951,109335,20096,24925,10979,44970,14850,14930,11820,26230,12522,183485,64267
310M100US16300,16300,"Cedar Rapids, IA Metro Area",2470310,110619,126405,13487,246830,25202,338000,33563,370315,41869,191600,31279,328370,45477,250895,53717,225755,46206,392140,82556
310M100US16580,16580,"Champaign-Urbana, IL Metro Area",2060255,118029,111130,13685,277650,24580,355005,48453,289840,40478,151945,36530,206905,40429,132075,25527,158640,37340,377055,114568
310M100US16620,16620,"Charleston, WV Metro Area",2909960,183604,82485,10802,187045,23024,322320,33665,416210,39013,194000,36661,404130,56159,285575,49916,368755,73232,649440,147950
310M100US16700,16700,"Charleston-North Charleston-Summerville, SC Metro Area",7535065,252509,156575,16718,447165,42150,807200,61955,1084710,75152,647900,74908,1428160,127165,720425,94098,1140325,122214,1102610,192215
310M100US16740,16740,"Charlotte-Gastonia-Rock Hill, NC-SC Metro Area",20563465,363343,409330,22510,1071190,52945,1941950,92304,2657825,108177,1496305,100465,3784135,165585,2319430,165336,2934535,187327,3948770,349799
310M100US16820,16820,"Charlottesville, VA Metro Area",2185645,144526,41350,7311,137800,14619,251350,33977,315990,31656,169030,34862,378570,60604,220155,42158,210155,54811,461245,118315
310M100US16860,16860,"Chattanooga, TN-GA Metro Area",5267290,200198,122950,16173,342365,28504,571170,45782,818670,76065,443145,55270,1044330,115401,498535,74881,692175,86274,733945,145877
310M100US16980,16980,"Chicago-Joliet-Naperville, IL-IN-WI Metro Area",129485690,995253,1909855,57262,4831565,117572,7273820,158874,10932960,262021,6332925,204203,19977130,422133,14599760,396020,22745235,520950,40882440,921167
310M100US17020,17020,"Chico, CA Metro Area",1494890,111700,105325,13956,183700,21109,169195,27077,127870,21906,121390,31884,230975,33310,91320,25559,152465,51982,312645,85133
310M100US17140,17140,"Cincinnati-Middletown, OH-KY-IN Metro Area",23490130,425685,554840,29805,1393845,68886,2197140,86616,3357245,110922,1939870,110599,4344640,164704,2799115,189172,3078625,189639,3824810,304551
310M100US17300,17300,"Clarksville, TN-KY Metro Area",2673420,118488,82580,11834,199660,21447,326895,35031,412510,46967,207995,45316,438825,69028,205930,44505,300220,60103,498805,115837
310M100US17420,17420,"Cleveland, TN Metro Area",988475,90519,34230,7882,80910,14425,130590,27755,120130,29609,43665,16019,143430,31668,106820,34086,137030,41538,191665,71445
310M100US17460,17460,"Cleveland-Elyria-Mentor, OH Metro Area",22132940,315713,498610,22346,1261410,52440,2024780,70047,3025415,115396,1898740,92461,4053715,165074,2922655,156664,2788550,145788,3659070,219185
310M100US17660,17660,"Coeur d'Alene, ID Metro Area",1187065,107632,50505,9646,96560,18555,171220,33702,133170,28189,114960,38567,171210,36747,90835,29477,175585,59222,183015,77274
310M100US17780,17780,"College Station-Bryan, TX Metro Area",1985900,120941,86065,12117,268680,29795,356615,35494,314990,45268,91385,26204,208290,45421,106760,27889,143560,50866,409555,97334
310M100US17820,17820,"Colorado Springs, CO Metro Area",6469735,211970,197520,17010,501830,36246,861390,56293,1061250,85374,526990,61284,1106190,100193,558895,72402,579775,96335,1075895,153409
310M100US17860,17860,"Columbia, MO Metro Area",1545165,80757,73110,10998,204995,25088,312610,40412,262865,41235,105380,26600,207390,47275,98745,32162,179255,48713,100810,49806
310M100US17900,17900,"Columbia, SC Metro Area",7951100,212408,184110,18136,515250,35634,903960,63312,1265250,99116,577480,71396,1687015,110553,797010,85457,857110,93903,1163920,155171
310M100US17980,17980,"Columbus, GA-AL Metro Area",2505970,139514,78365,12666,195165,23321,418655,43721,410880,47231,193685,36447,513540,71655,130110,35294,218460,39718,347115,108655
310M100US18020,18020,"Columbus, IN Metro Area",686455,61830,31890,5766,121570,20537,105620,23316,110330,18855,44200,20632,53610,16453,34585,16273,57285,21125,127365,57909
310M100US18140,18140,"Columbus, OH Metro Area",19717055,343608,533105,33986,1247185,61686,2108080,98482,3234570,147840,1881925,126930,3818165,164204,2050815,135832,2044495,175340,2798715,295788
310M100US18580,18580,"Corpus Christi, TX Metro Area",4064185,169659,156240,14572,333040,31376,575510,57290,657960,62488,194505,34354,587915,68023,252165,57250,401640,82866,905220,146908
310M100US18700,18700,"Corvallis, OR Metro Area",648675,55391,35155,6636,103375,20534,105215,18896,85040,24046,37550,20276,61800,19335,40670,19437,96245,33845,83625,43710
310M100US18880,18880,"Crestview-Fort Walton Beach-Destin, FL Metro Area",2096760,130990,58165,9621,162765,19413,207505,28670,222640,34409,137665,28030,464720,53309,148205,43530,339430,77643,355665,109608
310M100US19060,19060,"Cumberland, MD-WV Metro Area",882890,79090,38860,7912,65670,11406,110415,18057,146495,30242,50545,15050,120900,31878,56400,25990,74765,29475,218840,67053
310M100US19100,19100,"Dallas-Fort Worth-Arlington, TX Metro Area",81425250,828202,1458685,56381,3753315,104748,6506480,210293,8696445,245668,4888365,196063,15783345,377778,8776930,317519,13560700,400299,18000990,694817
310M100US19140,19140,"Dalton, GA Metro Area",1206665,92660,20695,5122,77180,16325,214615,33490,220620,36766,58750,18411,260160,45646,76965,24088,139430,51323,138255,61463
310M100US19180,19180,"Danville, IL Metro Area",613900,53586,31195,6433,68375,10396,94065,18037,79565,16625,28470,8594,71785,20630,45385,16155,86975,25572,108085,43471
310M100US19260,19260,"Danville, VA Metro Area",1027805,81542,32670,4992,72800,11905,123375,22094,146865,24506,64290,16191,124380,30283,84260,24462,97985,30464,281175,71302
310M100US19340,19340,"Davenport-Moline-Rock Island, IA-IL Metro Area",3378355,132131,153740,13322,363395,27408,462250,33672,568560,42714,346960,42506,505390,46428,244235,48035,235455,49520,498375,102121
310M100US19380,19380,"Dayton, OH Metro Area",7692765,213207,270930,20130,644205,38899,968110,56527,1324870,77301,669125,60435,1185425,97831,650930,77916,662915,84353,1316255,174426
310M100US19460,19460,"Decatur, AL Metro Area",1521635,89275,33375,5558,95550,13886,133990,20861,177115,30420,96675,29051,297205,44209,254955,46777,231940,54561,200830,61029
310M100US19500,19500,"Decatur, IL Metro Area",927210,62484,45715,6291,117475,13581,162510,21468,120590,19665,50345,17826,75000,20707,38670,16230,85115,33557,231790,56328
310M100US19660,19660,"Deltona-Daytona Beach-Ormond Beach, FL Metro Area",4488940,209640,90380,9251,305675,33847,483505,50324,549270,50999,273790,44390,704170,90618,374845,66259,553170,81349,1154130,171455
310M100US19740,19740,"Denver-Aurora-Broomfield, CO Metro Area",33539220,439162,574640,34949,1461695,64883,2705580,107421,4122005,140446,2322515,137931,6481935,178390,3932790,182706,5056720,245607,6881340,368634
310M100US19780,19780,"Des Moines-West Des Moines, IA Metro Area",5716845,143141,220050,15476,500060,32778,863190,63559,1193495,76780,534540,57332,924250,77237,409145,57011,471415,74078,600690,113803
310M100US19820,19820,"Detroit-Warren-Livonia, MI Metro Area",46270250,528219,878435,37089,2204645,69597,3993585,100717,5532010,167794,3160700,123720,8435270,223256,5699600,209230,7279490,284056,9086515,389670
310M100US20020,20020,"Dothan, AL Metro Area",1379475,63854,33250,4236,108120,11007,144980,15934,163090,21566,63600,12806,378340,40677,92120,19053,156730,35085,239250,56911
310M100US20100,20100,"Dover, DE Metro Area",1816360,134872,45260,8653,125740,18455,172830,25080,189930,27278,61800,19074,211155,43929,142215,41278,339915,104393,527525,88239
310M100US20220,20220,"Dubuque, IA Metro Area",796655,52371,55700,7085,122430,13033,144800,21145,127275,20678,41880,11561,91290,16500,52435,19301,15970,9796,144870,46914
310M100US20260,20260,"Duluth, MN-WI Metro Area",2410630,101391,125820,10464,250290,20737,332720,27050,335960,32499,173910,27271,305950,37236,203760,28088,274340,37780,407880,87994
310M100US20500,20500,"Durham-Chapel Hill, NC Metro Area",5492475,224859,125030,12920,366210,28514,696555,49996,802655,57215,431445,52935,833910,69250,577440,84465,608440,96462,1050795,217966
310M100US20740,20740,"Eau Claire, WI Metro Area",1518645,86053,81075,9619,200055,20397,248610,27872,199870,27282,78880,18075,186210,28995,107770,20837,115765,29777,300410,77657
310M100US20940,20940,"El Centro, CA Metro Area",1142420,113989,47785,7855,99490,17849,148410,26831,146225,32581,40800,17623,206565,49359,63260,31863,74865,35158,315020,109622
310M100US21060,21060,"Elizabethtown, KY Metro Area",1149335,90035,40630,7341,95190,16132,170635,22574,141885,26794,59820,17946,202830,41134,56875,21208,168175,36924,213295,64519
310M100US21140,21140,"Elkhart-Goshen, IN Metro Area",1747500,95995,78760,8998,147850,20769,246465,35070,328420,40463,157775,34320,249690,49116,165555,40565,138095,42890,234885,69730
310M100US21300,21300,"Elmira, NY Metro Area",714950,54131,38980,7191,83995,13764,101310,21857,109620,16553,51810,19147,75210,18393,83855,32728,75885,29028,94285,40197
310M100US21340,21340,"El Paso, TX Metro Area",7480735,289010,149090,15737,446610,39435,906150,59007,1303360,84282,566470,59420,1673035,124418,576800,80190,549120,82424,1310095,284450
310M100US21500,21500,"Erie, PA Metro Area",2305860,93559,115995,12438,247030,21558,359325,30071,398080,40982,149440,26623,375465,45352,127100,27549,168220,26608,365200,86940
310M100US21660,21660,"Eugene-Springfield, OR Metro Area",2637580,103545,130235,16026,291140,25425,439155,38232,466750,46534,174015,32757,324080,45599,167870,42886,189185,44733,455150,86293
310M100US21780,21780,"Evansville, IN-KY Metro Area",3343525,119524,124100,12419,298485,32079,503745,37409,559540,45518,262455,38876,496440,69291,258815,46306,316085,67936,523860,102124
310M100US21820,21820,"Fairbanks, AK Metro Area",978345,115263,40850,8836,86540,16778,148945,25581,200640,42669,75595,28287,136470,45112,49185,31445,65325,37967,174795,105285
310M100US22020,22020,"Fargo, ND-MN Metro Area",2058395,123470,131630,13858,273215,28254,468105,43679,271565,35650,127225,38826,207530,40970,75060,20693,104905,36148,399150,114777
310M100US22140,22140,"Farmington, NM Metro Area",1124900,75352,40870,7393,97935,16565,110405,21113,138695,22036,55625,20362,192240,38494,59155,21914,142745,39835,287230,64289
310M100US22180,22180,"Fayetteville, NC Metro Area",3484705,143821,92995,9931,222375,22523,491320,31144,587930,39285,241125,36137,741370,72905,275885,45877,286115,54706,545585,107922
310M100US22220,22220,"Fayetteville-Springdale-Rogers, AR-MO Metro Area",4339620,177946,167220,15188,349020,26577,632025,54261,593460,53132,404965,56776,657180,70924,369925,71864,615165,95483,550660,139583
310M100US22380,22380,"Flagstaff, AZ Metro Area",1019170,68302,84185,12000,149825,20309,188630,29543,93910,18438,31050,13355,94225,21754,45135,20181,87325,32039,244885,60325
310M100US22420,22420,"Flint, MI Metro Area",3756580,144197,98435,9485,240765,22858,419810,34875,470070,42792,237155,44582,381815,47017,236795,38978,627720,76803,1044010,129246
310M100US22500,22500,"Florence, SC Metro Area",1792995,96128,59985,7232,137295,19543,238655,29666,282730,34715,106385,21170,290640,50910,107260,31061,211880,45608,358170,82946
310M100US22520,22520,"Florence-Muscle Shoals, AL Metro Area",1403790,97425,45470,7888,106515,17348,133735,19510,174190,28801,78285,22613,200010,48154,95130,31127,172255,46029,398200,94350
310M100US22540,22540,"Fond du Lac, WI Metro Area",963980,54957,50480,6503,114015,15667,127060,17366,121975,19243,57185,12161,110730,19241,90415,30266,111285,26716,180835,43487
310M100US22660,22660,"Fort Collins-Loveland, CO Metro Area",3306275,166239,113555,11061,282065,25067,409300,37297,414410,45259,180915,35982,438185,62007,309585,54095,333040,61041,825220,164121
310M100US22900,22900,"Fort Smith, AR-OK Metro Area",2475135,111977,96180,9231,191445,17584,324090,32331,369590,50571,162135,30594,458850,49439,169220,37907,311420,71334,392210,91800
310M100US23060,23060,"Fort Wayne, IN Metro Area",3837195,138279,119070,11765,328915,25433,593085,43836,766925,54348,412670,44458,551970,58736,267175,49985,267875,52109,529510,89814
310M100US23420,23420,"Fresno, CA Metro Area",7563165,228027,216900,17464,507490,39141,1141445,66016,1135540,76594,464850,58900,1234090,118755,465325,79200,622685,96062,1774835,220165
310M100US23460,23460,"Gadsden, AL Metro Area",877560,96678,25105,6333,79950,17725,116375,18770,88675,23348,35920,15631,122940,34884,41225,15908,59175,20891,308195,97820
310M100US23540,23540,"Gainesville, FL Metro Area",2310190,183172,77600,13636,213340,31292,341410,38768,426650,48781,147845,26946,471630,68225,120955,42626,169470,43270,341290,162281
310M100US23580,23580,"Gainesville, GA Metro Area",1976135,119096,37580,8598,123095,22510,220485,36547,189865,33658,93465,22308,266040,50812,178315,38907,359890,74899,507400,124825
310M100US24020,24020,"Glens Falls, NY Metro Area",1360185,78453,42855,6359,96390,12884,121100,17775,146960,25789,86300,17961,191160,31502,171235,35905,176880,38406,327305,76023
310M100US24140,24140,"Goldsboro, NC Metro Area",1120085,101930,43920,9798,70095,14678,153215,27897,161795,32749,64975,21507,147780,34864,121320,64203,83240,32004,273745,80191
310M100US24220,24220,"Grand Forks, ND-MN Metro Area",765430,50512,82100,7967,136035,17535,125875,17348,75225,15327,38575,14695,81390,20776,33665,13273,56745,16053,135815,48476
310M100US24300,24300,"Grand Junction, CO Metro Area",1405180,105207,56640,8696,130540,18992,262920,36487,184735,30805,47260,18458,104335,27796,25420,12616,103860,45525,489470,103907
310M100US24340,24340,"Grand Rapids-Wyoming, MI Metro Area",7773125,205895,247985,20210,592315,43076,899675,54322,1198230,72249,711200,73153,1080910,91491,773020,82373,901720,84434,1368070,140150
310M100US24500,24500,"Great Falls, MT Metro Area",594445,54218,42310,7423,100360,13382,132800,19574,63840,14431,30960,11147,67170,20486,17280,8721,30885,16378,108835,53551
310M100US24540,24540,"Greeley, CO Metro Area",3046735,175251,77005,11431,171930,21175,284995,34848,297125,32349,178275,39205,456870,54615,306600,45973,443620,71648,830315,151430
310M100US24580,24580,"Green Bay, WI Metro Area",2978215,141542,126975,12032,294180,26348,483065,42841,501590,44215,251320,44319,398615,51357,240605,44316,217000,47237,464865,130094
310M100US24660,24660,"Greensboro-High Point, NC Metro Area",6788965,201170,200400,17894,587320,39577,968725,72226,1030445,71390,554400,59960,994040,81102,563745,89092,647675,81538,1242225,162971
310M100US24780,24780,"Greenville, NC Metro Area",1695060,121889,77455,12116,193475,23985,275875,43921,255330,34513,115400,28526,235285,48015,108790,39654,135970,45398,297480,106858
310M100US24860,24860,"Greenville-Mauldin-Easley, SC Metro Area",6097705,213995,170475,15354,401560,30615,802650,50621,1002820,85395,467705,62290,1093570,90877,651300,83655,689410,86379,818210,143820
310M100US25060,25060,"Gulfport-Biloxi, MS Metro Area",2437845,148088,82045,12239,201850,29212,299250,37253,377680,53140,154510,40632,428700,65628,158225,52346,179660,52855,555930,123405
310M100US25180,25180,"Hagerstown-Martinsburg, MD-WV Metro Area",3403770,206821,81350,11489,164545,19125,256800,30559,348635,49937,139245,33505,404990,51983,368855,61460,320575,58359,1318785,209032
310M100US25260,25260,"Hanford-Corcoran, CA Metro Area",1097700,83266,52605,9505,81095,14551,137095,23012,131690,22835,92200,30806,143880,36347,148655,41164,119510,30662,190975,64642
310M100US25420,25420,"Harrisburg-Carlisle, PA Metro Area",5745590,200832,175765,13511,464080,33836,682385,50708,939805,63205,535815,55292,820755,59577,457170,53946,721280,84784,948530,164344
310M100US25500,25500,"Harrisonburg, VA Metro Area",1031820,64742,47290,7163,118450,14523,151450,26034,167500,27114,75000,20231,157545,34194,62155,17823,86295,25877,166140,59995
310M100US25540,25540,"Hartford-West Hartford-East Hartford, CT Metro Area",13266575,263181,363345,20051,853930,40296,1438790,79478,1921405,100552,947970,68805,2373990,129088,1551625,106550,1540320,137903,2275205,215250
310M100US25620,25620,"Hattiesburg, MS Metro Area",1406040,124960,44795,8134,88330,15604,207785,31100,179055,30835,55410,23343,223560,48046,114710,41673,76895,28770,415495,117745
310M100US25860,25860,"Hickory-Lenoir-Morganton, NC Metro Area",3443230,146833,95600,11198,221875,24982,447170,42839,580950,51853,255820,37003,474790,62972,204975,40878,383240,62562,778815,153915
310M100US25980,25980,"Hinesville-Fort Stewart, GA Metro Area",701885,62752,26600,5669,76580,12439,104250,19095,73940,21082,34390,15109,86700,31697,39350,14937,145815,42506,114260,45702
310M100US26100,26100,"Holland-Grand Haven, MI Metro Area",2475630,108813,107050,10050,245030,24583,358925,39412,369810,41052,205260,33089,380490,61563,241815,46406,180570,45025,386680,93270
310M100US26180,26180,"Honolulu, HI Metro Area",12554655,226271,228975,20275,562465,41235,996010,61621,1480065,84811,600300,64002,2532050,121913,1219500,83891,1892970,142444,3042325,225894
310M100US26300,26300,"Hot Springs, AR Metro Area",749025,76590,38310,7820,86385,16141,106930,21165,120850,27249,53925,20086,79380,22602,39925,14678,54645,23004,168680,60996
310M100US26380,26380,"Houma-Bayou Cane-Thibodaux, LA Metro Area",2199520,173088,82610,14053,161150,19507,218410,31393,176960,27492,86660,25018,285990,54814,197565,43197,289975,56390,700195,165170
310M100US26420,26420,"Houston-Sugar Land-Baytown, TX Metro Area",78432420,953347,1158195,46695,3094425,115326,5617545,193618,7881725,233295,4057320,209017,14667830,394668,8194885,382759,13392405,516324,20368090,839562
310M100US26580,26580,"Huntington-Ashland, WV-KY-OH Metro Area",2374860,125733,88110,10799,194125,19744,247080,32255,347100,34763,217680,45349,330615,49666,280910,48774,271905,65288,397335,110826
310M100US26620,26620,"Huntsville, AL Metro Area",4204330,157591,111605,11786,308825,28053,565815,46049,732535,62937,401310,56652,759170,83183,343755,61802,443870,74172,537450,108903
310M100US26820,26820,"Idaho Falls, ID Metro Area",1052770,83284,70885,11341,134980,17006,163850,29333,111900,21947,66445,20247,111075,23672,46765,18591,59155,26573,287715,81438
310M100US26900,26900,"Indianapolis-Carmel, IN Metro Area",20602420,398355,437320,25334,1004895,54870,1948650,88991,2838660,108014,1568735,107959,3937640,181801,2540380,162540,2676215,212209,3649925,317901
310M100US26980,26980,"Iowa City, IA Metro Area",1615340,106344,74400,10235,172840,19916,258185,32654,243120,39073,132715,28850,258060,39399,143530,28790,114645,33893,217855,93655
310M100US27060,27060,"Ithaca, NY Metro Area",788180,71362,41510,6815,89160,17332,136040,24208,148420,26182,80045,19492,72510,20518,31135,14968,68470,34174,120890,47870
310M100US27100,27100,"Jackson, MI Metro Area",1419560,88878,46210,6684,101265,15714,180080,26530,184435,27588,93505,18933,181245,35301,153410,38711,186125,43471,293285,76439
310M100US27140,27140,"Jackson, MS Metro Area",5246485,204026,112285,13899,290320,33307,614045,47586,820180,70671,480660,53728,1273930,107886,433560,67427,524630,90059,696880,146296
310M100US27180,27180,"Jackson, TN Metro Area",942650,82383,37240,6720,115435,18939,149290,24694,130700,23732,42550,16263,139365,32241,96025,39523,55340,21028,176705,63435
310M100US27260,27260,"Jacksonville, FL Metro Area",14541975,336204,258100,24390,804800,53220,1464580,90916,1962285,119696,1087220,95513,2710070,182946,1547390,142556,2048625,181286,2658900,299856
310M100US27340,27340,"Jacksonville, NC Metro Area",1982065,143290,56980,10898,108770,19939,212015,34468,187690,33765,101545,26062,250320,55086,150785,37290,318300,78983,595660,126810
310M100US27500,27500,"Janesville, WI Metro Area",1554060,101716,61320,7493,126645,15136,148455,19431,187330,29967,87150,23974,196220,36627,151420,31863,272795,55189,322720,80225
310M100US27620,27620,"Jefferson City, MO Metro Area",1288890,91038,65985,8394,129675,18097,171395,23726,182270,28848,89875,22231,187800,32841,135065,32565,121430,32326,205395,83228
310M100US27740,27740,"Johnson City, TN Metro Area",1909735,147233,55825,8313,130925,19484,280415,35409,251680,37407,144025,34441,301785,49290,133235,35095,181920,43318,429920,113258
310M100US27780,27780,"Johnstown, PA Metro Area",1294825,73158,47740,5971,103465,12391,150675,18562,152900,20612,68875,12161,177485,24211,129590,26329,144640,27487,319455,65466
310M100US27860,27860,"Jonesboro, AR Metro Area",993660,85839,55900,9403,116405,17718,150820,22904,144230,25019,57150,19818,112650,27823,51885,16411,86195,28103,218425,76825
310M100US27900,27900,"Joplin, MO Metro Area",1433030,82541,73030,10344,146560,19759,204005,28630,207170,25877,133470,25810,258390,43763,99375,28633,125915,32241,185115,67997
310M100US28020,28020,"Kalamazoo-Portage, MI Metro Area",2898560,129486,114975,13338,270995,26678,432685,36911,473695,41874,241020,35362,446035,58928,228715,46945,214955,41005,475485,107917
310M100US28100,28100,"Kankakee-Bradley, IL Metro Area",1161145,95147,44055,6551,89345,15625,112300,15322,123900,21544,44725,12160,130675,31287,88705,22767,164590,36199,362855,91998
310M100US28140,28140,"Kansas City, MO-KS Metro Area",21574070,368533,631730,27957,1384440,57159,2455420,87776,3253895,135111,1906135,96353,4202820,202722,2322585,162915,2504715,182952,2912325,251323
310M100US28420,28420,"Kennewick-Pasco-Richland, WA Metro Area",2239485,113101,86745,11945,197330,27291,419125,36778,383455,56299,133070,23758,304620,53579,145255,36306,274200,75098,295685,72534
310M100US28660,28660,"Killeen-Temple-Fort Hood, TX Metro Area",3621695,171097,154715,20490,370040,38742,528550,54032,468500,51724,172135,34714,553590,70233,288385,57942,317100,63683,768680,142523
310M100US28700,28700,"Kingsport-Bristol-Bristol, TN-VA Metro Area",2758730,142448,86885,9350,215620,23485,344815,36129,396500,43218,133385,26404,452585,75117,256445,54209,354855,70438,517645,103937
310M100US28740,28740,"Kingston, NY Metro Area",2098635,130787,50925,8143,102295,12622,152740,21207,229205,38033,115485,30016,269670,37688,273700,55945,255290,53358,649325,101425
310M100US28940,28940,"Knoxville, TN Metro Area",6914845,193842,161165,16597,491915,41771,882685,54239,1188935,80242,550795,61960,1261075,106806,689790,89473,672135,78627,1016350,156089
310M100US29020,29020,"Kokomo, IN Metro Area",757310,67890,44570,7691,83395,12791,98635,17770,70680,15634,41605,14699,73650,26973,53265,28027,118485,36296,173025,45133
310M100US29100,29100,"La Crosse, WI-MN Metro Area",1225925,78625,77520,10262,136810,15234,236885,26711,176405,26647,98785,17645,139800,27294,102625,30702,82205,21764,174890,63257
310M100US29140,29140,"Lafayette, IN Metro Area",1797005,104427,81405,11241,209410,20889,353890,37490,247025,35441,108910,24049,214830,39357,119425,33457,129560,36304,332550,88671
310M100US29180,29180,"Lafayette, LA Metro Area",3074065,205431,98430,15109,201785,26977,383990,43412,456295,57220,231165,45973,399630,62917,157940,39741,227970,62170,916865,196274
310M100US29340,29340,"Lake Charles, LA Metro Area",1814960,134978,67510,9722,152805,21267,293575,36967,219540,36030,140585,34976,270100,46012,95665,32646,119375,36382,455810,122235
310M100US29420,29420,"Lake Havasu City-Kingman, AZ Metro Area",1088855,106193,80545,14447,128750,22357,168345,30323,164250,33902,62325,31804,78810,25953,41205,17065,82505,31171,282120,82351
310M100US29460,29460,"Lakeland-Winter Haven, FL Metro Area",5774195,222452,115475,12871,299735,33737,601125,51428,750965,73279,334330,56544,845400,79811,545045,81965,869340,134035,1412785,198329
310M100US29540,29540,"Lancaster, PA Metro Area",5233755,179299,165305,13081,437455,36366,626370,49421,748425,58432,408180,51178,763305,63260,488765,62466,489005,62676,1106950,164297
310M100US29620,29620,"Lansing-East Lansing, MI Metro Area",4307175,163105,155120,13336,366885,27832,621245,43234,707345,48558,311880,41935,630930,57983,282255,33750,292250,52719,939265,149567
310M100US29700,29700,"Laredo, TX Metro Area",1953670,129441,52045,6871,175015,17420,326890,35265,282580,37386,112025,26395,340435,50910,79510,24374,126850,37743,458330,130593
310M100US29740,29740,"Las Cruces, NM Metro Area",1729720,121726,60375,9950,155095,23927,312595,44684,237190,40155,117250,31842,256025,58565,85840,38311,215755,62023,289595,92244
310M100US29820,29820,"Las Vegas-Paradise, NV Metro Area",20660580,373458,347815,24324,1012320,52388,2263055,97231,3564535,164225,1918725,115074,4972945,206497,1702915,144129,1550550,134404,3327725,281541
310M100US29940,29940,"Lawrence, KS Metro Area",1194350,102153,55275,8358,124400,19135,148430,21182,96410,20803,89030,28162,139140,36555,212580,63650,196465,47463,132620,61254
310M100US30020,30020,"Lawton, OK Metro Area",917495,80021,57870,13292,110680,18987,179220,20063,153865,23312,65935,19576,159120,35296,14570,6544,51420,25667,124815,59795
310M100US30140,30140,"Lebanon, PA Metro Area",1389670,83442,51110,8657,106895,14936,159665,24940,166605,19742,71405,17826,205885,38294,118440,32609,213865,42548,295800,71332
310M100US30300,30300,"Lewiston, ID-WA Metro Area",431695,47282,32280,6450,65510,11632,91155,15652,62190,16088,15725,10184,37325,15990,15595,7676,43525,17921,68390,44276
310M100US30340,30340,"Lewiston-Auburn, ME Metro Area",1163035,90478,48495,8432,98420,17547,92535,17637,122510,25046,78565,22415,127470,29706,164530,45368,170775,35703,259745,82994
310M100US30460,30460,"Lexington-Fayette, KY Metro Area",4744060,175457,180295,17602,379070,25859,697815,47874,873255,57934,323610,43864,806070,70711,365865,55422,439505,68000,678580,142843
310M100US30620,30620,"Lima, OH Metro Area",882420,76244,46835,6814,88855,10398,121655,20157,138925,22965,79275,19160,97025,22282,63545,25394,51290,21382,195010,86354
310M100US30700,30700,"Lincoln, NE Metro Area",2907190,126222,127930,12262,352035,24509,528375,38803,608670,49935,209830,31973,322280,56966,115150,29151,182645,42499,460265,105043
310M100US30780,30780,"Little Rock-North Little Rock-Conway, AR Metro Area",7220975,197650,203970,20449,492265,38434,844555,65511,1096380,66991,434820,53573,1472740,121843,648615,74886,919650,100377,1107975,147908
310M100US30860,30860,"Logan, UT-ID Metro Area",955515,70069,76660,10104,146135,16149,138735,22963,122340,18671,59930,17551,100530,24212,37585,21676,47075,15485,226520,59768
310M100US30980,30980,"Longview, TX Metro Area",1962000,138095,77630,9419,146570,24318,253505,29079,250405,36040,98640,22795,326190,45655,132360,39781,218690,45621,458010,128171
310M100US31020,31020,"Longview, WA Metro Area",783355,89166,29865,6509,85840,17141,107415,20343,101350,20113,36425,16518,87600,25875,30965,13605,87855,33216,216045,89103
310M100US31100,31100,"Los Angeles-Long Beach-Santa Ana, CA Metro Area",160256290,1023119,2220305,61379,6616855,138700,12161755,237946,16496325,303141,7764250,200328,29588025,437259,15263310,358825,23165820,550499,46979645,963124
310M100US31140,31140,"Louisville/Jefferson County, KY-IN Metro Area",13754625,324914,314305,22984,759740,50704,1534560,69753,2037020,88834,1271295,82994,2622475,125445,1452615,109930,1701930,131241,2060685,262263
310M100US31180,31180,"Lubbock, TX Metro Area",2206580,126114,137070,13016,339785,40929,586765,49241,333430,42507,70500,21863,236885,38899,85185,31448,138185,39307,278775,102271
310M100US31340,31340,"Lynchburg, VA Metro Area",2530685,143877,74220,9200,214465,23167,297415,38614,344985,42582,138005,27594,417350,60333,212730,42358,280075,58687,551435,121554
310M100US31420,31420,"Macon, GA Metro Area",2108605,151744,60115,10501,138340,18730,309615,38424,292280,45587,128780,29626,330450,57725,214230,54186,225640,62604,409155,113839
310M100US31460,31460,"Madera-Chowchilla, CA Metro Area",963680,106233,32255,5915,76910,16476,77880,20577,110655,28937,24560,11801,164870,34395,80490,29380,103485,33545,292575,85857
310M100US31540,31540,"Madison, WI Metro Area",6523060,164482,232820,17020,529930,32603,834920,49479,1037280,68961,624235,61693,982350,71724,645225,66219,592765,66203,1043540,150557
310M100US31700,31700,"Manchester-Nashua, NH Metro Area",5209835,182930,109105,12603,327485,29834,481575,41433,547675,50782,293375,41788,714090,80200,573995,61772,763905,86632,1398630,168005
310M100US31740,31740,"Manhattan, KS Metro Area",1186855,85295,63095,9703,163315,22910,199260,30071,217335,32851,77780,25058,170730,35487,71865,23894,63835,25877,159645,72728
310M100US31860,31860,"Mankato-North Mankato, MN Metro Area",867555,56227,64760,6192,148855,14987,146460,18794,113125,15825,40700,9562,83870,17092,27360,9839,54625,16720,187810,49527
310M100US31900,31900,"Mansfield, OH Metro Area",973875,73140,47735,8363,103220,13955,145300,23884,146000,24867,76095,35305,91140,23619,49480,19618,68170,25365,246740,66166
310M100US32580,32580,"McAllen-Edinburg-Mission, TX Metro Area",5854935,246502,193850,25171,479640,36920,796580,60603,895305,80758,464490,78245,1167090,127392,329975,75065,313905,72823,1214105,221918
310M100US32780,32780,"Medford, OR Metro Area",1524165,115759,85895,15791,154190,15636,253805,39896,225525,30533,109905,29179,163350,38880,141135,59658,97625,35946,292735,112944
310M100US32820,32820,"Memphis, TN-MS-AR Metro Area",13215600,269767,293930,22581,785875,45678,1304195,62161,2010090,93457,1162390,96611,2972530,158487,1486425,109898,1634090,130081,1566080,158883
310M100US32900,32900,"Merced, CA Metro Area",2381665,189805,78520,12047,163515,23042,221105,33625,202670,32954,76575,24393,274925,53727,115920,31918,306145,72648,942295,183720
310M100US33100,33100,"Miami-Fort Lauderdale-Pompano Beach, FL Metro Area",68649160,689365,860165,38906,2751120,112137,5084960,158461,8099040,285259,3806805,164247,14493395,435118,7871155,293818,10309110,453205,15373415,623494
310M100US33140,33140,"Michigan City-La Porte, IN Metro Area",1056990,82334,43895,6629,84755,15256,80165,14691,99125,20325,66835,22925,117325,22334,96575,22908,194000,42422,274320,60975
310M100US33260,33260,"Midland, TX Metro Area",1351775,96365,52365,10405,137075,20357,247920,34752,257140,45602,76845,28864,188280,47461,69175,36282,76760,33454,246220,70823
310M100US33340,33340,"Milwaukee-Waukesha-West Allis, WI Metro Area",16754025,259924,457870,23800,1100815,44807,1820540,76715,2636770,107635,1440220,82409,3083785,128666,1763290,107707,1723630,123808,2727105,208946
310M100US33460,33460,"Minneapolis-St. Paul-Bloomington, MN-WI Metro Area",41224590,521542,869820,30690,2198545,74516,3872305,105945,5734980,136089,3530610,125664,7380925,186500,4778560,192609,5654305,220423,7204540,423351
310M100US33540,33540,"Missoula, MT Metro Area",903130,70069,55695,11143,145490,25777,214055,31339,160270,28429,39625,14554,74880,26795,59065,27599,39730,22422,114320,56503
310M100US33660,33660,"Mobile, AL Metro Area",3828165,169478,78650,11460,252095,28993,421410,38070,590830,53758,236060,38795,746535,87972,298555,55346,493020,83081,711010,131392
310M100US33700,33700,"Modesto, CA Metro Area",5053750,235165,153890,17084,284930,23621,488225,42655,506480,49249,227860,38018,630215,73332,374850,60838,441175,74622,1946125,210217
310M100US33740,33740,"Monroe, LA Metro Area",1547450,135641,57080,8277,174735,21974,170820,28812,208845,32175,74965,21177,286530,49146,54590,25557,103890,27630,415995,138092
310M100US33780,33780,"Monroe, MI Metro Area",1557300,74559,44760,6709,90945,11603,141735,24581,201900,27579,103775,22883,275400,42137,238335,37803,237550,45174,222895,56368
310M100US33860,33860,"Montgomery, AL Metro Area",3562005,129961,84285,13786,217760,21868,447480,38046,606455,60116,268195,48981,686640,66253,322355,57910,471085,63114,457750,110047
310M100US34060,34060,"Morgantown, WV Metro Area",1305680,117884,40175,7084,105850,17735,166895,27177,191885,29096,90510,22832,181215,39565,71480,20189,157155,37974,300515,95239
310M100US34100,34100,"Morristown, TN Metro Area",1381680,122770,29550,8487,76795,14806,150910,27622,172500,28932,50290,15127,170040,28935,129765,35153,246100,56363,355735,111001
310M100US34580,34580,"Mount Vernon-Anacortes, WA Metro Area",1216950,111129,32850,6429,83760,9962,146265,21427,128995,24758,56245,13094,148925,24179,83145,22840,128250,33922,408515,109710
310M100US34620,34620,"Muncie, IN Metro Area",972790,78427,44010,6327,107710,17073,134505,24690,110565,24444,80160,23889,96990,24616,55705,21379,106465,35688,236680,65136
310M100US34740,34740,"Muskegon-Norton Shores, MI Metro Area",1451215,85870,57695,8411,137325,18710,183925,23312,197445,24447,92585,18044,131345,25002,128255,28219,190615,41962,332025,73748
310M100US34820,34820,"Myrtle Beach-North Myrtle Beach-Conway, SC Metro Area",2555140,146272,70500,9875,195910,23114,345690,40072,443335,52217,203330,44470,502600,62460,172935,46450,270260,53385,350575,109086
310M100US34900,34900,"Napa, CA Metro Area",1513105,106969,53545,9720,115540,15218,154905,21665,185295,44111,45800,13987,238325,49145,96990,25967,194715,63882,427990,98819
310M100US34940,34940,"Naples-Marco Island, FL Metro Area",2964375,190051,70315,15255,161050,24549,338115,44742,418600,63884,180750,49360,569490,110626,229430,77724,373810,111213,622825,179136
310M100US34980,34980,"Nashville-Davidson--Murfreesboro--Franklin, TN Metro Area",19695515,403919,354415,24795,1005345,58262,1745030,77650,2351385,108063,1273730,100306,3602155,182092,2103655,149942,3281175,213028,3978620,356277
310M100US35300,35300,"New Haven-Milford, CT Metro Area",9290350,239890,226260,19916,663175,39139,976490,64257,1296225,95043,576410,69543,1779490,111913,829465,78021,939960,111456,2002875,223097
310M100US35380,35380,"New Orleans-Metairie-Kenner, LA Metro Area",13226685,282673,296260,21417,732255,42888,1223885,64552,1657535,96104,772695,70489,2383160,124553,1095490,106781,1890175,163853,3175230,262245
310M100US35620,35620,"New York-Northern New Jersey-Long Island, NY-NJ-PA Metro Area",297667505,1477540,3038390,74089,8025475,144368,13062710,211292,19967250,413009,10400105,292571,38775150,571561,27968365,501505,47536815,774712,128893245,1698068
310M100US35660,35660,"Niles-Benton Harbor, MI Metro Area",1288865,69973,57000,7692,135360,15229,183865,27270,227985,30604,65255,14879,132750,25216,106955,27464,139435,30755,240260,53063
310M100US35840,35840,"North Port-Bradenton-Sarasota, FL Metro Area",6295540,227938,147805,16018,400550,31073,668205,57700,1016635,81559,431020,56632,1389175,137583,549590,93363,768610,105451,923950,171752
310M100US35980,35980,"Norwich-New London, CT Metro Area",2871495,109436,123455,15379,210215,22199,334130,34414,474120,48802,209245,45588,367170,51645,208220,42345,344200,61761,600745,107366
310M100US36100,36100,"Ocala, FL Metro Area",2605970,176146,49690,8547,165935,29587,291545,48343,410550,64024,166810,34483,419840,75102,208740,51726,341870,79501,550990,144136
310M100US36140,36140,"Ocean City, NJ Metro Area",890175,74223,35045,5022,65975,14149,131100,22448,104710,21832,69530,21939,103800,28177,66195,24026,106735,33737,207085,62936
310M100US36220,36220,"Odessa, TX Metro Area",1414350,152200,48560,10184,160435,19076,195670,30655,214480,31606,44275,16969,211710,42613,26525,14762,82085,35935,430610,151131
310M100US36260,36260,"Ogden-Clearfield, UT Metro Area",5506415,152759,187550,16226,409285,30174,639335,40970,843045,65148,335760,46343,920130,87794,497095,58023,712395,105984,961825,146436
310M100US36420,36420,"Oklahoma City, OK Metro Area",12937845,255535,395725,20260,949995,51811,1560145,70471,2159230,95234,1121480,84841,2479150,136445,1069130,97008,1278745,114296,1924245,226469
310M100US36500,36500,"Olympia, WA Metro Area",2749355,161371,72455,9038,169115,23018,321260,34483,352565,45103,135985,29721,479185,51965,265035,56239,284950,68858,668805,153974
310M100US36540,36540,"Omaha-Council Bluffs, NE-IA Metro Area",8615675,186428,306305,15762,775140,37764,1309570,61213,1684590,67145,803565,60146,1521370,79989,608160,63159,605395,82898,1001580,146710
310M100US36740,36740,"Orlando-Kissimmee-Sanford, FL Metro Area",26370095,521461,357555,28620,1175150,65961,2226835,120805,3100195,167304,1964645,135978,4932280,218041,2854340,191800,4253365,319366,5505735,449569
310M100US36780,36780,"Oshkosh-Neenah, WI Metro Area",1571880,86523,73980,7542,189115,21114,250890,25860,260975,42379,124270,24236,215765,40129,103570,25400,80150,32082,273165,77938
310M100US36980,36980,"Owensboro, KY Metro Area",1007120,92459,48285,8812,107215,16373,155610,25506,121280,21504,48710,15484,116610,30029,68555,23307,135000,37737,205860,67642
310M100US37100,37100,"Oxnard-Thousand Oaks-Ventura, CA Metro Area",8971530,274818,246775,21399,602350,41499,868885,54196,1245105,83604,433995,57270,1441560,106022,814240,92335,907770,104142,2410850,248501
310M100US37340,37340,"Palm Bay-Melbourne-Titusville, FL Metro Area",4919310,202378,133085,17814,304720,36028,621700,52371,680650,74952,366035,50595,803490,99100,393320,73125,504595,80199,1111715,175146
310M100US37380,37380,"Palm Coast, FL Metro Area",850765,127976,26960,7065,56935,11703,43535,11614,48615,14253,67150,26060,129210,40936,90050,32621,123945,38667,264365,109140
310M100US37460,37460,"Panama City-Lynn Haven-Panama City Beach, FL Metro Area",1769790,177969,55465,9803,112450,17956,212280,26406,258620,35037,126235,38125,337770,64913,64425,24523,125435,40477,477110,174402
310M100US37620,37620,"Parkersburg-Marietta-Vienna, WV-OH Metro Area",1346665,102015,62075,7265,130455,17020,182815,23137,177345,23971,110045,27311,216665,44595,98295,25975,113970,33039,255010,71885
310M100US37700,37700,"Pascagoula, MS Metro Area",1622710,108242,39945,8941,86955,13784,151615,23275,204920,37445,99520,32192,345840,56138,128060,41673,209545,62087,356305,92376
310M100US37860,37860,"Pensacola-Ferry Pass-Brent, FL Metro Area",4708835,210558,95445,12755,296495,32934,564715,52184,647975,63454,341745,46999,760720,82994,406775,59634,525375,97910,1069590,175543
310M100US37900,37900,"Peoria, IL Metro Area",3599935,130412,139555,13988,268355,24529,492450,38660,632435,48927,328665,39329,538590,57748,325915,49655,275645,45694,598320,126380
310M100US37980,37980,"Philadelphia-Camden-Wilmington, PA-NJ-DE-MD Metro Area",75095425,718008,1281985,44854,3285740,101535,5346620,129000,7463050,188559,4109040,148533,11764970,279387,8021155,228561,13018965,369318,20803900,597198
310M100US38060,38060,"Phoenix-Mesa-Glendale, AZ Metro Area",45800020,579862,835015,39266,2327670,103342,3893015,136933,5752940,160999,3133595,150650,9076835,325903,5378665,247791,7106740,352500,8295545,443648
310M100US38220,38220,"Pine Bluff, AR Metro Area",739135,67904,26365,6718,56850,10725,118595,25027,84040,19841,54940,18349,92250,23687,68520,26889,82355,23456,155215,49983
310M100US38300,38300,"Pittsburgh, PA Metro Area",28481410,385539,628240,21644,1486765,55822,2244155,81355,3175650,96060,1838410,95449,4528690,156640,3224795,156788,4395865,203008,6958835,299268
310M100US38340,38340,"Pittsfield, MA Metro Area",1187630,88531,55915,7394,121430,14570,140825,20952,157880,30876,85690,24195,128200,24828,83055,35246,134510,39450,280135,77544
310M100US38540,38540,"Pocatello, ID Metro Area",751060,88539,53380,7572,108460,14878,109890,18767,74640,19389,31150,14439,46920,14881,19450,10673,57600,21337,249575,94421
310M100US38860,38860,"Portland-South Portland-Biddeford, ME Metro Area",6134220,197513,194610,15271,393970,30180,525185,44907,768900,69059,437095,55062,902380,75191,693260,85359,805595,72966,1413230,169539
310M100US38900,38900,"Portland-Vancouver-Hillsboro, OR-WA Metro Area",25255460,434190,583785,34413,1388795,63997,2395880,102884,3327190,136767,1752810,97606,4435485,179665,2698455,152683,3817035,256837,4856025,312009
310M100US38940,38940,"Port St. Lucie, FL Metro Area",3988235,214667,87330,16122,204615,31451,326160,41683,617425,81657,203955,40484,560245,70952,407885,86640,497360,100803,1083260,182811
310M100US39100,39100,"Poughkeepsie-Newburgh-Middletown, NY Metro Area",9459130,288640,184885,14857,422485,30006,566455,46023,652040,50427,359975,36121,857625,71449,702625,73217,1126850,109865,4586190,280877
310M100US39140,39140,"Prescott, AZ Metro Area",1633980,120032,75680,10679,149915,24135,155265,26810,179075,28268,139500,34954,244275,53475,118310,45793,212535,74605,359430,92672
310M100US39300,39300,"Providence-New Bedford-Fall River, RI-MA Metro Area",18728290,398330,447200,24766,1112325,54867,1781070,72955,2291800,84397,1224125,89815,2689950,140646,1764680,125470,2562000,191495,4855140,374712
310M100US39340,39340,"Provo-Orem, UT Metro Area",4907085,143720,215940,15583,417100,31596,567085,48838,645030,48245,339175,41653,680945,74112,389210,49573,547330,61492,1105265,126613
310M100US39380,39380,"Pueblo, CO Metro Area",1313395,95137,63895,8578,123385,15983,194550,24816,180200,28881,68085,17844,148560,30780,83765,25571,165880,37784,285075,73132
310M100US39460,39460,"Punta Gorda, FL Metro Area",1146625,90655,44875,7774,92760,15774,145885,23699,177535,33723,47850,17853,109590,29134,65385,25787,190435,56713,272310,77373
310M100US39540,39540,"Racine, WI Metro Area",1963935,92457,74610,11926,153715,17902,197365,21596,218060,31535,145090,25162,221955,39925,224470,47603,352065,48039,376600,70428
310M100US39580,39580,"Raleigh-Cary, NC Metro Area",13245215,313843,277225,23165,738015,38301,1372070,83979,1965750,95929,1046680,91896,2284130,137307,1551885,107930,1825165,164875,2184300,293989
310M100US39660,39660,"Rapid City, SD Metro Area",1126900,87473,66775,10696,133735,18712,205605,30207,213505,32272,43750,14079,159470,40068,73815,29339,45095,22610,185150,62639
310M100US39740,39740,"Reading, PA Metro Area",4578730,156128,122625,12507,274540,19945,484790,36179,546180,36274,290250,33395,595990,57701,418380,58889,637560,91416,1208415,139399
310M100US39820,39820,"Redding, CA Metro Area",1297035,101731,67820,9891,164420,19382,240305,32561,158815,29907,54430,18083,123480,31336,48315,18603,64085,21285,375370,95280
310M100US39900,39900,"Reno-Sparks, NV Metro Area",4317525,165581,113555,14505,337790,29332,666460,50603,687610,56166,308870,49797,592180,71595,285580,48410,385630,64584,939850,155504
310M100US40060,40060,"Richmond, VA Metro Area",14504695,375539,280445,23280,785875,57202,1474625,81902,2146430,101780,1284065,87802,2581240,131162,1448455,125892,1708255,149325,2795305,286139
310M100US40140,40140,"Riverside-San Bernardino-Ontario, CA Metro Area",49398450,622915,784740,34454,2146160,79845,3356500,127055,4223275,168564,2072445,131705,5991115,214542,3501280,200064,6579760,300269,20743180,683033
310M100US40220,40220,"Roanoke, VA Metro Area",2934565,128345,87895,12514,256035,22738,391510,37272,509570,46015,228470,36191,484725,58870,246240,48337,238995,48191,491125,117761
310M100US40340,40340,"Rochester, MN Metro Area",1784755,86775,88010,8532,240130,20770,302640,28385,264240,29525,122955,17787,211580,31154,98905,21384,150975,35201,305320,78767
310M100US40380,40380,"Rochester, NY Metro Area",10104375,267661,374500,22714,791390,45144,1366980,65172,1737085,84721,926510,78410,1545760,94299,776630,80866,941665,107745,1643855,224330
310M100US40420,40420,"Rockford, IL Metro Area",3366020,157713,111535,13425,259660,25706,396640,35249,519245,42454,288650,43764,437400,64690,253165,57130,245735,53211,853990,131646
310M100US40580,40580,"Rocky Mount, NC Metro Area",1160075,83392,45665,6625,116655,15702,149955,25731,182160,28629,99500,28921,207030,41588,93790,28863,104125,31990,161200,55385
310M100US40660,40660,"Rome, GA Metro Area",808475,82349,28000,6492,75920,11823,115775,23313,98230,22066,43075,16138,126320,32372,25335,19946,90740,36431,205075,68979
310M100US40900,40900,"Sacramento--Arden-Arcade--Roseville, CA Metro Area",22049665,447082,512475,23901,1281100,59843,2131905,104431,2690695,115711,1513270,92270,3868570,173434,2082210,145230,2695275,193973,5274165,388059
310M100US40980,40980,"Saginaw-Saginaw Township North, MI Metro Area",1623815,84784,59415,8642,133190,13950,188620,20903,254085,29495,128840,20792,239025,33759,145540,30624,136625,30946,338470,69373
310M100US41060,41060,"St. Cloud, MN Metro Area",1962605,98395,88750,10554,191950,20981,275375,26543,257295,26764,122105,19787,247415,26361,144450,28247,159235,28103,476030,88664
310M100US41100,41100,"St. George, UT Metro Area",1024455,98768,68205,11448,115045,19270,138900,26700,111770,31547,42000,16475,129600,32690,28600,13465,73820,38929,316515,100571
310M100US41140,41140,"St. Joseph, MO-KS Metro Area",1066585,67569,51955,6272,153960,19656,193495,23466,136675,20126,45250,13056,95340,19159,59800,20219,79435,24190,250675,59942
310M100US41180,41180,"St. Louis, MO-IL Metro Area",32114275,417553,706465,33976,1657185,55782,2887880,95072,4170125,137538,2309330,114701,5799750,236881,3983545,199443,4337095,211547,6262905,365737
310M100US41420,41420,"Salem, OR Metro Area",3471600,211766,115840,15234,260910,26890,417455,41971,457175,44052,190050,40562,460730,70986,346565,61594,374470,74751,848400,171889
310M100US41500,41500,"Salinas, CA Metro Area",3965430,157497,106435,11925,292535,27641,482095,50934,573055,60559,243240,53233,807330,84328,384250,67311,321090,60435,755400,124477
310M100US41540,41540,"Salisbury, MD Metro Area",1229790,118010,28160,7123,103755,17976,182935,28153,148495,31094,58650,18418,217050,52791,94035,28866,107190,36289,289515,93287
310M100US41620,41620,"Salt Lake City, UT Metro Area",12355380,281402,261310,17797,799450,38654,1463620,66974,2179200,94291,900295,70109,2377935,155154,1119775,99163,1389880,141814,1863910,229295
310M100US41660,41660,"San Angelo, TX Metro Area",862805,62856,66905,10343,160500,26431,195205,27912,101990,25926,23100,9879,45930,18101,30170,15023,46815,19543,192195,64385
310M100US41700,41700,"San Antonio-New Braunfels, TX Metro Area",24243960,491857,517360,32276,1247300,70817,2372445,109436,3436740,134005,1814245,150969,4663580,202093,2455370,160444,2924395,209221,4812530,417666
310M100US41740,41740,"San Diego-Carlsbad-San Marcos, CA Metro Area",33511930,481443,591705,31548,1927825,86526,3730370,134469,4925460,152715,2572055,132126,6357215,258051,3105315,190886,3947665,228556,6354330,393675
310M100US41780,41780,"Sandusky, OH Metro Area",723100,73173,32850,6465,81065,11975,92475,21121,66385,18218,57750,20919,91590,26590,33775,15966,66030,35484,201185,65625
310M100US41860,41860,"San Francisco-Oakland-Fremont, CA Metro Area",60566735,644982,810815,36437,2240185,80416,4056440,143846,5394075,164394,2801715,139463,9329820,297602,6219410,236784,10329680,346024,19384600,601341
310M100US41940,41940,"San Jose-Sunnyvale-Santa Clara, CA Metro Area",21702920,403343,356920,22589,1087700,54346,2151220,97681,3123810,107648,1492905,103021,4034610,145263,2056630,136909,2890105,213928,4509015,338740
310M100US42020,42020,"San Luis Obispo-Paso Robles, CA Metro Area",2603545,152179,119865,12526,220305,25951,273610,42528,331470,44252,162555,38929,330210,53883,269380,62995,273910,56309,622235,128255
310M100US42060,42060,"Santa Barbara-Santa Maria-Goleta, CA Metro Area",3380155,153995,203130,17213,417040,35680,543210,51825,492620,59287,119175,28961,474935,57374,212500,44293,259890,61650,657660,114989
310M100US42100,42100,"Santa Cruz-Watsonville, CA Metro Area",3114095,179471,70095,10713,207020,24845,379890,41202,301945,39889,105640,25992,359090,54807,273840,57348,566070,86964,850505,149551
310M100US42140,42140,"Santa Fe, NM Metro Area",1353415,88619,50040,7981,107665,16924,160640,20188,224385,26810,86575,20893,232915,35814,99705,27098,147970,43229,243520,73591
310M100US42220,42220,"Santa Rosa-Petaluma, CA Metro Area",5473695,206808,160610,17450,344810,24611,538725,41756,574355,46155,284930,40098,711725,84471,364930,59390,557450,84426,1936160,198395
310M100US42340,42340,"Savannah, GA Metro Area",3662090,142277,81040,12586,211615,23210,413220,42334,602855,57317,363925,59047,675990,83262,331540,56147,495005,75328,486900,108857
310M100US42540,42540,"Scranton--Wilkes-Barre, PA Metro Area",5214250,171406,197505,14094,419625,28263,685805,46383,829830,57682,335305,35213,799810,70666,399950,46856,493720,67229,1052700,138692
310M100US42660,42660,"Seattle-Tacoma-Bellevue, WA Metro Area",47414275,559993,708360,37345,1942975,67325,3493375,117386,4915205,155616,2998525,140030,8199190,221951,5659810,218798,7449660,299127,12047180,546683
310M100US42680,42680,"Sebastian-Vero Beach, FL Metro Area",1062795,100956,26510,6868,79205,17011,144080,27792,128760,27233,81675,24233,189335,51005,73200,36321,74540,39386,265490,85291
310M100US43100,43100,"Sheboygan, WI Metro Area",1028745,70918,62090,6796,140915,15962,172425,20069,131715,21707,60865,12632,92460,21023,84385,30027,101365,32037,182525,55692
310M100US43300,43300,"Sherman-Denison, TX Metro Area",1230735,100311,45255,7123,89080,12358,145960,27596,126170,25705,44260,22805,148610,30079,94205,32649,131885,43495,405315,94242
310M100US43340,43340,"Shreveport-Bossier City, LA Metro Area",3831970,187282,94435,10006,324070,32488,588550,50062,718235,65860,223285,36421,615870,74354,179460,45498,350370,80348,737700,164871
310M100US43580,43580,"Sioux City, IA-NE-SD Metro Area",1212035,61080,69695,9218,147300,16040,214075,25688,247150,33576,74980,20848,162225,30202,71470,18276,81005,21311,144140,52627
310M100US43620,43620,"Sioux Falls, SD Metro Area",2191220,84666,97590,9761,293875,27355,454935,36774,454455,45421,142245,23367,257730,41988,108620,31526,118830,37176,262930,68508
310M100US43780,43780,"South Bend-Mishawaka, IN-MI Metro Area",2876615,110224,94275,9320,261900,21800,366075,33999,476165,35779,208720,28562,505290,55068,251765,41768,315805,45980,396620,82005
310M100US43900,43900,"Spartanburg, SC Metro Area",2519535,120979,78015,12134,162665,21135,287445,31336,464560,47220,246765,42692,470775,62944,224230,46268,177090,42580,407990,95372
310M100US44060,44060,"Spokane, WA Metro Area",4077385,167180,143575,14196,346665,25209,593010,44432,666850,50901,398225,53226,654315,79499,353175,54229,366545,70147,555025,127467
310M100US44100,44100,"Springfield, IL Metro Area",1914575,112832,78585,9365,177090,22793,357060,36694,371710,38019,154020,29550,304110,46526,65985,19296,106730,27938,299290,85007
310M100US44140,44140,"Springfield, MA Metro Area",6928005,212879,224230,17364,496975,36850,763235,48513,1004320,66091,531405,53729,1131755,95230,652795,67441,721610,92205,1401680,162886
310M100US44180,44180,"Springfield, MO Metro Area",4170135,164570,124885,13011,297735,26159,604930,50639,770915,60090,278885,41842,674980,70496,325155,57737,500770,85478,591880,112312
310M100US44220,44220,"Springfield, OH Metro Area",1238075,66649,37295,6159,103765,14557,145210,20411,169410,25792,92275,19926,152030,27634,115805,26086,152660,34373,269630,67391
310M100US44300,44300,"State College, PA Metro Area",1384250,87917,53135,8411,131810,19050,223740,28614,182830,30563,86055,18562,198390,34246,105000,23699,109860,30120,293425,73330
310M100US44600,44600,"Steubenville-Weirton, OH-WV Metro Area",1260715,94859,41185,6226,68720,13861,86825,14873,102255,16482,82185,23703,195525,36141,125660,33896,235190,43559,323165,76616
310M100US44700,44700,"Stockton, CA Metro Area",7405765,324346,183240,13259,350120,34541,601575,43381,709855,82260,318475,41803,790570,90719,376725,65892,753435,115246,3321770,342902
310M100US44940,44940,"Sumter, SC Metro Area",952580,79893,38555,8243,87390,15973,139950,24509,96700,25216,32865,12926,135720,29429,52235,19501,125760,50150,243400,84788
310M100US45060,45060,"Syracuse, NY Metro Area",5859295,152231,221955,15890,528580,28184,850550,46332,1082625,60438,483565,44062,840260,67753,512820,66862,544365,70459,794580,109151
310M100US45220,45220,"Tallahassee, FL Metro Area",3727995,170477,90155,12039,280360,27030,493055,42105,551745,44773,296945,41981,742300,78358,375430,76881,413740,79839,484270,98228
310M100US45300,45300,"Tampa-St. Petersburg-Clearwater, FL Metro Area",29860870,528932,576085,34903,1488610,62146,2816195,124494,3745700,139647,2017455,120930,5169050,192592,3055580,180530,4894280,250043,6097920,438981
310M100US45460,45460,"Terre Haute, IN Metro Area",1551825,125442,72335,9602,140415,14915,205455,25210,221400,33042,119540,29458,189780,38512,109190,33821,146905,44972,346805,103842
310M100US45500,45500,"Texarkana, TX-Texarkana, AR Metro Area",1000750,74230,42710,6958,149155,22002,148225,23315,178475,30052,55965,16019,184075,38199,31625,13822,64870,25183,145655,65250
310M100US45780,45780,"Toledo, OH Metro Area",5730540,199882,225515,14007,485070,30334,871835,53604,984020,62509,536700,62284,773520,65918,374840,65338,452150,55756,1026890,169706
310M100US45820,45820,"Topeka, KS Metro Area",2017070,71222,80455,9456,224255,19282,415615,34666,313470,40845,144110,24847,260760,34002,136420,25642,177980,32135,264010,58383
310M100US45940,45940,"Trenton-Ewing, NJ Metro Area",4413505,184643,98585,14020,267590,27580,441705,44931,411980,45611,262190,47610,478940,65500,275165,58509,518600,74171,1658760,188122
310M100US46060,46060,"Tucson, AZ Metro Area",9473695,241647,225185,19743,507605,43225,1016170,73645,1333045,76656,752905,70843,1999920,127975,996710,98765,1105870,103876,1536290,229150
310M100US46140,46140,"Tulsa, OK Metro Area",8736710,165177,294040,13643,694180,32371,1120055,42925,1617945,64446,723685,48354,1634270,87505,655880,53590,833195,78509,1163460,127849
310M100US46220,46220,"Tuscaloosa, AL Metro Area",2030425,151115,49940,11725,203655,29188,271835,35476,298065,38410,141550,26014,272965,42070,133025,39020,169035,40586,490360,151041
310M100US46340,46340,"Tyler, TX Metro Area",1981380,148118,65540,9722,152765,17703,292220,36800,280590,41816,88915,24231,431130,65360,165480,50582,130785,46320,373950,113666
310M100US46540,46540,"Utica-Rome, NY Metro Area",2607340,150034,125510,11590,241050,20914,305195,33269,342635,34965,190305,25652,377425,53462,243055,39739,274700,45285,507470,125955
310M100US46660,46660,"Valdosta, GA Metro Area",1141720,101546,55930,10304,127865,20279,195335,35055,147810,25653,70440,16870,117180,26192,66705,26033,106860,31857,253590,99736
310M100US46700,46700,"Vallejo-Fairfield, CA Metro Area",4876435,191351,107505,13749,281315,32437,382790,37183,415495,45537,220335,40215,593465,74319,408695,59487,658500,82178,1808340,170997
310M100US47020,47020,"Victoria, TX Metro Area",1162880,105083,42445,7367,128765,14970,140785,24445,125725,28283,47155,17810,139470,31223,63335,25454,134845,38949,340360,115314
310M100US47220,47220,"Vineland-Millville-Bridgeton, NJ Metro Area",1301985,97984,52355,8783,116910,21648,141020,20866,132000,20961,62525,18811,157870,35317,68605,25604,154120,37835,416580,83698
310M100US47260,47260,"Virginia Beach-Norfolk-Newport News, VA-NC Metro Area",18855120,342262,406100,24184,1168780,47500,2090310,79555,2615015,112984,1423155,101511,3797835,166284,1777930,118665,2415665,157779,3160335,303370
310M100US47300,47300,"Visalia-Porterville, CA Metro Area",3497955,209144,149130,15878,353610,38314,380605,39829,421360,57695,121175,23313,503620,68023,326635,62410,385945,86151,855880,199501
310M100US47380,47380,"Waco, TX Metro Area",1877575,94052,65975,9814,229635,28225,358540,39570,367670,42940,109825,22632,295050,50072,92755,26467,100675,36666,257450,66333
310M100US47580,47580,"Warner Robins, GA Metro Area",1292290,109121,34590,8084,108120,18944,206320,37641,181135,32732,130440,34874,309640,60053,97475,35883,110095,49045,114480,63940
310M100US47900,47900,"Washington-Arlington-Alexandria, DC-VA-MD-WV Metro Area",99153180,818712,929020,42187,2427290,80720,4816560,177244,7396375,226575,4058390,177038,14349705,348192,10732770,303069,18381570,434630,36061500,920686
310M100US47940,47940,"Waterloo-Cedar Falls, IA Metro Area",1242235,49570,119010,11009,184870,18154,262635,26269,204385,22246,84650,18588,121145,23173,67720,19411,64360,21799,133455,38409
310M100US48140,48140,"Wausau, WI Metro Area",1212715,70554,69175,9493,125885,16116,221130,29691,195790,29151,85260,13553,140430,23819,71580,21424,92030,21406,211435,58021
310M100US48300,48300,"Wenatchee-East Wenatchee, WA Metro Area",905510,75401,45015,7490,96965,17216,138035,24913,146600,30816,56750,22597,116400,37899,61900,20535,77670,30987,166175,56778
310M100US48540,48540,"Wheeling, WV-OH Metro Area",1397450,86599,54195,7315,102590,12422,149515,21276,178450,25965,116585,22510,179820,31336,108125,23829,193500,44808,314675,74522
310M100US48620,48620,"Wichita, KS Metro Area",5279255,169323,217095,15872,529880,35588,871585,66046,1092810,85129,466895,55133,932865,100000,333550,64363,277980,51534,556595,131243
310M100US48660,48660,"Wichita Falls, TX Metro Area",1148820,93421,73175,9884,211040,22190,197600,25528,161625,27524,41740,14417,117360,22183,46435,17808,47340,15181,252495,91575
310M100US48700,48700,"Williamsport, PA Metro Area",1083175,64635,56445,6948,100255,15297,143655,20573,131260,19896,65295,11306,170900,33932,80000,18361,81410,21766,253955,56332
310M100US48900,48900,"Wilmington, NC Metro Area",3519660,188071,118390,13547,287295,31410,479995,44903,501965,56848,229060,37688,458065,59121,266535,54522,353650,62187,824700,171107
310M100US49020,49020,"Winchester, VA-WV Metro Area",1690540,159684,37065,7478,83130,12922,124485,18452,174585,29677,86400,23471,167710,34172,120330,40920,144860,49054,751965,145803
310M100US49180,49180,"Winston-Salem, NC Metro Area",4576160,199613,126800,16214,331600,26027,594275,45820,637690,58826,397630,47116,741305,72627,422075,68451,442175,77028,882610,172595
310M100US49340,49340,"Worcester, MA Metro Area",10603885,239532,207850,18230,512420,40296,741970,49416,1066545,82134,541970,69100,1484305,90229,1097560,105799,1675265,133601,3275990,241923
310M100US49420,49420,"Yakima, WA Metro Area",1936040,127642,83885,11392,161610,20003,305800,28234,284350,37225,140465,37748,308275,53027,124070,31816,165995,48891,361595,110082
310M100US49620,49620,"York-Hanover, PA Metro Area",5458925,173943,112425,10953,296775,24564,474600,39003,644255,55270,331225,37137,663180,60153,518015,59996,794655,103665,1623795,174064
310M100US49660,49660,"Youngstown-Warren-Boardman, OH-PA Metro Area",4953230,166426,201240,17423,413130,33016,641280,56543,661620,48501,374920,44162,614855,63663,373635,52979,514055,65986,1158490,141689
310M100US49700,49700,"Yuba City, CA Metro Area",1617515,142072,45325,6918,100140,15446,120030,20367,144650,24928,58125,17740,199740,40792,80175,21243,308525,62141,560805,109815
310M100US49740,49740,"Yuma, AZ Metro Area",1254595,77823,72705,10570,137620,17470,212655,33549,189000,35276,66275,19226,197280,33779,108570,47506,114320,40400,156170,55520
