GEO.id,GEO.id2,GEO.display-label,HD01_VD01
Id,Id2,Geography,Estimate; Total
310M200US10180,10180,"Abilene, TX Metro Area",69699
310M200US10420,10420,"Akron, OH Metro Area",312382
310M200US10500,10500,"Albany, GA Metro Area",66184
310M200US10540,10540,"Albany, OR Metro Area",48832
310M200US10580,10580,"Albany-Schenectady-Troy, NY Metro Area",394983
310M200US10740,10740,"Albuquerque, NM Metro Area",376330
310M200US10780,10780,"Alexandria, LA Metro Area",65505
310M200US10900,10900,"Allentown-Bethlehem-Easton, PA-NJ Metro Area",342901
310M200US11020,11020,"Altoona, PA Metro Area",55911
310M200US11100,11100,"Amarillo, TX Metro Area",106385
310M200US11180,11180,"Ames, IA Metro Area",37530
310M200US11260,11260,"Anchorage, AK Metro Area",155006
310M200US11460,11460,"Ann Arbor, MI Metro Area",148451
310M200US11500,11500,"Anniston-Oxford-Jacksonville, AL Metro Area",53060
310M200US11540,11540,"Appleton, WI Metro Area",94305
310M200US11700,11700,"Asheville, NC Metro Area",215388
310M200US12020,12020,"Athens-Clarke County, GA Metro Area",81293
310M200US12060,12060,"Atlanta-Sandy Springs-Roswell, GA Metro Area",2191764
310M200US12100,12100,"Atlantic City-Hammonton, NJ Metro Area",127288
310M200US12220,12220,"Auburn-Opelika, AL Metro Area",64625
310M200US12260,12260,"Augusta-Richmond County, GA-SC Metro Area",245369
310M200US12420,12420,"Austin-Round Rock, TX Metro Area",743024
310M200US12540,12540,"Bakersfield, CA Metro Area",288383
310M200US12580,12580,"Baltimore-Columbia-Towson, MD Metro Area",1142386
310M200US12620,12620,"Bangor, ME Metro Area",73901
310M200US12700,12700,"Barnstable Town, MA Metro Area",160975
310M200US12940,12940,"Baton Rouge, LA Metro Area",337729
310M200US12980,12980,"Battle Creek, MI Metro Area",60562
310M200US13020,13020,"Bay City, MI Metro Area",47905
310M200US13140,13140,"Beaumont-Port Arthur, TX Metro Area",174507
310M200US13220,13220,"Beckley, WV Metro Area",57239
310M200US13380,13380,"Bellingham, WA Metro Area",91396
310M200US13460,13460,"Bend-Redmond, OR Metro Area",80984
310M200US13740,13740,"Billings, MT Metro Area",72071
310M200US13780,13780,"Binghamton, NY Metro Area",111780
310M200US13820,13820,"Birmingham-Hoover, AL Metro Area",503065
310M200US13900,13900,"Bismarck, ND Metro Area",54155
310M200US13980,13980,"Blacksburg-Christiansburg-Radford, VA Metro Area",79237
310M200US14010,14010,"Bloomington, IL Metro Area",78220
310M200US14020,14020,"Bloomington, IN Metro Area",69801
310M200US14100,14100,"Bloomsburg-Berwick, PA Metro Area",37442
310M200US14260,14260,"Boise City, ID Metro Area",251703
310M200US14460,14460,"Boston-Cambridge-Newton, MA-NH Metro Area",1889157
310M200US14500,14500,"Boulder, CO Metro Area",129230
310M200US14540,14540,"Bowling Green, KY Metro Area",69942
310M200US14740,14740,"Bremerton-Silverdale, WA Metro Area",108336
310M200US14860,14860,"Bridgeport-Stamford-Norwalk, CT Metro Area",362475
310M200US15180,15180,"Brownsville-Harlingen, TX Metro Area",144522
310M200US15260,15260,"Brunswick, GA Metro Area",58237
310M200US15380,15380,"Buffalo-Cheektowaga-Niagara Falls, NY Metro Area",518207
310M200US15500,15500,"Burlington, NC Metro Area",67466
310M200US15540,15540,"Burlington-South Burlington, VT Metro Area",93540
310M200US15680,15680,"California-Lexington Park, MD Metro Area",42823
310M200US15940,15940,"Canton-Massillon, OH Metro Area",178440
310M200US15980,15980,"Cape Coral-Fort Myers, FL Metro Area",371983
310M200US16020,16020,"Cape Girardeau, MO-IL Metro Area",42064
310M200US16060,16060,"Carbondale-Marion, IL Metro Area",59095
310M200US16180,16180,"Carson City, NV Metro Area",23390
310M200US16220,16220,"Casper, WY Metro Area",35183
310M200US16300,16300,"Cedar Rapids, IA Metro Area",113644
310M200US16540,16540,"Chambersburg-Waynesboro, PA Metro Area",63781
310M200US16580,16580,"Champaign-Urbana, IL Metro Area",102116
310M200US16620,16620,"Charleston, WV Metro Area",107637
310M200US16700,16700,"Charleston-North Charleston, SC Metro Area",307181
310M200US16740,16740,"Charlotte-Concord-Gastonia, NC-SC Metro Area",955454
310M200US16820,16820,"Charlottesville, VA Metro Area",99512
310M200US16860,16860,"Chattanooga, TN-GA Metro Area",236065
310M200US16940,16940,"Cheyenne, WY Metro Area",40962
310M200US16980,16980,"Chicago-Naperville-Elgin, IL-IN-WI Metro Area",3791588
310M200US17020,17020,"Chico, CA Metro Area",96586
310M200US17140,17140,"Cincinnati, OH-KY-IN Metro Area",914522
310M200US17300,17300,"Clarksville, TN-KY Metro Area",112829
310M200US17420,17420,"Cleveland, TN Metro Area",51524
310M200US17460,17460,"Cleveland-Elyria, OH Metro Area",953523
310M200US17660,17660,"Coeur d'Alene, ID Metro Area",64779
310M200US17780,17780,"College Station-Bryan, TX Metro Area",99988
310M200US17820,17820,"Colorado Springs, CO Metro Area",271918
310M200US17860,17860,"Columbia, MO Metro Area",71896
310M200US17900,17900,"Columbia, SC Metro Area",338671
310M200US17980,17980,"Columbus, GA-AL Metro Area",130543
310M200US18020,18020,"Columbus, IN Metro Area",33278
310M200US18140,18140,"Columbus, OH Metro Area",831380
310M200US18580,18580,"Corpus Christi, TX Metro Area",185471
310M200US18700,18700,"Corvallis, OR Metro Area",36832
310M200US18880,18880,"Crestview-Fort Walton Beach-Destin, FL Metro Area",140491
310M200US19060,19060,"Cumberland, MD-WV Metro Area",46194
310M200US19100,19100,"Dallas-Fort Worth-Arlington, TX Metro Area",2602737
310M200US19140,19140,"Dalton, GA Metro Area",55215
310M200US19180,19180,"Danville, IL Metro Area",35946
310M200US19300,19300,"Daphne-Fairhope-Foley, AL Metro Area",105786
310M200US19340,19340,"Davenport-Moline-Rock Island, IA-IL Metro Area",167406
310M200US19380,19380,"Dayton, OH Metro Area",366955
310M200US19460,19460,"Decatur, AL Metro Area",66307
310M200US19500,19500,"Decatur, IL Metro Area",50248
310M200US19660,19660,"Deltona-Daytona Beach-Ormond Beach, FL Metro Area",303228
310M200US19740,19740,"Denver-Aurora-Lakewood, CO Metro Area",1097911
310M200US19780,19780,"Des Moines-West Des Moines, IA Metro Area",248816
310M200US19820,19820,"Detroit-Warren-Dearborn, MI Metro Area",1887929
310M200US20020,20020,"Dothan, AL Metro Area",67446
310M200US20100,20100,"Dover, DE Metro Area",66850
310M200US20220,20220,"Dubuque, IA Metro Area",39988
310M200US20260,20260,"Duluth, MN-WI Metro Area",141342
310M200US20500,20500,"Durham-Chapel Hill, NC Metro Area",228582
310M200US20700,20700,"East Stroudsburg, PA Metro Area",80491
310M200US20740,20740,"Eau Claire, WI Metro Area",70039
310M200US20940,20940,"El Centro, CA Metro Area",56492
310M200US21060,21060,"Elizabethtown-Fort Knox, KY Metro Area",63573
310M200US21140,21140,"Elkhart-Goshen, IN Metro Area",77550
310M200US21300,21300,"Elmira, NY Metro Area",38264
310M200US21340,21340,"El Paso, TX Metro Area",283516
310M200US21500,21500,"Erie, PA Metro Area",119251
310M200US21660,21660,"Eugene, OR Metro Area",156436
310M200US21780,21780,"Evansville, IN-KY Metro Area",139284
310M200US21820,21820,"Fairbanks, AK Metro Area",41606
310M200US22020,22020,"Fargo, ND-MN Metro Area",96933
310M200US22140,22140,"Farmington, NM Metro Area",49245
310M200US22180,22180,"Fayetteville, NC Metro Area",161753
310M200US22220,22220,"Fayetteville-Springdale-Rogers, AR-MO Metro Area",201512
310M200US22380,22380,"Flagstaff, AZ Metro Area",64664
310M200US22420,22420,"Flint, MI Metro Area",190491
310M200US22500,22500,"Florence, SC Metro Area",88711
310M200US22520,22520,"Florence-Muscle Shoals, AL Metro Area",70023
310M200US22540,22540,"Fond du Lac, WI Metro Area",44191
310M200US22660,22660,"Fort Collins, CO Metro Area",136079
310M200US22900,22900,"Fort Smith, AR-OK Metro Area",122109
310M200US23060,23060,"Fort Wayne, IN Metro Area",179526
310M200US23420,23420,"Fresno, CA Metro Area",320796
310M200US23460,23460,"Gadsden, AL Metro Area",47302
310M200US23540,23540,"Gainesville, FL Metro Area",120095
310M200US23580,23580,"Gainesville, GA Metro Area",68786
310M200US23900,23900,"Gettysburg, PA Metro Area",41053
310M200US24020,24020,"Glens Falls, NY Metro Area",67704
310M200US24140,24140,"Goldsboro, NC Metro Area",52786
310M200US24220,24220,"Grand Forks, ND-MN Metro Area",44872
310M200US24260,24260,"Grand Island, NE Metro Area",34755
310M200US24300,24300,"Grand Junction, CO Metro Area",63202
310M200US24340,24340,"Grand Rapids-Wyoming, MI Metro Area",405671
310M200US24420,24420,"Grants Pass, OR Metro Area",37838
310M200US24500,24500,"Great Falls, MT Metro Area",37365
310M200US24540,24540,"Greeley, CO Metro Area",98242
310M200US24580,24580,"Green Bay, WI Metro Area",139081
310M200US24660,24660,"Greensboro-High Point, NC Metro Area",325663
310M200US24780,24780,"Greenville, NC Metro Area",75943
310M200US24860,24860,"Greenville-Anderson-Mauldin, SC Metro Area",364504
310M200US25060,25060,"Gulfport-Biloxi-Pascagoula, MS Metro Area",172219
310M200US25180,25180,"Hagerstown-Martinsburg, MD-WV Metro Area",106397
310M200US25220,25220,"Hammond, LA Metro Area",51598
310M200US25260,25260,"Hanford-Corcoran, CA Metro Area",44522
310M200US25420,25420,"Harrisburg-Carlisle, PA Metro Area",243317
310M200US25500,25500,"Harrisonburg, VA Metro Area",52079
310M200US25540,25540,"Hartford-West Hartford-East Hartford, CT Metro Area",507003
310M200US25620,25620,"Hattiesburg, MS Metro Area",61398
310M200US25860,25860,"Hickory-Lenoir-Morganton, NC Metro Area",161364
310M200US25940,25940,"Hilton Head Island-Bluffton-Beaufort, SC Metro Area",104259
310M200US25980,25980,"Hinesville, GA Metro Area",33937
310M200US26140,26140,"Homosassa Springs, FL Metro Area",77291
310M200US26300,26300,"Hot Springs, AR Metro Area",50309
310M200US26380,26380,"Houma-Thibodaux, LA Metro Area",83346
310M200US26420,26420,"Houston-The Woodlands-Sugar Land, TX Metro Area",2387114
310M200US26580,26580,"Huntington-Ashland, WV-KY-OH Metro Area",164098
310M200US26620,26620,"Huntsville, AL Metro Area",187421
310M200US26820,26820,"Idaho Falls, ID Metro Area",50429
310M200US26900,26900,"Indianapolis-Carmel-Anderson, IN Metro Area",827489
310M200US26980,26980,"Iowa City, IA Metro Area",67176
310M200US27060,27060,"Ithaca, NY Metro Area",41800
310M200US27100,27100,"Jackson, MI Metro Area",68862
310M200US27140,27140,"Jackson, MS Metro Area",234426
310M200US27180,27180,"Jackson, TN Metro Area",55827
310M200US27260,27260,"Jacksonville, FL Metro Area",609262
310M200US27340,27340,"Jacksonville, NC Metro Area",74233
310M200US27500,27500,"Janesville-Beloit, WI Metro Area",68146
310M200US27620,27620,"Jefferson City, MO Metro Area",63732
310M200US27740,27740,"Johnson City, TN Metro Area",94690
310M200US27780,27780,"Johnstown, PA Metro Area",65116
310M200US27860,27860,"Jonesboro, AR Metro Area",53493
310M200US27900,27900,"Joplin, MO Metro Area",74955
310M200US27980,27980,"Kahului-Wailuku-Lahaina, HI Metro Area",71237
310M200US28020,28020,"Kalamazoo-Portage, MI Metro Area",146386
310M200US28100,28100,"Kankakee, IL Metro Area",44987
310M200US28140,28140,"Kansas City, MO-KS Metro Area",876401
310M200US28420,28420,"Kennewick-Richland, WA Metro Area",97313
310M200US28660,28660,"Killeen-Temple, TX Metro Area",166213
310M200US28700,28700,"Kingsport-Bristol-Bristol, TN-VA Metro Area",146116
310M200US28740,28740,"Kingston, NY Metro Area",83477
310M200US28940,28940,"Knoxville, TN Metro Area",383011
310M200US29020,29020,"Kokomo, IN Metro Area",38510
310M200US29100,29100,"La Crosse-Onalaska, WI-MN Metro Area",57414
310M200US29180,29180,"Lafayette, LA Metro Area",199134
310M200US29200,29200,"Lafayette-West Lafayette, IN Metro Area",85868
310M200US29340,29340,"Lake Charles, LA Metro Area",87714
310M200US29420,29420,"Lake Havasu City-Kingman, AZ Metro Area",111717
310M200US29460,29460,"Lakeland-Winter Haven, FL Metro Area",279913
310M200US29540,29540,"Lancaster, PA Metro Area",205018
310M200US29620,29620,"Lansing-East Lansing, MI Metro Area",198831
310M200US29700,29700,"Laredo, TX Metro Area",76241
310M200US29740,29740,"Las Cruces, NM Metro Area",83132
310M200US29820,29820,"Las Vegas-Henderson-Paradise, NV Metro Area",854128
310M200US29940,29940,"Lawrence, KS Metro Area",47672
310M200US30020,30020,"Lawton, OK Metro Area",54405
310M200US30140,30140,"Lebanon, PA Metro Area",55696
310M200US30300,30300,"Lewiston, ID-WA Metro Area",26517
310M200US30340,30340,"Lewiston-Auburn, ME Metro Area",48960
310M200US30460,30460,"Lexington-Fayette, KY Metro Area",213172
310M200US30620,30620,"Lima, OH Metro Area",44755
310M200US30700,30700,"Lincoln, NE Metro Area",130673
310M200US30780,30780,"Little Rock-North Little Rock-Conway, AR Metro Area",314988
310M200US30860,30860,"Logan, UT-ID Metro Area",43537
310M200US30980,30980,"Longview, TX Metro Area",88427
310M200US31020,31020,"Longview, WA Metro Area",43259
310M200US31080,31080,"Los Angeles-Long Beach-Anaheim, CA Metro Area",4522461
310M200US31140,31140,"Louisville/Jefferson County, KY-IN Metro Area",544586
310M200US31180,31180,"Lubbock, TX Metro Area",124579
310M200US31340,31340,"Lynchburg, VA Metro Area",114967
310M200US31420,31420,"Macon, GA Metro Area",100898
310M200US31460,31460,"Madera, CA Metro Area",49566
310M200US31540,31540,"Madison, WI Metro Area",272145
310M200US31700,31700,"Manchester-Nashua, NH Metro Area",166802
310M200US31740,31740,"Manhattan, KS Metro Area",38294
310M200US31860,31860,"Mankato-North Mankato, MN Metro Area",39787
310M200US31900,31900,"Mansfield, OH Metro Area",54173
310M200US32580,32580,"McAllen-Edinburg-Mission, TX Metro Area",256758
310M200US32780,32780,"Medford, OR Metro Area",91138
310M200US32820,32820,"Memphis, TN-MS-AR Metro Area",560986
310M200US32900,32900,"Merced, CA Metro Area",83842
310M200US33100,33100,"Miami-Fort Lauderdale-West Palm Beach, FL Metro Area",2476266
310M200US33140,33140,"Michigan City-La Porte, IN Metro Area",48628
310M200US33220,33220,"Midland, MI Metro Area",36033
310M200US33260,33260,"Midland, TX Metro Area",57962
310M200US33340,33340,"Milwaukee-Waukesha-West Allis, WI Metro Area",669901
310M200US33460,33460,"Minneapolis-St. Paul-Bloomington, MN-WI Metro Area",1406054
310M200US33540,33540,"Missoula, MT Metro Area",50756
310M200US33660,33660,"Mobile, AL Metro Area",180503
310M200US33700,33700,"Modesto, CA Metro Area",179705
310M200US33740,33740,"Monroe, LA Metro Area",77425
310M200US33780,33780,"Monroe, MI Metro Area",63191
310M200US33860,33860,"Montgomery, AL Metro Area",163463
310M200US34060,34060,"Morgantown, WV Metro Area",59173
310M200US34100,34100,"Morristown, TN Metro Area",50370
310M200US34580,34580,"Mount Vernon-Anacortes, WA Metro Area",51542
310M200US34620,34620,"Muncie, IN Metro Area",52198
310M200US34740,34740,"Muskegon, MI Metro Area",73050
310M200US34820,34820,"Myrtle Beach-Conway-North Myrtle Beach, SC-NC Metro Area",268903
310M200US34900,34900,"Napa, CA Metro Area",54939
310M200US34940,34940,"Naples-Immokalee-Marco Island, FL Metro Area",200285
310M200US34980,34980,"Nashville-Davidson--Murfreesboro--Franklin, TN Metro Area",718572
310M200US35100,35100,"New Bern, NC Metro Area",58178
310M200US35300,35300,"New Haven-Milford, CT Metro Area",361452
310M200US35380,35380,"New Orleans-Metairie, LA Metro Area",550584
310M200US35620,35620,"New York-Newark-Jersey City, NY-NJ-PA Metro Area",7822053
310M200US35660,35660,"Niles-Benton Harbor, MI Metro Area",76540
310M200US35840,35840,"North Port-Sarasota-Bradenton, FL Metro Area",404062
310M200US35980,35980,"Norwich-New London, CT Metro Area",120834
310M200US36100,36100,"Ocala, FL Metro Area",162442
310M200US36140,36140,"Ocean City, NJ Metro Area",98680
310M200US36220,36220,"Odessa, TX Metro Area",55034
310M200US36260,36260,"Ogden-Clearfield, UT Metro Area",209368
310M200US36420,36420,"Oklahoma City, OK Metro Area",549299
310M200US36500,36500,"Olympia-Tumwater, WA Metro Area",110401
310M200US36540,36540,"Omaha-Council Bluffs, NE-IA Metro Area",369764
310M200US36740,36740,"Orlando-Kissimmee-Sanford, FL Metro Area",958298
310M200US36780,36780,"Oshkosh-Neenah, WI Metro Area",73795
310M200US36980,36980,"Owensboro, KY Metro Area",50064
310M200US37100,37100,"Oxnard-Thousand Oaks-Ventura, CA Metro Area",282819
310M200US37340,37340,"Palm Bay-Melbourne-Titusville, FL Metro Area",270641
310M200US37460,37460,"Panama City, FL Metro Area",108420
310M200US37620,37620,"Parkersburg-Vienna, WV Metro Area",43742
310M200US37860,37860,"Pensacola-Ferry Pass-Brent, FL Metro Area",203897
310M200US37900,37900,"Peoria, IL Metro Area",165005
310M200US37980,37980,"Philadelphia-Camden-Wilmington, PA-NJ-DE-MD Metro Area",2438273
310M200US38060,38060,"Phoenix-Mesa-Scottsdale, AZ Metro Area",1832488
310M200US38220,38220,"Pine Bluff, AR Metro Area",42088
310M200US38300,38300,"Pittsburgh, PA Metro Area",1100717
310M200US38340,38340,"Pittsfield, MA Metro Area",68248
310M200US38540,38540,"Pocatello, ID Metro Area",33178
310M200US38860,38860,"Portland-South Portland, ME Metro Area",263958
310M200US38900,38900,"Portland-Vancouver-Hillsboro, OR-WA Metro Area",935376
310M200US38940,38940,"Port St. Lucie, FL Metro Area",214956
310M200US39140,39140,"Prescott, AZ Metro Area",111703
310M200US39300,39300,"Providence-Warwick, RI-MA Metro Area",691930
310M200US39340,39340,"Provo-Orem, UT Metro Area",157589
310M200US39380,39380,"Pueblo, CO Metro Area",69721
310M200US39460,39460,"Punta Gorda, FL Metro Area",100681
310M200US39540,39540,"Racine, WI Metro Area",82057
310M200US39580,39580,"Raleigh, NC Metro Area",487363
310M200US39660,39660,"Rapid City, SD Metro Area",61541
310M200US39740,39740,"Reading, PA Metro Area",164253
310M200US39820,39820,"Redding, CA Metro Area",77533
310M200US39900,39900,"Reno, NV Metro Area",187156
310M200US40060,40060,"Richmond, VA Metro Area",512757
310M200US40140,40140,"Riverside-San Bernardino-Ontario, CA Metro Area",1514353
310M200US40220,40220,"Roanoke, VA Metro Area",143739
310M200US40340,40340,"Rochester, MN Metro Area",88992
310M200US40380,40380,"Rochester, NY Metro Area",469247
310M200US40420,40420,"Rockford, IL Metro Area",145360
310M200US40580,40580,"Rocky Mount, NC Metro Area",66675
310M200US40660,40660,"Rome, GA Metro Area",40326
310M200US40900,40900,"Sacramento--Roseville--Arden-Arcade, CA Metro Area",878895
310M200US40980,40980,"Saginaw, MI Metro Area",86531
310M200US41060,41060,"St. Cloud, MN Metro Area",78798
310M200US41100,41100,"St. George, UT Metro Area",60528
310M200US41140,41140,"St. Joseph, MO-KS Metro Area",53476
310M200US41180,41180,"St. Louis, MO-IL Metro Area",1229930
310M200US41420,41420,"Salem, OR Metro Area",152051
310M200US41500,41500,"Salinas, CA Metro Area",139386
310M200US41540,41540,"Salisbury, MD-DE Metro Area",234247
310M200US41620,41620,"Salt Lake City, UT Metro Area",391524
310M200US41660,41660,"San Angelo, TX Metro Area",47923
310M200US41700,41700,"San Antonio-New Braunfels, TX Metro Area",855428
310M200US41740,41740,"San Diego-Carlsbad, CA Metro Area",1176799
310M200US41860,41860,"San Francisco-Oakland-Hayward, CA Metro Area",1756717
310M200US41940,41940,"San Jose-Sunnyvale-Santa Clara, CA Metro Area",660597
310M200US42020,42020,"San Luis Obispo-Paso Robles-Arroyo Grande, CA Metro Area",118213
310M200US42100,42100,"Santa Cruz-Watsonville, CA Metro Area",104677
310M200US42140,42140,"Santa Fe, NM Metro Area",71357
310M200US42200,42200,"Santa Maria-Santa Barbara, CA Metro Area",153526
310M200US42220,42220,"Santa Rosa, CA Metro Area",205684
310M200US42340,42340,"Savannah, GA Metro Area",153278
310M200US42540,42540,"Scranton--Wilkes-Barre--Hazleton, PA Metro Area",257509
310M200US42660,42660,"Seattle-Tacoma-Bellevue, WA Metro Area",1491052
310M200US42680,42680,"Sebastian-Vero Beach, FL Metro Area",76710
310M200US42700,42700,"Sebring, FL Metro Area",54675
310M200US43100,43100,"Sheboygan, WI Metro Area",50487
310M200US43300,43300,"Sherman-Denison, TX Metro Area",53865
310M200US43340,43340,"Shreveport-Bossier City, LA Metro Area",196333
310M200US43420,43420,"Sierra Vista-Douglas, AZ Metro Area",60286
310M200US43580,43580,"Sioux City, IA-NE-SD Metro Area",68575
310M200US43620,43620,"Sioux Falls, SD Metro Area",99245
310M200US43780,43780,"South Bend-Mishawaka, IN-MI Metro Area",140926
310M200US43900,43900,"Spartanburg, SC Metro Area",136989
310M200US44060,44060,"Spokane-Spokane Valley, WA Metro Area",232129
310M200US44100,44100,"Springfield, IL Metro Area",95838
310M200US44140,44140,"Springfield, MA Metro Area",254137
310M200US44180,44180,"Springfield, MO Metro Area",195389
310M200US44220,44220,"Springfield, OH Metro Area",61078
310M200US44300,44300,"State College, PA Metro Area",64286
310M200US44420,44420,"Staunton-Waynesboro, VA Metro Area",53341
310M200US44700,44700,"Stockton-Lodi, CA Metro Area",235940
310M200US44940,44940,"Sumter, SC Metro Area",46314
310M200US45060,45060,"Syracuse, NY Metro Area",288766
310M200US45220,45220,"Tallahassee, FL Metro Area",163834
310M200US45300,45300,"Tampa-St. Petersburg-Clearwater, FL Metro Area",1361867
310M200US45460,45460,"Terre Haute, IN Metro Area",74089
310M200US45500,45500,"Texarkana, TX-AR Metro Area",64667
310M200US45540,45540,"The Villages, FL Metro Area",60504
310M200US45780,45780,"Toledo, OH Metro Area",272468
310M200US45820,45820,"Topeka, KS Metro Area",103872
310M200US45940,45940,"Trenton, NJ Metro Area",144228
310M200US46060,46060,"Tucson, AZ Metro Area",446987
310M200US46140,46140,"Tulsa, OK Metro Area",416619
310M200US46220,46220,"Tuscaloosa, AL Metro Area",102036
310M200US46340,46340,"Tyler, TX Metro Area",87737
310M200US46520,46520,"Urban Honolulu, HI Metro Area",340416
310M200US46540,46540,"Utica-Rome, NY Metro Area",136814
310M200US46660,46660,"Valdosta, GA Metro Area",57971
310M200US46700,46700,"Vallejo-Fairfield, CA Metro Area",153867
310M200US47020,47020,"Victoria, TX Metro Area",38774
310M200US47220,47220,"Vineland-Bridgeton, NJ Metro Area",56196
310M200US47260,47260,"Virginia Beach-Norfolk-Newport News, VA-NC Metro Area",700916
310M200US47300,47300,"Visalia-Porterville, CA Metro Area",144323
310M200US47380,47380,"Waco, TX Metro Area",104191
310M200US47460,47460,"Walla Walla, WA Metro Area",25893
310M200US47580,47580,"Warner Robins, GA Metro Area",75140
310M200US47900,47900,"Washington-Arlington-Alexandria, DC-VA-MD-WV Metro Area",2278936
310M200US47940,47940,"Waterloo-Cedar Falls, IA Metro Area",72089
310M200US48060,48060,"Watertown-Fort Drum, NY Metro Area",58148
310M200US48140,48140,"Wausau, WI Metro Area",58051
310M200US48260,48260,"Weirton-Steubenville, WV-OH Metro Area",57611
310M200US48300,48300,"Wenatchee, WA Metro Area",51707
310M200US48540,48540,"Wheeling, WV-OH Metro Area",68905
310M200US48620,48620,"Wichita, KS Metro Area",268542
310M200US48660,48660,"Wichita Falls, TX Metro Area",64989
310M200US48700,48700,"Williamsport, PA Metro Area",52409
310M200US48900,48900,"Wilmington, NC Metro Area",130349
310M200US49020,49020,"Winchester, VA-WV Metro Area",57037
310M200US49180,49180,"Winston-Salem, NC Metro Area",288615
310M200US49340,49340,"Worcester, MA-CT Metro Area",376556
310M200US49420,49420,"Yakima, WA Metro Area",85898
310M200US49620,49620,"York-Hanover, PA Metro Area",179614
310M200US49660,49660,"Youngstown-Warren-Boardman, OH-PA Metro Area",257919
310M200US49700,49700,"Yuba City, CA Metro Area",61700
310M200US49740,49740,"Yuma, AZ Metro Area",89610
