GEO.id,GEO.id2,GEO.display-label,HD01_VD01
Id,Id2,Geography,Estimate; Total
310M100US10180,10180,"Abilene, TX Metro Area",69887
310M100US10420,10420,"Akron, OH Metro Area",313023
310M100US10500,10500,"Albany, GA Metro Area",66150
310M100US10580,10580,"Albany-Schenectady-Troy, NY Metro Area",395203
310M100US10740,10740,"Albuquerque, NM Metro Area",376276
310M100US10780,10780,"Alexandria, LA Metro Area",64812
310M100US10900,10900,"Allentown-Bethlehem-Easton, PA-NJ Metro Area",343948
310M100US11020,11020,"Altoona, PA Metro Area",56201
310M100US11100,11100,"Amarillo, TX Metro Area",103716
310M100US11180,11180,"Ames, IA Metro Area",37091
310M100US11260,11260,"Anchorage, AK Metro Area",156710
310M100US11300,11300,"Anderson, IN Metro Area",58920
310M100US11340,11340,"Anderson, SC Metro Area",84947
310M100US11460,11460,"Ann Arbor, MI Metro Area",147508
310M100US11500,11500,"Anniston-Oxford, AL Metro Area",53357
310M100US11540,11540,"Appleton, WI Metro Area",93392
310M100US11700,11700,"Asheville, NC Metro Area",215550
310M100US12020,12020,"Athens-Clarke County, GA Metro Area",82059
310M100US12060,12060,"Atlanta-Sandy Springs-Marietta, GA Metro Area",2169873
310M100US12100,12100,"Atlantic City-Hammonton, NJ Metro Area",126784
310M100US12220,12220,"Auburn-Opelika, AL Metro Area",63483
310M100US12260,12260,"Augusta-Richmond County, GA-SC Metro Area",239440
310M100US12420,12420,"Austin-Round Rock-San Marcos, TX Metro Area",723297
310M100US12540,12540,"Bakersfield-Delano, CA Metro Area",286972
310M100US12580,12580,"Baltimore-Towson, MD Metro Area",1138113
310M100US12620,12620,"Bangor, ME Metro Area",74375
310M100US12700,12700,"Barnstable Town, MA Metro Area",161015
310M100US12940,12940,"Baton Rouge, LA Metro Area",332279
310M100US12980,12980,"Battle Creek, MI Metro Area",60932
310M100US13020,13020,"Bay City, MI Metro Area",48126
310M100US13140,13140,"Beaumont-Port Arthur, TX Metro Area",162426
310M100US13380,13380,"Bellingham, WA Metro Area",91276
310M100US13460,13460,"Bend, OR Metro Area",80599
310M100US13740,13740,"Billings, MT Metro Area",71605
310M100US13780,13780,"Binghamton, NY Metro Area",112915
310M100US13820,13820,"Birmingham-Hoover, AL Metro Area",501174
310M100US13900,13900,"Bismarck, ND Metro Area",48577
310M100US13980,13980,"Blacksburg-Christiansburg-Radford, VA Metro Area",71426
310M100US14020,14020,"Bloomington, IN Metro Area",84862
310M100US14060,14060,"Bloomington-Normal, IL Metro Area",70195
310M100US14260,14260,"Boise City-Nampa, ID Metro Area",247228
310M100US14460,14460,"Boston-Cambridge-Quincy, MA-NH Metro Area",1891039
310M100US14500,14500,"Boulder, CO Metro Area",127518
310M100US14540,14540,"Bowling Green, KY Metro Area",54026
310M100US14740,14740,"Bremerton-Silverdale, WA Metro Area",108371
310M100US14860,14860,"Bridgeport-Stamford-Norwalk, CT Metro Area",362760
310M100US15180,15180,"Brownsville-Harlingen, TX Metro Area",142328
310M100US15260,15260,"Brunswick, GA Metro Area",56784
310M100US15380,15380,"Buffalo-Niagara Falls, NY Metro Area",518757
310M100US15500,15500,"Burlington, NC Metro Area",67074
310M100US15540,15540,"Burlington-South Burlington, VT Metro Area",92983
310M100US15940,15940,"Canton-Massillon, OH Metro Area",178948
310M100US15980,15980,"Cape Coral-Fort Myers, FL Metro Area",372119
310M100US16020,16020,"Cape Girardeau-Jackson, MO-IL Metro Area",42712
310M100US16180,16180,"Carson City, NV Metro Area",23567
310M100US16220,16220,"Casper, WY Metro Area",34410
310M100US16300,16300,"Cedar Rapids, IA Metro Area",113225
310M100US16580,16580,"Champaign-Urbana, IL Metro Area",101690
310M100US16620,16620,"Charleston, WV Metro Area",140794
310M100US16700,16700,"Charleston-North Charleston-Summerville, SC Metro Area",301985
310M100US16740,16740,"Charlotte-Gastonia-Rock Hill, NC-SC Metro Area",742559
310M100US16820,16820,"Charlottesville, VA Metro Area",90068
310M100US16860,16860,"Chattanooga, TN-GA Metro Area",233875
310M100US16940,16940,"Cheyenne, WY Metro Area",41095
310M100US16980,16980,"Chicago-Joliet-Naperville, IL-IN-WI Metro Area",3797411
310M100US17020,17020,"Chico, CA Metro Area",95901
310M100US17140,17140,"Cincinnati-Middletown, OH-KY-IN Metro Area",919561
310M100US17300,17300,"Clarksville, TN-KY Metro Area",115074
310M100US17420,17420,"Cleveland, TN Metro Area",50551
310M100US17460,17460,"Cleveland-Elyria-Mentor, OH Metro Area",956811
310M100US17660,17660,"Coeur d'Alene, ID Metro Area",64305
310M100US17780,17780,"College Station-Bryan, TX Metro Area",95955
310M100US17820,17820,"Colorado Springs, CO Metro Area",267308
310M100US17860,17860,"Columbia, MO Metro Area",74359
310M100US17900,17900,"Columbia, SC Metro Area",336009
310M100US17980,17980,"Columbus, GA-AL Metro Area",127592
310M100US18020,18020,"Columbus, IN Metro Area",33320
310M100US18140,18140,"Columbus, OH Metro Area",796946
310M100US18580,18580,"Corpus Christi, TX Metro Area",183640
310M100US18700,18700,"Corvallis, OR Metro Area",36397
310M100US18880,18880,"Crestview-Fort Walton Beach-Destin, FL Metro Area",92391
310M100US19060,19060,"Cumberland, MD-WV Metro Area",46435
310M100US19100,19100,"Dallas-Fort Worth-Arlington, TX Metro Area",2532937
310M100US19140,19140,"Dalton, GA Metro Area",56376
310M100US19180,19180,"Danville, IL Metro Area",36183
310M100US19260,19260,"Danville, VA Metro Area",54236
310M100US19340,19340,"Davenport-Moline-Rock Island, IA-IL Metro Area",167219
310M100US19380,19380,"Dayton, OH Metro Area",385458
310M100US19460,19460,"Decatur, AL Metro Area",66484
310M100US19500,19500,"Decatur, IL Metro Area",50197
310M100US19660,19660,"Deltona-Daytona Beach-Ormond Beach, FL Metro Area",254988
310M100US19740,19740,"Denver-Aurora-Broomfield, CO Metro Area",1084397
310M100US19780,19780,"Des Moines-West Des Moines, IA Metro Area",241711
310M100US19820,19820,"Detroit-Warren-Livonia, MI Metro Area",1881683
310M100US20020,20020,"Dothan, AL Metro Area",67425
310M100US20100,20100,"Dover, DE Metro Area",66247
310M100US20220,20220,"Dubuque, IA Metro Area",39274
310M100US20260,20260,"Duluth, MN-WI Metro Area",142648
310M100US20500,20500,"Durham-Chapel Hill, NC Metro Area",225885
310M100US20740,20740,"Eau Claire, WI Metro Area",69742
310M100US20940,20940,"El Centro, CA Metro Area",56291
310M100US21060,21060,"Elizabethtown, KY Metro Area",49841
310M100US21140,21140,"Elkhart-Goshen, IN Metro Area",77688
310M100US21300,21300,"Elmira, NY Metro Area",38371
310M100US21340,21340,"El Paso, TX Metro Area",274827
310M100US21500,21500,"Erie, PA Metro Area",119401
310M100US21660,21660,"Eugene-Springfield, OR Metro Area",157072
310M100US21780,21780,"Evansville, IN-KY Metro Area",159617
310M100US21820,21820,"Fairbanks, AK Metro Area",42740
310M100US22020,22020,"Fargo, ND-MN Metro Area",93650
310M100US22140,22140,"Farmington, NM Metro Area",49974
310M100US22180,22180,"Fayetteville, NC Metro Area",156027
310M100US22220,22220,"Fayetteville-Springdale-Rogers, AR-MO Metro Area",201114
310M100US22380,22380,"Flagstaff, AZ Metro Area",64024
310M100US22420,22420,"Flint, MI Metro Area",191114
310M100US22500,22500,"Florence, SC Metro Area",89491
310M100US22520,22520,"Florence-Muscle Shoals, AL Metro Area",69762
310M100US22540,22540,"Fond du Lac, WI Metro Area",44107
310M100US22660,22660,"Fort Collins-Loveland, CO Metro Area",133263
310M100US22900,22900,"Fort Smith, AR-OK Metro Area",130857
310M100US23060,23060,"Fort Wayne, IN Metro Area",178280
310M100US23420,23420,"Fresno, CA Metro Area",318099
310M100US23460,23460,"Gadsden, AL Metro Area",47353
310M100US23540,23540,"Gainesville, FL Metro Area",120748
310M100US23580,23580,"Gainesville, GA Metro Area",69429
310M100US24020,24020,"Glens Falls, NY Metro Area",67884
310M100US24140,24140,"Goldsboro, NC Metro Area",53244
310M100US24220,24220,"Grand Forks, ND-MN Metro Area",43782
310M100US24300,24300,"Grand Junction, CO Metro Area",63178
310M100US24340,24340,"Grand Rapids-Wyoming, MI Metro Area",324114
310M100US24500,24500,"Great Falls, MT Metro Area",37477
310M100US24540,24540,"Greeley, CO Metro Area",97039
310M100US24580,24580,"Green Bay, WI Metro Area",137977
310M100US24660,24660,"Greensboro-High Point, NC Metro Area",324725
310M100US24780,24780,"Greenville, NC Metro Area",83127
310M100US24860,24860,"Greenville-Mauldin-Easley, SC Metro Area",278593
310M100US25060,25060,"Gulfport-Biloxi, MS Metro Area",117650
310M100US25180,25180,"Hagerstown-Martinsburg, MD-WV Metro Area",116282
310M100US25260,25260,"Hanford-Corcoran, CA Metro Area",44175
310M100US25420,25420,"Harrisburg-Carlisle, PA Metro Area",242867
310M100US25500,25500,"Harrisonburg, VA Metro Area",52032
310M100US25540,25540,"Hartford-West Hartford-East Hartford, CT Metro Area",508999
310M100US25620,25620,"Hattiesburg, MS Metro Area",62419
310M100US25860,25860,"Hickory-Lenoir-Morganton, NC Metro Area",163141
310M100US25980,25980,"Hinesville-Fort Stewart, GA Metro Area",33611
310M100US26100,26100,"Holland-Grand Haven, MI Metro Area",102780
310M100US26180,26180,"Honolulu, HI Metro Area",337528
310M100US26300,26300,"Hot Springs, AR Metro Area",50993
310M100US26380,26380,"Houma-Bayou Cane-Thibodaux, LA Metro Area",82956
310M100US26420,26420,"Houston-Sugar Land-Baytown, TX Metro Area",2344060
310M100US26580,26580,"Huntington-Ashland, WV-KY-OH Metro Area",130826
310M100US26620,26620,"Huntsville, AL Metro Area",185397
310M100US26820,26820,"Idaho Falls, ID Metro Area",48505
310M100US26900,26900,"Indianapolis-Carmel, IN Metro Area",762101
310M100US26980,26980,"Iowa City, IA Metro Area",66159
310M100US27060,27060,"Ithaca, NY Metro Area",41783
310M100US27100,27100,"Jackson, MI Metro Area",69538
310M100US27140,27140,"Jackson, MS Metro Area",223939
310M100US27180,27180,"Jackson, TN Metro Area",49726
310M100US27260,27260,"Jacksonville, FL Metro Area",601933
310M100US27340,27340,"Jacksonville, NC Metro Area",70361
310M100US27500,27500,"Janesville, WI Metro Area",68483
310M100US27620,27620,"Jefferson City, MO Metro Area",64598
310M100US27740,27740,"Johnson City, TN Metro Area",94641
310M100US27780,27780,"Johnstown, PA Metro Area",65449
310M100US27860,27860,"Jonesboro, AR Metro Area",51960
310M100US27900,27900,"Joplin, MO Metro Area",75348
310M100US28020,28020,"Kalamazoo-Portage, MI Metro Area",146975
310M100US28100,28100,"Kankakee-Bradley, IL Metro Area",45330
310M100US28140,28140,"Kansas City, MO-KS Metro Area",885237
310M100US28420,28420,"Kennewick-Pasco-Richland, WA Metro Area",94706
310M100US28660,28660,"Killeen-Temple-Fort Hood, TX Metro Area",164257
310M100US28700,28700,"Kingsport-Bristol-Bristol, TN-VA Metro Area",147634
310M100US28740,28740,"Kingston, NY Metro Area",83852
310M100US28940,28940,"Knoxville, TN Metro Area",317135
310M100US29020,29020,"Kokomo, IN Metro Area",45776
310M100US29100,29100,"La Crosse, WI-MN Metro Area",57276
310M100US29140,29140,"Lafayette, IN Metro Area",85019
310M100US29180,29180,"Lafayette, LA Metro Area",116780
310M100US29340,29340,"Lake Charles, LA Metro Area",86476
310M100US29420,29420,"Lake Havasu City-Kingman, AZ Metro Area",111844
310M100US29460,29460,"Lakeland-Winter Haven, FL Metro Area",281009
310M100US29540,29540,"Lancaster, PA Metro Area",204740
310M100US29620,29620,"Lansing-East Lansing, MI Metro Area",199043
310M100US29700,29700,"Laredo, TX Metro Area",74536
310M100US29740,29740,"Las Cruces, NM Metro Area",82967
310M100US29820,29820,"Las Vegas-Paradise, NV Metro Area",848156
310M100US29940,29940,"Lawrence, KS Metro Area",46999
310M100US30020,30020,"Lawton, OK Metro Area",51731
310M100US30140,30140,"Lebanon, PA Metro Area",56041
310M100US30300,30300,"Lewiston, ID-WA Metro Area",26980
310M100US30340,30340,"Lewiston-Auburn, ME Metro Area",49193
310M100US30460,30460,"Lexington-Fayette, KY Metro Area",211281
310M100US30620,30620,"Lima, OH Metro Area",44892
310M100US30700,30700,"Lincoln, NE Metro Area",128440
310M100US30780,30780,"Little Rock-North Little Rock-Conway, AR Metro Area",310914
310M100US30860,30860,"Logan, UT-ID Metro Area",41237
310M100US30980,30980,"Longview, TX Metro Area",87249
310M100US31020,31020,"Longview, WA Metro Area",43613
310M100US31100,31100,"Los Angeles-Long Beach-Santa Ana, CA Metro Area",4500396
310M100US31140,31140,"Louisville/Jefferson County, KY-IN Metro Area",562161
310M100US31180,31180,"Lubbock, TX Metro Area",118725
310M100US31340,31340,"Lynchburg, VA Metro Area",113318
310M100US31420,31420,"Macon, GA Metro Area",100237
310M100US31460,31460,"Madera-Chowchilla, CA Metro Area",49129
310M100US31540,31540,"Madison, WI Metro Area",254190
310M100US31700,31700,"Manchester-Nashua, NH Metro Area",166645
310M100US31740,31740,"Manhattan, KS Metro Area",52286
310M100US31860,31860,"Mankato-North Mankato, MN Metro Area",39310
310M100US31900,31900,"Mansfield, OH Metro Area",54459
310M100US32580,32580,"McAllen-Edinburg-Mission, TX Metro Area",250243
310M100US32780,32780,"Medford, OR Metro Area",91346
310M100US32820,32820,"Memphis, TN-MS-AR Metro Area",550876
310M100US32900,32900,"Merced, CA Metro Area",83583
310M100US33100,33100,"Miami-Fort Lauderdale-Pompano Beach, FL Metro Area",2469575
310M100US33140,33140,"Michigan City-La Porte, IN Metro Area",48455
310M100US33260,33260,"Midland, TX Metro Area",55102
310M100US33340,33340,"Milwaukee-Waukesha-West Allis, WI Metro Area",671857
310M100US33460,33460,"Minneapolis-St. Paul-Bloomington, MN-WI Metro Area",1359185
310M100US33540,33540,"Missoula, MT Metro Area",50678
310M100US33660,33660,"Mobile, AL Metro Area",180037
310M100US33700,33700,"Modesto, CA Metro Area",180094
310M100US33740,33740,"Monroe, LA Metro Area",75824
310M100US33780,33780,"Monroe, MI Metro Area",62745
310M100US33860,33860,"Montgomery, AL Metro Area",162100
310M100US34060,34060,"Morgantown, WV Metro Area",59753
310M100US34100,34100,"Morristown, TN Metro Area",61601
310M100US34580,34580,"Mount Vernon-Anacortes, WA Metro Area",51940
310M100US34620,34620,"Muncie, IN Metro Area",52185
310M100US34740,34740,"Muskegon-Norton Shores, MI Metro Area",73417
310M100US34820,34820,"Myrtle Beach-North Myrtle Beach-Conway, SC Metro Area",188896
310M100US34900,34900,"Napa, CA Metro Area",54928
310M100US34940,34940,"Naples-Marco Island, FL Metro Area",198432
310M100US34980,34980,"Nashville-Davidson--Murfreesboro--Franklin, TN Metro Area",676139
310M100US35300,35300,"New Haven-Milford, CT Metro Area",363243
310M100US35380,35380,"New Orleans-Metairie-Kenner, LA Metro Area",544200
310M100US35620,35620,"New York-Northern New Jersey-Long Island, NY-NJ-PA Metro Area",7537642
310M100US35660,35660,"Niles-Benton Harbor, MI Metro Area",76769
310M100US35840,35840,"North Port-Bradenton-Sarasota, FL Metro Area",403002
310M100US35980,35980,"Norwich-New London, CT Metro Area",121663
310M100US36100,36100,"Ocala, FL Metro Area",164037
310M100US36140,36140,"Ocean City, NJ Metro Area",98025
310M100US36220,36220,"Odessa, TX Metro Area",53275
310M100US36260,36260,"Ogden-Clearfield, UT Metro Area",189022
310M100US36420,36420,"Oklahoma City, OK Metro Area",544019
310M100US36500,36500,"Olympia, WA Metro Area",109944
310M100US36540,36540,"Omaha-Council Bluffs, NE-IA Metro Area",366213
310M100US36740,36740,"Orlando-Kissimmee-Sanford, FL Metro Area",950008
310M100US36780,36780,"Oshkosh-Neenah, WI Metro Area",73737
310M100US36980,36980,"Owensboro, KY Metro Area",49929
310M100US37100,37100,"Oxnard-Thousand Oaks-Ventura, CA Metro Area",282521
310M100US37340,37340,"Palm Bay-Melbourne-Titusville, FL Metro Area",270544
310M100US37380,37380,"Palm Coast, FL Metro Area",49069
310M100US37460,37460,"Panama City-Lynn Haven-Panama City Beach, FL Metro Area",99824
310M100US37620,37620,"Parkersburg-Marietta-Vienna, WV-OH Metro Area",74908
310M100US37700,37700,"Pascagoula, MS Metro Area",71268
310M100US37860,37860,"Pensacola-Ferry Pass-Brent, FL Metro Area",202260
310M100US37900,37900,"Peoria, IL Metro Area",164743
310M100US37980,37980,"Philadelphia-Camden-Wilmington, PA-NJ-DE-MD Metro Area",2439915
310M100US38060,38060,"Phoenix-Mesa-Glendale, AZ Metro Area",1813074
310M100US38220,38220,"Pine Bluff, AR Metro Area",41835
310M100US38300,38300,"Pittsburgh, PA Metro Area",1101310
310M100US38340,38340,"Pittsfield, MA Metro Area",68500
310M100US38540,38540,"Pocatello, ID Metro Area",36267
310M100US38860,38860,"Portland-South Portland-Biddeford, ME Metro Area",264069
310M100US38900,38900,"Portland-Vancouver-Hillsboro, OR-WA Metro Area",930446
310M100US38940,38940,"Port St. Lucie, FL Metro Area",215940
310M100US39100,39100,"Poughkeepsie-Newburgh-Middletown, NY Metro Area",257006
310M100US39140,39140,"Prescott, AZ Metro Area",111090
310M100US39300,39300,"Providence-New Bedford-Fall River, RI-MA Metro Area",695832
310M100US39340,39340,"Provo-Orem, UT Metro Area",154139
310M100US39380,39380,"Pueblo, CO Metro Area",69974
310M100US39460,39460,"Punta Gorda, FL Metro Area",100614
310M100US39540,39540,"Racine, WI Metro Area",82452
310M100US39580,39580,"Raleigh-Cary, NC Metro Area",472047
310M100US39660,39660,"Rapid City, SD Metro Area",56442
310M100US39740,39740,"Reading, PA Metro Area",165301
310M100US39820,39820,"Redding, CA Metro Area",77340
310M100US39900,39900,"Reno-Sparks, NV Metro Area",187834
310M100US40060,40060,"Richmond, VA Metro Area",537564
310M100US40140,40140,"Riverside-San Bernardino-Ontario, CA Metro Area",1509320
310M100US40220,40220,"Roanoke, VA Metro Area",145489
310M100US40340,40340,"Rochester, MN Metro Area",78921
310M100US40380,40380,"Rochester, NY Metro Area",457585
310M100US40420,40420,"Rockford, IL Metro Area",146001
310M100US40580,40580,"Rocky Mount, NC Metro Area",67199
310M100US40660,40660,"Rome, GA Metro Area",40589
310M100US40900,40900,"Sacramento--Arden-Arcade--Roseville, CA Metro Area",875027
310M100US40980,40980,"Saginaw-Saginaw Township North, MI Metro Area",86486
310M100US41060,41060,"St. Cloud, MN Metro Area",78639
310M100US41100,41100,"St. George, UT Metro Area",58392
310M100US41140,41140,"St. Joseph, MO-KS Metro Area",53664
310M100US41180,41180,"St. Louis, MO-IL Metro Area",1239878
310M100US41420,41420,"Salem, OR Metro Area",152192
310M100US41500,41500,"Salinas, CA Metro Area",138811
310M100US41540,41540,"Salisbury, MD Metro Area",52599
310M100US41620,41620,"Salt Lake City, UT Metro Area",416355
310M100US41660,41660,"San Angelo, TX Metro Area",48104
310M100US41700,41700,"San Antonio-New Braunfels, TX Metro Area",847625
310M100US41740,41740,"San Diego-Carlsbad-San Marcos, CA Metro Area",1168705
310M100US41780,41780,"Sandusky, OH Metro Area",37813
310M100US41860,41860,"San Francisco-Oakland-Fremont, CA Metro Area",1747155
310M100US41940,41940,"San Jose-Sunnyvale-Santa Clara, CA Metro Area",650655
310M100US42020,42020,"San Luis Obispo-Paso Robles, CA Metro Area",117459
310M100US42060,42060,"Santa Barbara-Santa Maria-Goleta, CA Metro Area",152856
310M100US42100,42100,"Santa Cruz-Watsonville, CA Metro Area",104447
310M100US42140,42140,"Santa Fe, NM Metro Area",72231
310M100US42220,42220,"Santa Rosa-Petaluma, CA Metro Area",205383
310M100US42340,42340,"Savannah, GA Metro Area",152568
310M100US42540,42540,"Scranton--Wilkes-Barre, PA Metro Area",258515
310M100US42660,42660,"Seattle-Tacoma-Bellevue, WA Metro Area",1471126
310M100US42680,42680,"Sebastian-Vero Beach, FL Metro Area",76253
310M100US43100,43100,"Sheboygan, WI Metro Area",50838
310M100US43300,43300,"Sherman-Denison, TX Metro Area",53975
310M100US43340,43340,"Shreveport-Bossier City, LA Metro Area",174092
310M100US43580,43580,"Sioux City, IA-NE-SD Metro Area",58160
310M100US43620,43620,"Sioux Falls, SD Metro Area",97539
310M100US43780,43780,"South Bend-Mishawaka, IN-MI Metro Area",140721
310M100US43900,43900,"Spartanburg, SC Metro Area",122945
310M100US44060,44060,"Spokane, WA Metro Area",203173
310M100US44100,44100,"Springfield, IL Metro Area",95783
310M100US44140,44140,"Springfield, MA Metro Area",288784
310M100US44180,44180,"Springfield, MO Metro Area",193496
310M100US44220,44220,"Springfield, OH Metro Area",61206
310M100US44300,44300,"State College, PA Metro Area",64109
310M100US44600,44600,"Steubenville-Weirton, OH-WV Metro Area",58065
310M100US44700,44700,"Stockton, CA Metro Area",234820
310M100US44940,44940,"Sumter, SC Metro Area",46304
310M100US45060,45060,"Syracuse, NY Metro Area",288184
310M100US45220,45220,"Tallahassee, FL Metro Area",163641
310M100US45300,45300,"Tampa-St. Petersburg-Clearwater, FL Metro Area",1360294
310M100US45460,45460,"Terre Haute, IN Metro Area",74385
310M100US45500,45500,"Texarkana, TX-Texarkana, AR Metro Area",57998
310M100US45780,45780,"Toledo, OH Metro Area",301200
310M100US45820,45820,"Topeka, KS Metro Area",104855
310M100US45940,45940,"Trenton-Ewing, NJ Metro Area",143392
310M100US46060,46060,"Tucson, AZ Metro Area",442471
310M100US46140,46140,"Tulsa, OK Metro Area",413357
310M100US46220,46220,"Tuscaloosa, AL Metro Area",98346
310M100US46340,46340,"Tyler, TX Metro Area",88716
310M100US46540,46540,"Utica-Rome, NY Metro Area",137705
310M100US46660,46660,"Valdosta, GA Metro Area",57537
310M100US46700,46700,"Vallejo-Fairfield, CA Metro Area",153295
310M100US47020,47020,"Victoria, TX Metro Area",50128
310M100US47220,47220,"Vineland-Millville-Bridgeton, NJ Metro Area",55933
310M100US47260,47260,"Virginia Beach-Norfolk-Newport News, VA-NC Metro Area",689061
310M100US47300,47300,"Visalia-Porterville, CA Metro Area",142924
310M100US47380,47380,"Waco, TX Metro Area",95961
310M100US47580,47580,"Warner Robins, GA Metro Area",58841
310M100US47900,47900,"Washington-Arlington-Alexandria, DC-VA-MD-WV Metro Area",2230987
310M100US47940,47940,"Waterloo-Cedar Falls, IA Metro Area",71637
310M100US48140,48140,"Wausau, WI Metro Area",57874
310M100US48300,48300,"Wenatchee-East Wenatchee, WA Metro Area",52058
310M100US48540,48540,"Wheeling, WV-OH Metro Area",69370
310M100US48620,48620,"Wichita, KS Metro Area",264485
310M100US48660,48660,"Wichita Falls, TX Metro Area",64307
310M100US48700,48700,"Williamsport, PA Metro Area",52268
310M100US48900,48900,"Wilmington, NC Metro Area",207144
310M100US49020,49020,"Winchester, VA-WV Metro Area",58181
310M100US49180,49180,"Winston-Salem, NC Metro Area",215498
310M100US49340,49340,"Worcester, MA Metro Area",328606
310M100US49420,49420,"Yakima, WA Metro Area",85905
310M100US49620,49620,"York-Hanover, PA Metro Area",179817
310M100US49660,49660,"Youngstown-Warren-Boardman, OH-PA Metro Area",258934
310M100US49700,49700,"Yuba City, CA Metro Area",61428
310M100US49740,49740,"Yuma, AZ Metro Area",88142
