GEO.id,GEO.id2,GEO.display-label,HD01_VD01
Id,Id2,Geography,Estimate; Total
310M300US10180,10180,"Abilene, TX Metro Area",71307
310M300US10420,10420,"Akron, OH Metro Area",313633
310M300US10500,10500,"Albany, GA Metro Area",66843
310M300US10540,10540,"Albany, OR Metro Area",49394
310M300US10580,10580,"Albany-Schenectady-Troy, NY Metro Area",401347
310M300US10740,10740,"Albuquerque, NM Metro Area",382924
310M300US10780,10780,"Alexandria, LA Metro Area",66652
310M300US10900,10900,"Allentown-Bethlehem-Easton, PA-NJ Metro Area",345674
310M300US11020,11020,"Altoona, PA Metro Area",55972
310M300US11100,11100,"Amarillo, TX Metro Area",108597
310M300US11180,11180,"Ames, IA Metro Area",39130
310M300US11260,11260,"Anchorage, AK Metro Area",157030
310M300US11460,11460,"Ann Arbor, MI Metro Area",149932
310M300US11500,11500,"Anniston-Oxford-Jacksonville, AL Metro Area",53337
310M300US11540,11540,"Appleton, WI Metro Area",96833
310M300US11700,11700,"Asheville, NC Metro Area",220699
310M300US12020,12020,"Athens-Clarke County, GA Metro Area",85795
310M300US12060,12060,"Atlanta-Sandy Springs-Roswell, GA Metro Area",2266547
310M300US12100,12100,"Atlantic City-Hammonton, NJ Metro Area",128013
310M300US12220,12220,"Auburn-Opelika, AL Metro Area",67173
310M300US12260,12260,"Augusta-Richmond County, GA-SC Metro Area",253907
310M300US12420,12420,"Austin-Round Rock, TX Metro Area",805785
310M300US12540,12540,"Bakersfield, CA Metro Area",295240
310M300US12580,12580,"Baltimore-Columbia-Towson, MD Metro Area",1161526
310M300US12620,12620,"Bangor, ME Metro Area",74696
310M300US12700,12700,"Barnstable Town, MA Metro Area",162486
310M300US12940,12940,"Baton Rouge, LA Metro Area",348689
310M300US12980,12980,"Battle Creek, MI Metro Area",60537
310M300US13020,13020,"Bay City, MI Metro Area",48017
310M300US13140,13140,"Beaumont-Port Arthur, TX Metro Area",176519
310M300US13220,13220,"Beckley, WV Metro Area",57468
310M300US13380,13380,"Bellingham, WA Metro Area",94189
310M300US13460,13460,"Bend-Redmond, OR Metro Area",85935
310M300US13740,13740,"Billings, MT Metro Area",76351
310M300US13780,13780,"Binghamton, NY Metro Area",111779
310M300US13820,13820,"Birmingham-Hoover, AL Metro Area",513842
310M300US13900,13900,"Bismarck, ND Metro Area",58856
310M300US13980,13980,"Blacksburg-Christiansburg-Radford, VA Metro Area",80322
310M300US14010,14010,"Bloomington, IL Metro Area",79043
310M300US14020,14020,"Bloomington, IN Metro Area",71220
310M300US14100,14100,"Bloomsburg-Berwick, PA Metro Area",37758
310M300US14260,14260,"Boise City, ID Metro Area",265422
310M300US14460,14460,"Boston-Cambridge-Newton, MA-NH Metro Area",1928620
310M300US14500,14500,"Boulder, CO Metro Area",133775
310M300US14540,14540,"Bowling Green, KY Metro Area",73934
310M300US14740,14740,"Bremerton-Silverdale, WA Metro Area",110398
310M300US14860,14860,"Bridgeport-Stamford-Norwalk, CT Metro Area",368010
310M300US15180,15180,"Brownsville-Harlingen, TX Metro Area",148665
310M300US15260,15260,"Brunswick, GA Metro Area",59102
310M300US15380,15380,"Buffalo-Cheektowaga-Niagara Falls, NY Metro Area",521550
310M300US15500,15500,"Burlington, NC Metro Area",69164
310M300US15540,15540,"Burlington-South Burlington, VT Metro Area",95990
310M300US15680,15680,"California-Lexington Park, MD Metro Area",44191
310M300US15940,15940,"Canton-Massillon, OH Metro Area",179433
310M300US15980,15980,"Cape Coral-Fort Myers, FL Metro Area",385106
310M300US16020,16020,"Cape Girardeau, MO-IL Metro Area",42903
310M300US16060,16060,"Carbondale-Marion, IL Metro Area",59614
310M300US16180,16180,"Carson City, NV Metro Area",23436
310M300US16220,16220,"Casper, WY Metro Area",36256
310M300US16300,16300,"Cedar Rapids, IA Metro Area",116278
310M300US16540,16540,"Chambersburg-Waynesboro, PA Metro Area",64405
310M300US16580,16580,"Champaign-Urbana, IL Metro Area",105447
310M300US16620,16620,"Charleston, WV Metro Area",108417
310M300US16700,16700,"Charleston-North Charleston, SC Metro Area",324390
310M300US16740,16740,"Charlotte-Concord-Gastonia, NC-SC Metro Area",1005717
310M300US16820,16820,"Charlottesville, VA Metro Area",101713
310M300US16860,16860,"Chattanooga, TN-GA Metro Area",241906
310M300US16940,16940,"Cheyenne, WY Metro Area",42287
310M300US16980,16980,"Chicago-Naperville-Elgin, IL-IN-WI Metro Area",3820657
310M300US17020,17020,"Chico, CA Metro Area",98439
310M300US17140,17140,"Cincinnati, OH-KY-IN Metro Area",926012
310M300US17300,17300,"Clarksville, TN-KY Metro Area",117111
310M300US17420,17420,"Cleveland, TN Metro Area",51685
310M300US17460,17460,"Cleveland-Elyria, OH Metro Area",958506
310M300US17660,17660,"Coeur d'Alene, ID Metro Area",68307
310M300US17780,17780,"College Station-Bryan, TX Metro Area",104701
310M300US17820,17820,"Colorado Springs, CO Metro Area",285536
310M300US17860,17860,"Columbia, MO Metro Area",75723
310M300US17900,17900,"Columbia, SC Metro Area",348847
310M300US17980,17980,"Columbus, GA-AL Metro Area",133098
310M300US18020,18020,"Columbus, IN Metro Area",33880
310M300US18140,18140,"Columbus, OH Metro Area",851499
310M300US18580,18580,"Corpus Christi, TX Metro Area",192737
310M300US18700,18700,"Corvallis, OR Metro Area",37792
310M300US18880,18880,"Crestview-Fort Walton Beach-Destin, FL Metro Area",146008
310M300US19060,19060,"Cumberland, MD-WV Metro Area",46223
310M300US19100,19100,"Dallas-Fort Worth-Arlington, TX Metro Area",2740964
310M300US19140,19140,"Dalton, GA Metro Area",55339
310M300US19180,19180,"Danville, IL Metro Area",35893
310M300US19300,19300,"Daphne-Fairhope-Foley, AL Metro Area",110607
310M300US19340,19340,"Davenport-Moline-Rock Island, IA-IL Metro Area",169136
310M300US19380,19380,"Dayton, OH Metro Area",367998
310M300US19460,19460,"Decatur, AL Metro Area",66849
310M300US19500,19500,"Decatur, IL Metro Area",50238
310M300US19660,19660,"Deltona-Daytona Beach-Ormond Beach, FL Metro Area",308513
310M300US19740,19740,"Denver-Aurora-Lakewood, CO Metro Area",1149070
310M300US19780,19780,"Des Moines-West Des Moines, IA Metro Area",263342
310M300US19820,19820,"Detroit-Warren-Dearborn, MI Metro Area",1899341
310M300US20020,20020,"Dothan, AL Metro Area",68499
310M300US20100,20100,"Dover, DE Metro Area",69742
310M300US20220,20220,"Dubuque, IA Metro Area",40876
310M300US20260,20260,"Duluth, MN-WI Metro Area",142604
310M300US20500,20500,"Durham-Chapel Hill, NC Metro Area",239799
310M300US20700,20700,"East Stroudsburg, PA Metro Area",80759
310M300US20740,20740,"Eau Claire, WI Metro Area",71510
310M300US20940,20940,"El Centro, CA Metro Area",57386
310M300US21060,21060,"Elizabethtown-Fort Knox, KY Metro Area",64805
310M300US21140,21140,"Elkhart-Goshen, IN Metro Area",78179
310M300US21300,21300,"Elmira, NY Metro Area",38323
310M300US21340,21340,"El Paso, TX Metro Area",294998
310M300US21420,21420,"Enid, OK Metro Area",26885
310M300US21500,21500,"Erie, PA Metro Area",120077
310M300US21660,21660,"Eugene, OR Metro Area",159704
310M300US21780,21780,"Evansville, IN-KY Metro Area",141021
310M300US21820,21820,"Fairbanks, AK Metro Area",41565
310M300US22020,22020,"Fargo, ND-MN Metro Area",106236
310M300US22140,22140,"Farmington, NM Metro Area",49665
310M300US22180,22180,"Fayetteville, NC Metro Area",165658
310M300US22220,22220,"Fayetteville-Springdale-Rogers, AR-MO Metro Area",210872
310M300US22380,22380,"Flagstaff, AZ Metro Area",65278
310M300US22420,22420,"Flint, MI Metro Area",190976
310M300US22500,22500,"Florence, SC Metro Area",89644
310M300US22520,22520,"Florence-Muscle Shoals, AL Metro Area",70988
310M300US22540,22540,"Fond du Lac, WI Metro Area",44718
310M300US22660,22660,"Fort Collins, CO Metro Area",143273
310M300US22900,22900,"Fort Smith, AR-OK Metro Area",123902
310M300US23060,23060,"Fort Wayne, IN Metro Area",182514
310M300US23420,23420,"Fresno, CA Metro Area",327812
310M300US23460,23460,"Gadsden, AL Metro Area",47541
310M300US23540,23540,"Gainesville, FL Metro Area",123183
310M300US23580,23580,"Gainesville, GA Metro Area",70956
310M300US23900,23900,"Gettysburg, PA Metro Area",41612
310M300US24020,24020,"Glens Falls, NY Metro Area",68427
310M300US24140,24140,"Goldsboro, NC Metro Area",53400
310M300US24220,24220,"Grand Forks, ND-MN Metro Area",47373
310M300US24260,24260,"Grand Island, NE Metro Area",35778
310M300US24300,24300,"Grand Junction, CO Metro Area",65247
310M300US24340,24340,"Grand Rapids-Wyoming, MI Metro Area",413597
310M300US24420,24420,"Grants Pass, OR Metro Area",38274
310M300US24500,24500,"Great Falls, MT Metro Area",38058
310M300US24540,24540,"Greeley, CO Metro Area",105461
310M300US24580,24580,"Green Bay, WI Metro Area",141841
310M300US24660,24660,"Greensboro-High Point, NC Metro Area",332003
310M300US24780,24780,"Greenville, NC Metro Area",77909
310M300US24860,24860,"Greenville-Anderson-Mauldin, SC Metro Area",377579
310M300US25060,25060,"Gulfport-Biloxi-Pascagoula, MS Metro Area",177721
310M300US25180,25180,"Hagerstown-Martinsburg, MD-WV Metro Area",108880
310M300US25220,25220,"Hammond, LA Metro Area",53772
310M300US25260,25260,"Hanford-Corcoran, CA Metro Area",45763
310M300US25420,25420,"Harrisburg-Carlisle, PA Metro Area",247378
310M300US25500,25500,"Harrisonburg, VA Metro Area",53203
310M300US25540,25540,"Hartford-West Hartford-East Hartford, CT Metro Area",509593
310M300US25620,25620,"Hattiesburg, MS Metro Area",62008
310M300US25860,25860,"Hickory-Lenoir-Morganton, NC Metro Area",162920
310M300US25940,25940,"Hilton Head Island-Bluffton-Beaufort, SC Metro Area",107859
310M300US25980,25980,"Hinesville, GA Metro Area",35194
310M300US26140,26140,"Homosassa Springs, FL Metro Area",77904
310M300US26300,26300,"Hot Springs, AR Metro Area",50573
310M300US26380,26380,"Houma-Thibodaux, LA Metro Area",85462
310M300US26420,26420,"Houston-The Woodlands-Sugar Land, TX Metro Area",2556349
310M300US26580,26580,"Huntington-Ashland, WV-KY-OH Metro Area",165522
310M300US26620,26620,"Huntsville, AL Metro Area",194856
310M300US26820,26820,"Idaho Falls, ID Metro Area",52267
310M300US26900,26900,"Indianapolis-Carmel-Anderson, IN Metro Area",849503
310M300US26980,26980,"Iowa City, IA Metro Area",71417
310M300US27060,27060,"Ithaca, NY Metro Area",42445
310M300US27100,27100,"Jackson, MI Metro Area",69005
310M300US27140,27140,"Jackson, MS Metro Area",240857
310M300US27180,27180,"Jackson, TN Metro Area",56338
310M300US27260,27260,"Jacksonville, FL Metro Area",630241
310M300US27340,27340,"Jacksonville, NC Metro Area",77793
310M300US27500,27500,"Janesville-Beloit, WI Metro Area",68513
310M300US27620,27620,"Jefferson City, MO Metro Area",64386
310M300US27740,27740,"Johnson City, TN Metro Area",96173
310M300US27780,27780,"Johnstown, PA Metro Area",64979
310M300US27860,27860,"Jonesboro, AR Metro Area",55328
310M300US27900,27900,"Joplin, MO Metro Area",76444
310M300US27980,27980,"Kahului-Wailuku-Lahaina, HI Metro Area",72253
310M300US28020,28020,"Kalamazoo-Portage, MI Metro Area",147800
310M300US28100,28100,"Kankakee, IL Metro Area",45172
310M300US28140,28140,"Kansas City, MO-KS Metro Area",897509
310M300US28420,28420,"Kennewick-Richland, WA Metro Area",100961
310M300US28660,28660,"Killeen-Temple, TX Metro Area",173349
310M300US28700,28700,"Kingsport-Bristol-Bristol, TN-VA Metro Area",147539
310M300US28740,28740,"Kingston, NY Metro Area",83934
310M300US28940,28940,"Knoxville, TN Metro Area",390929
310M300US29020,29020,"Kokomo, IN Metro Area",39100
310M300US29100,29100,"La Crosse-Onalaska, WI-MN Metro Area",58454
310M300US29180,29180,"Lafayette, LA Metro Area",206456
310M300US29200,29200,"Lafayette-West Lafayette, IN Metro Area",88364
310M300US29340,29340,"Lake Charles, LA Metro Area",90937
310M300US29420,29420,"Lake Havasu City-Kingman, AZ Metro Area",113817
310M300US29460,29460,"Lakeland-Winter Haven, FL Metro Area",286488
310M300US29540,29540,"Lancaster, PA Metro Area",207807
310M300US29620,29620,"Lansing-East Lansing, MI Metro Area",201069
310M300US29700,29700,"Laredo, TX Metro Area",81491
310M300US29740,29740,"Las Cruces, NM Metro Area",85228
310M300US29820,29820,"Las Vegas-Henderson-Paradise, NV Metro Area",881238
310M300US29940,29940,"Lawrence, KS Metro Area",49287
310M300US30020,30020,"Lawton, OK Metro Area",54681
310M300US30140,30140,"Lebanon, PA Metro Area",56637
310M300US30300,30300,"Lewiston, ID-WA Metro Area",28300
310M300US30340,30340,"Lewiston-Auburn, ME Metro Area",49059
310M300US30460,30460,"Lexington-Fayette, KY Metro Area",218335
310M300US30620,30620,"Lima, OH Metro Area",44804
310M300US30700,30700,"Lincoln, NE Metro Area",135575
310M300US30780,30780,"Little Rock-North Little Rock-Conway, AR Metro Area",322939
310M300US30860,30860,"Logan, UT-ID Metro Area",44821
310M300US30980,30980,"Longview, TX Metro Area",90076
310M300US31020,31020,"Longview, WA Metro Area",43630
310M300US31080,31080,"Los Angeles-Long Beach-Anaheim, CA Metro Area",4610932
310M300US31140,31140,"Louisville/Jefferson County, KY-IN Metro Area",553398
310M300US31180,31180,"Lubbock, TX Metro Area",130654
310M300US31340,31340,"Lynchburg, VA Metro Area",115744
310M300US31420,31420,"Macon-Bibb County, GA Metro Area",102711
310M300US31460,31460,"Madera, CA Metro Area",50205
310M300US31540,31540,"Madison, WI Metro Area",281363
310M300US31700,31700,"Manchester-Nashua, NH Metro Area",168696
310M300US31740,31740,"Manhattan, KS Metro Area",39780
310M300US31860,31860,"Mankato-North Mankato, MN Metro Area",41355
310M300US31900,31900,"Mansfield, OH Metro Area",54001
310M300US32580,32580,"McAllen-Edinburg-Mission, TX Metro Area",268803
310M300US32780,32780,"Medford, OR Metro Area",93383
310M300US32820,32820,"Memphis, TN-MS-AR Metro Area",569953
310M300US32900,32900,"Merced, CA Metro Area",84432
310M300US33100,33100,"Miami-Fort Lauderdale-West Palm Beach, FL Metro Area",2528173
310M300US33140,33140,"Michigan City-La Porte, IN Metro Area",48829
310M300US33220,33220,"Midland, MI Metro Area",36535
310M300US33260,33260,"Midland, TX Metro Area",62477
310M300US33340,33340,"Milwaukee-Waukesha-West Allis, WI Metro Area",674782
310M300US33460,33460,"Minneapolis-St. Paul-Bloomington, MN-WI Metro Area",1432683
310M300US33540,33540,"Missoula, MT Metro Area",52325
310M300US33660,33660,"Mobile, AL Metro Area",182640
310M300US33700,33700,"Modesto, CA Metro Area",180822
310M300US33740,33740,"Monroe, LA Metro Area",79584
310M300US33780,33780,"Monroe, MI Metro Area",63694
310M300US33860,33860,"Montgomery, AL Metro Area",165938
310M300US34060,34060,"Morgantown, WV Metro Area",59715
310M300US34100,34100,"Morristown, TN Metro Area",50822
310M300US34580,34580,"Mount Vernon-Anacortes, WA Metro Area",52526
310M300US34620,34620,"Muncie, IN Metro Area",52426
310M300US34740,34740,"Muskegon, MI Metro Area",73452
310M300US34820,34820,"Myrtle Beach-Conway-North Myrtle Beach, SC-NC Metro Area",284739
310M300US34900,34900,"Napa, CA Metro Area",55535
310M300US34940,34940,"Naples-Immokalee-Marco Island, FL Metro Area",210147
310M300US34980,34980,"Nashville-Davidson--Murfreesboro--Franklin, TN Metro Area",760853
310M300US35100,35100,"New Bern, NC Metro Area",58402
310M300US35300,35300,"New Haven-Milford, CT Metro Area",363122
310M300US35380,35380,"New Orleans-Metairie, LA Metro Area",558394
310M300US35620,35620,"New York-Newark-Jersey City, NY-NJ-PA Metro Area",7919292
310M300US35660,35660,"Niles-Benton Harbor, MI Metro Area",76836
310M300US35840,35840,"North Port-Sarasota-Bradenton, FL Metro Area",420970
310M300US35980,35980,"Norwich-New London, CT Metro Area",121911
310M300US36100,36100,"Ocala, FL Metro Area",164414
310M300US36140,36140,"Ocean City, NJ Metro Area",99233
310M300US36220,36220,"Odessa, TX Metro Area",57602
310M300US36260,36260,"Ogden-Clearfield, UT Metro Area",218053
310M300US36420,36420,"Oklahoma City, OK Metro Area",569655
310M300US36500,36500,"Olympia-Tumwater, WA Metro Area",113314
310M300US36540,36540,"Omaha-Council Bluffs, NE-IA Metro Area",381181
310M300US36740,36740,"Orlando-Kissimmee-Sanford, FL Metro Area",1007557
310M300US36780,36780,"Oshkosh-Neenah, WI Metro Area",75111
310M300US36980,36980,"Owensboro, KY Metro Area",51140
310M300US37100,37100,"Oxnard-Thousand Oaks-Ventura, CA Metro Area",286905
310M300US37340,37340,"Palm Bay-Melbourne-Titusville, FL Metro Area",274559
310M300US37460,37460,"Panama City, FL Metro Area",110988
310M300US37620,37620,"Parkersburg-Vienna, WV Metro Area",43194
310M300US37860,37860,"Pensacola-Ferry Pass-Brent, FL Metro Area",209846
310M300US37900,37900,"Peoria, IL Metro Area",166323
310M300US37980,37980,"Philadelphia-Camden-Wilmington, PA-NJ-DE-MD Metro Area",2462218
310M300US38060,38060,"Phoenix-Mesa-Scottsdale, AZ Metro Area",1882098
310M300US38220,38220,"Pine Bluff, AR Metro Area",42509
310M300US38300,38300,"Pittsburgh, PA Metro Area",1109924
310M300US38340,38340,"Pittsfield, MA Metro Area",68451
310M300US38540,38540,"Pocatello, ID Metro Area",33566
310M300US38860,38860,"Portland-South Portland, ME Metro Area",268504
310M300US38900,38900,"Portland-Vancouver-Hillsboro, OR-WA Metro Area",972088
310M300US38940,38940,"Port St. Lucie, FL Metro Area",218566
310M300US39140,39140,"Prescott, AZ Metro Area",114797
310M300US39300,39300,"Providence-Warwick, RI-MA Metro Area",694687
310M300US39340,39340,"Provo-Orem, UT Metro Area",170251
310M300US39380,39380,"Pueblo, CO Metro Area",70286
310M300US39460,39460,"Punta Gorda, FL Metro Area",102717
310M300US39540,39540,"Racine, WI Metro Area",82374
310M300US39580,39580,"Raleigh, NC Metro Area",520444
310M300US39660,39660,"Rapid City, SD Metro Area",63096
310M300US39740,39740,"Reading, PA Metro Area",164961
310M300US39820,39820,"Redding, CA Metro Area",78303
310M300US39900,39900,"Reno, NV Metro Area",193661
310M300US40060,40060,"Richmond, VA Metro Area",527371
310M300US40140,40140,"Riverside-San Bernardino-Ontario, CA Metro Area",1545768
310M300US40220,40220,"Roanoke, VA Metro Area",145570
310M300US40340,40340,"Rochester, MN Metro Area",91883
310M300US40380,40380,"Rochester, NY Metro Area",478158
310M300US40420,40420,"Rockford, IL Metro Area",145284
310M300US40580,40580,"Rocky Mount, NC Metro Area",67280
310M300US40660,40660,"Rome, GA Metro Area",40416
310M300US40900,40900,"Sacramento--Roseville--Arden-Arcade, CA Metro Area",893869
310M300US40980,40980,"Saginaw, MI Metro Area",87039
310M300US41060,41060,"St. Cloud, MN Metro Area",80459
310M300US41100,41100,"St. George, UT Metro Area",65472
310M300US41140,41140,"St. Joseph, MO-KS Metro Area",54125
310M300US41180,41180,"St. Louis, MO-IL Metro Area",1246499
310M300US41420,41420,"Salem, OR Metro Area",155643
310M300US41500,41500,"Salinas, CA Metro Area",140819
310M300US41540,41540,"Salisbury, MD-DE Metro Area",242951
310M300US41620,41620,"Salt Lake City, UT Metro Area",407568
310M300US41660,41660,"San Angelo, TX Metro Area",49397
310M300US41700,41700,"San Antonio-New Braunfels, TX Metro Area",880596
310M300US41740,41740,"San Diego-Carlsbad, CA Metro Area",1202397
310M300US41860,41860,"San Francisco-Oakland-Hayward, CA Metro Area",1792249
310M300US41940,41940,"San Jose-Sunnyvale-Santa Clara, CA Metro Area",683505
310M300US42020,42020,"San Luis Obispo-Paso Robles-Arroyo Grande, CA Metro Area",120866
310M300US42100,42100,"Santa Cruz-Watsonville, CA Metro Area",105635
310M300US42140,42140,"Santa Fe, NM Metro Area",71875
310M300US42200,42200,"Santa Maria-Santa Barbara, CA Metro Area",155962
310M300US42220,42220,"Santa Rosa, CA Metro Area",208153
310M300US42340,42340,"Savannah, GA Metro Area",159994
310M300US42540,42540,"Scranton--Wilkes-Barre--Hazleton, PA Metro Area",259914
310M300US42660,42660,"Seattle-Tacoma-Bellevue, WA Metro Area",1552272
310M300US42680,42680,"Sebastian-Vero Beach, FL Metro Area",78629
310M300US42700,42700,"Sebring, FL Metro Area",54842
310M300US43100,43100,"Sheboygan, WI Metro Area",50606
310M300US43300,43300,"Sherman-Denison, TX Metro Area",54966
310M300US43340,43340,"Shreveport-Bossier City, LA Metro Area",201159
310M300US43420,43420,"Sierra Vista-Douglas, AZ Metro Area",60871
310M300US43580,43580,"Sioux City, IA-NE-SD Metro Area",70274
310M300US43620,43620,"Sioux Falls, SD Metro Area",105409
310M300US43780,43780,"South Bend-Mishawaka, IN-MI Metro Area",141949
310M300US43900,43900,"Spartanburg, SC Metro Area",140500
310M300US44060,44060,"Spokane-Spokane Valley, WA Metro Area",239217
310M300US44100,44100,"Springfield, IL Metro Area",96251
310M300US44140,44140,"Springfield, MA Metro Area",255189
310M300US44180,44180,"Springfield, MO Metro Area",199947
310M300US44220,44220,"Springfield, OH Metro Area",61032
310M300US44300,44300,"State College, PA Metro Area",65766
310M300US44420,44420,"Staunton-Waynesboro, VA Metro Area",55603
310M300US44700,44700,"Stockton-Lodi, CA Metro Area",240618
310M300US44940,44940,"Sumter, SC Metro Area",47275
310M300US45060,45060,"Syracuse, NY Metro Area",290969
310M300US45220,45220,"Tallahassee, FL Metro Area",164776
310M300US45300,45300,"Tampa-St. Petersburg-Clearwater, FL Metro Area",1397857
310M300US45460,45460,"Terre Haute, IN Metro Area",74429
310M300US45500,45500,"Texarkana, TX-AR Metro Area",64978
310M300US45540,45540,"The Villages, FL Metro Area",68201
310M300US45780,45780,"Toledo, OH Metro Area",273236
310M300US45820,45820,"Topeka, KS Metro Area",104465
310M300US45940,45940,"Trenton, NJ Metro Area",144734
310M300US46060,46060,"Tucson, AZ Metro Area",456576
310M300US46140,46140,"Tulsa, OK Metro Area",428464
310M300US46220,46220,"Tuscaloosa, AL Metro Area",106252
310M300US46340,46340,"Tyler, TX Metro Area",89331
310M300US46520,46520,"Urban Honolulu, HI Metro Area",347458
310M300US46540,46540,"Utica-Rome, NY Metro Area",137077
310M300US46660,46660,"Valdosta, GA Metro Area",60592
310M300US46700,46700,"Vallejo-Fairfield, CA Metro Area",156826
310M300US47020,47020,"Victoria, TX Metro Area",40931
310M300US47220,47220,"Vineland-Bridgeton, NJ Metro Area",56426
310M300US47260,47260,"Virginia Beach-Norfolk-Newport News, VA-NC Metro Area",716725
310M300US47300,47300,"Visalia-Porterville, CA Metro Area",147537
310M300US47380,47380,"Waco, TX Metro Area",107692
310M300US47460,47460,"Walla Walla, WA Metro Area",26303
310M300US47580,47580,"Warner Robins, GA Metro Area",77109
310M300US47900,47900,"Washington-Arlington-Alexandria, DC-VA-MD-WV Metro Area",2342764
310M300US47940,47940,"Waterloo-Cedar Falls, IA Metro Area",73141
310M300US48060,48060,"Watertown-Fort Drum, NY Metro Area",59116
310M300US48140,48140,"Wausau, WI Metro Area",58716
310M300US48260,48260,"Weirton-Steubenville, WV-OH Metro Area",57426
310M300US48300,48300,"Wenatchee, WA Metro Area",53240
310M300US48540,48540,"Wheeling, WV-OH Metro Area",68881
310M300US48620,48620,"Wichita, KS Metro Area",272449
310M300US48660,48660,"Wichita Falls, TX Metro Area",65394
310M300US48700,48700,"Williamsport, PA Metro Area",52690
310M300US48900,48900,"Wilmington, NC Metro Area",137086
310M300US49020,49020,"Winchester, VA-WV Metro Area",61152
310M300US49180,49180,"Winston-Salem, NC Metro Area",294572
310M300US49340,49340,"Worcester, MA-CT Metro Area",379980
310M300US49420,49420,"Yakima, WA Metro Area",86728
310M300US49620,49620,"York-Hanover, PA Metro Area",181463
310M300US49660,49660,"Youngstown-Warren-Boardman, OH-PA Metro Area",257872
310M300US49700,49700,"Yuba City, CA Metro Area",62654
310M300US49740,49740,"Yuma, AZ Metro Area",91314
