GEO.id,GEO.id2,GEO.display-label,HD01_VD01,HD02_VD01
Id,Id2,Geography,Estimate; Total,Margin of Error; Total
310M100US10180,10180,"Abilene, TX Metro Area",70553,1018
310M100US10420,10420,"Akron, OH Metro Area",312864,776
310M100US10500,10500,"Albany, GA Metro Area",65861,974
310M100US10580,10580,"Albany-Schenectady-Troy, NY Metro Area",394602,1120
310M100US10740,10740,"Albuquerque, NM Metro Area",377011,1112
310M100US10780,10780,"Alexandria, LA Metro Area",65338,655
310M100US10900,10900,"Allentown-Bethlehem-Easton, PA-NJ Metro Area",343354,863
310M100US11020,11020,"Altoona, PA Metro Area",56154,340
310M100US11100,11100,"Amarillo, TX Metro Area",103729,736
310M100US11180,11180,"Ames, IA Metro Area",37250,557
310M100US11260,11260,"Anchorage, AK Metro Area",154965,456
310M100US11300,11300,"Anderson, IN Metro Area",58864,413
310M100US11340,11340,"Anderson, SC Metro Area",84947,312
310M100US11460,11460,"Ann Arbor, MI Metro Area",147734,1118
310M100US11500,11500,"Anniston-Oxford, AL Metro Area",53311,387
310M100US11540,11540,"Appleton, WI Metro Area",93783,444
310M100US11700,11700,"Asheville, NC Metro Area",215173,974
310M100US12020,12020,"Athens-Clarke County, GA Metro Area",81771,1176
310M100US12060,12060,"Atlanta-Sandy Springs-Marietta, GA Metro Area",2175303,2725
310M100US12100,12100,"Atlantic City-Hammonton, NJ Metro Area",127361,421
310M100US12220,12220,"Auburn-Opelika, AL Metro Area",64408,366
310M100US12260,12260,"Augusta-Richmond County, GA-SC Metro Area",239519,1483
310M100US12420,12420,"Austin-Round Rock-San Marcos, TX Metro Area",725658,1819
310M100US12540,12540,"Bakersfield-Delano, CA Metro Area",285867,822
310M100US12580,12580,"Baltimore-Towson, MD Metro Area",1139559,2239
310M100US12620,12620,"Bangor, ME Metro Area",74104,472
310M100US12700,12700,"Barnstable Town, MA Metro Area",160544,220
310M100US12940,12940,"Baton Rouge, LA Metro Area",335867,948
310M100US12980,12980,"Battle Creek, MI Metro Area",60747,530
310M100US13020,13020,"Bay City, MI Metro Area",48067,283
310M100US13140,13140,"Beaumont-Port Arthur, TX Metro Area",165079,1229
310M100US13380,13380,"Bellingham, WA Metro Area",91290,485
310M100US13460,13460,"Bend, OR Metro Area",80664,237
310M100US13740,13740,"Billings, MT Metro Area",71344,655
310M100US13780,13780,"Binghamton, NY Metro Area",112305,668
310M100US13820,13820,"Birmingham-Hoover, AL Metro Area",502814,1296
310M100US13900,13900,"Bismarck, ND Metro Area",49783,309
310M100US13980,13980,"Blacksburg-Christiansburg-Radford, VA Metro Area",71317,1594
310M100US14020,14020,"Bloomington, IN Metro Area",84680,1089
310M100US14060,14060,"Bloomington-Normal, IL Metro Area",70476,464
310M100US14260,14260,"Boise City-Nampa, ID Metro Area",247910,1370
310M100US14460,14460,"Boston-Cambridge-Quincy, MA-NH Metro Area",1885961,1527
310M100US14500,14500,"Boulder, CO Metro Area",128106,817
310M100US14540,14540,"Bowling Green, KY Metro Area",54563,1100
310M100US14740,14740,"Bremerton-Silverdale, WA Metro Area",108094,1136
310M100US14860,14860,"Bridgeport-Stamford-Norwalk, CT Metro Area",361427,650
310M100US15180,15180,"Brownsville-Harlingen, TX Metro Area",144029,383
310M100US15260,15260,"Brunswick, GA Metro Area",58206,1772
310M100US15380,15380,"Buffalo-Niagara Falls, NY Metro Area",518979,1385
310M100US15500,15500,"Burlington, NC Metro Area",67544,292
310M100US15540,15540,"Burlington-South Burlington, VT Metro Area",93125,513
310M100US15940,15940,"Canton-Massillon, OH Metro Area",178693,517
310M100US15980,15980,"Cape Coral-Fort Myers, FL Metro Area",372213,723
310M100US16020,16020,"Cape Girardeau-Jackson, MO-IL Metro Area",42085,901
310M100US16180,16180,"Carson City, NV Metro Area",23486,427
310M100US16220,16220,"Casper, WY Metro Area",34891,326
310M100US16300,16300,"Cedar Rapids, IA Metro Area",113291,655
310M100US16580,16580,"Champaign-Urbana, IL Metro Area",101903,1381
310M100US16620,16620,"Charleston, WV Metro Area",142765,1117
310M100US16700,16700,"Charleston-North Charleston-Summerville, SC Metro Area",304392,1076
310M100US16740,16740,"Charlotte-Gastonia-Rock Hill, NC-SC Metro Area",747886,1660
310M100US16820,16820,"Charlottesville, VA Metro Area",90509,1854
310M100US16860,16860,"Chattanooga, TN-GA Metro Area",236312,1427
310M100US16940,16940,"Cheyenne, WY Metro Area",40825,183
310M100US16980,16980,"Chicago-Joliet-Naperville, IL-IN-WI Metro Area",3794491,1766
310M100US17020,17020,"Chico, CA Metro Area",96000,707
310M100US17140,17140,"Cincinnati-Middletown, OH-KY-IN Metro Area",921419,1610
310M100US17300,17300,"Clarksville, TN-KY Metro Area",117158,1235
310M100US17420,17420,"Cleveland, TN Metro Area",50625,927
310M100US17460,17460,"Cleveland-Elyria-Mentor, OH Metro Area",954501,1173
310M100US17660,17660,"Coeur d'Alene, ID Metro Area",64288,292
310M100US17780,17780,"College Station-Bryan, TX Metro Area",96277,1519
310M100US17820,17820,"Colorado Springs, CO Metro Area",269696,1252
310M100US17860,17860,"Columbia, MO Metro Area",75355,668
310M100US17900,17900,"Columbia, SC Metro Area",337225,1756
310M100US17980,17980,"Columbus, GA-AL Metro Area",129620,1252
310M100US18020,18020,"Columbus, IN Metro Area",33239,193
310M100US18140,18140,"Columbus, OH Metro Area",798744,1443
310M100US18580,18580,"Corpus Christi, TX Metro Area",185252,1241
310M100US18700,18700,"Corvallis, OR Metro Area",36663,414
310M100US18880,18880,"Crestview-Fort Walton Beach-Destin, FL Metro Area",93399,408
310M100US19060,19060,"Cumberland, MD-WV Metro Area",46371,867
310M100US19100,19100,"Dallas-Fort Worth-Arlington, TX Metro Area",2546579,1819
310M100US19140,19140,"Dalton, GA Metro Area",55656,295
310M100US19180,19180,"Danville, IL Metro Area",36152,268
310M100US19260,19260,"Danville, VA Metro Area",53707,424
310M100US19340,19340,"Davenport-Moline-Rock Island, IA-IL Metro Area",167695,904
310M100US19380,19380,"Dayton, OH Metro Area",384846,1128
310M100US19460,19460,"Decatur, AL Metro Area",66539,452
310M100US19500,19500,"Decatur, IL Metro Area",50403,530
310M100US19660,19660,"Deltona-Daytona Beach-Ormond Beach, FL Metro Area",254784,1163
310M100US19740,19740,"Denver-Aurora-Broomfield, CO Metro Area",1086263,1800
310M100US19780,19780,"Des Moines-West Des Moines, IA Metro Area",245326,612
310M100US19820,19820,"Detroit-Warren-Livonia, MI Metro Area",1882885,1143
310M100US20020,20020,"Dothan, AL Metro Area",67343,323
310M100US20100,20100,"Dover, DE Metro Area",66555,368
310M100US20220,20220,"Dubuque, IA Metro Area",39773,416
310M100US20260,20260,"Duluth, MN-WI Metro Area",141593,785
310M100US20500,20500,"Durham-Chapel Hill, NC Metro Area",226261,1173
310M100US20740,20740,"Eau Claire, WI Metro Area",69748,556
310M100US20940,20940,"El Centro, CA Metro Area",56117,412
310M100US21060,21060,"Elizabethtown, KY Metro Area",51480,761
310M100US21140,21140,"Elkhart-Goshen, IN Metro Area",77735,415
310M100US21300,21300,"Elmira, NY Metro Area",38335,515
310M100US21340,21340,"El Paso, TX Metro Area",278742,786
310M100US21500,21500,"Erie, PA Metro Area",119404,691
310M100US21660,21660,"Eugene-Springfield, OR Metro Area",156535,955
310M100US21780,21780,"Evansville, IN-KY Metro Area",159976,994
310M100US21820,21820,"Fairbanks, AK Metro Area",41694,394
310M100US22020,22020,"Fargo, ND-MN Metro Area",94985,488
310M100US22140,22140,"Farmington, NM Metro Area",49589,246
310M100US22180,22180,"Fayetteville, NC Metro Area",159794,726
310M100US22220,22220,"Fayetteville-Springdale-Rogers, AR-MO Metro Area",199935,1337
310M100US22380,22380,"Flagstaff, AZ Metro Area",63818,780
310M100US22420,22420,"Flint, MI Metro Area",191196,690
310M100US22500,22500,"Florence, SC Metro Area",89237,390
310M100US22520,22520,"Florence-Muscle Shoals, AL Metro Area",69887,334
310M100US22540,22540,"Fond du Lac, WI Metro Area",44149,402
310M100US22660,22660,"Fort Collins-Loveland, CO Metro Area",134704,756
310M100US22900,22900,"Fort Smith, AR-OK Metro Area",130172,832
310M100US23060,23060,"Fort Wayne, IN Metro Area",179016,414
310M100US23420,23420,"Fresno, CA Metro Area",318451,592
310M100US23460,23460,"Gadsden, AL Metro Area",47484,229
310M100US23540,23540,"Gainesville, FL Metro Area",120580,1318
310M100US23580,23580,"Gainesville, GA Metro Area",68919,228
310M100US24020,24020,"Glens Falls, NY Metro Area",67784,334
310M100US24140,24140,"Goldsboro, NC Metro Area",53080,333
310M100US24220,24220,"Grand Forks, ND-MN Metro Area",44518,559
310M100US24300,24300,"Grand Junction, CO Metro Area",63161,548
310M100US24340,24340,"Grand Rapids-Wyoming, MI Metro Area",323761,708
310M100US24500,24500,"Great Falls, MT Metro Area",37443,386
310M100US24540,24540,"Greeley, CO Metro Area",97525,829
310M100US24580,24580,"Green Bay, WI Metro Area",138702,474
310M100US24660,24660,"Greensboro-High Point, NC Metro Area",325407,845
310M100US24780,24780,"Greenville, NC Metro Area",83561,952
310M100US24860,24860,"Greenville-Mauldin-Easley, SC Metro Area",279296,1091
310M100US25060,25060,"Gulfport-Biloxi, MS Metro Area",118776,1059
310M100US25180,25180,"Hagerstown-Martinsburg, MD-WV Metro Area",116023,1189
310M100US25260,25260,"Hanford-Corcoran, CA Metro Area",44193,446
310M100US25420,25420,"Harrisburg-Carlisle, PA Metro Area",242554,690
310M100US25500,25500,"Harrisonburg, VA Metro Area",51711,529
310M100US25540,25540,"Hartford-West Hartford-East Hartford, CT Metro Area",507150,1175
310M100US25620,25620,"Hattiesburg, MS Metro Area",61589,851
310M100US25860,25860,"Hickory-Lenoir-Morganton, NC Metro Area",162437,717
310M100US25980,25980,"Hinesville-Fort Stewart, GA Metro Area",33877,1258
310M100US26100,26100,"Holland-Grand Haven, MI Metro Area",103102,759
310M100US26180,26180,"Honolulu, HI Metro Area",339422,429
310M100US26300,26300,"Hot Springs, AR Metro Area",50531,293
310M100US26380,26380,"Houma-Bayou Cane-Thibodaux, LA Metro Area",83200,431
310M100US26420,26420,"Houston-Sugar Land-Baytown, TX Metro Area",2363507,2618
310M100US26580,26580,"Huntington-Ashland, WV-KY-OH Metro Area",130981,571
310M100US26620,26620,"Huntsville, AL Metro Area",185754,738
310M100US26820,26820,"Idaho Falls, ID Metro Area",48900,288
310M100US26900,26900,"Indianapolis-Carmel, IN Metro Area",766175,1229
310M100US26980,26980,"Iowa City, IA Metro Area",66625,939
310M100US27060,27060,"Ithaca, NY Metro Area",41765,806
310M100US27100,27100,"Jackson, MI Metro Area",69145,439
310M100US27140,27140,"Jackson, MS Metro Area",225413,1350
310M100US27180,27180,"Jackson, TN Metro Area",49260,719
310M100US27260,27260,"Jacksonville, FL Metro Area",603371,1549
310M100US27340,27340,"Jacksonville, NC Metro Area",72614,375
310M100US27500,27500,"Janesville, WI Metro Area",68306,366
310M100US27620,27620,"Jefferson City, MO Metro Area",64351,951
310M100US27740,27740,"Johnson City, TN Metro Area",94818,948
310M100US27780,27780,"Johnstown, PA Metro Area",65397,693
310M100US27860,27860,"Jonesboro, AR Metro Area",52737,380
310M100US27900,27900,"Joplin, MO Metro Area",75134,306
310M100US28020,28020,"Kalamazoo-Portage, MI Metro Area",146650,650
310M100US28100,28100,"Kankakee-Bradley, IL Metro Area",45152,487
310M100US28140,28140,"Kansas City, MO-KS Metro Area",885586,1386
310M100US28420,28420,"Kennewick-Pasco-Richland, WA Metro Area",96339,586
310M100US28660,28660,"Killeen-Temple-Fort Hood, TX Metro Area",164304,1197
310M100US28700,28700,"Kingsport-Bristol-Bristol, TN-VA Metro Area",147095,944
310M100US28740,28740,"Kingston, NY Metro Area",83706,1359
310M100US28940,28940,"Knoxville, TN Metro Area",318109,1260
310M100US29020,29020,"Kokomo, IN Metro Area",45626,673
310M100US29100,29100,"La Crosse, WI-MN Metro Area",57374,570
310M100US29140,29140,"Lafayette, IN Metro Area",85741,1027
310M100US29180,29180,"Lafayette, LA Metro Area",117313,592
310M100US29340,29340,"Lake Charles, LA Metro Area",87483,650
310M100US29420,29420,"Lake Havasu City-Kingman, AZ Metro Area",111481,1320
310M100US29460,29460,"Lakeland-Winter Haven, FL Metro Area",281407,1427
310M100US29540,29540,"Lancaster, PA Metro Area",204755,692
310M100US29620,29620,"Lansing-East Lansing, MI Metro Area",199079,1007
310M100US29700,29700,"Laredo, TX Metro Area",75054,517
310M100US29740,29740,"Las Cruces, NM Metro Area",82918,426
310M100US29820,29820,"Las Vegas-Paradise, NV Metro Area",849347,562
310M100US29940,29940,"Lawrence, KS Metro Area",47371,557
310M100US30020,30020,"Lawton, OK Metro Area",51295,441
310M100US30140,30140,"Lebanon, PA Metro Area",55755,336
310M100US30300,30300,"Lewiston, ID-WA Metro Area",26956,726
310M100US30340,30340,"Lewiston-Auburn, ME Metro Area",49156,335
310M100US30460,30460,"Lexington-Fayette, KY Metro Area",211522,1027
310M100US30620,30620,"Lima, OH Metro Area",44883,341
310M100US30700,30700,"Lincoln, NE Metro Area",129452,996
310M100US30780,30780,"Little Rock-North Little Rock-Conway, AR Metro Area",312301,1149
310M100US30860,30860,"Logan, UT-ID Metro Area",42673,492
310M100US30980,30980,"Longview, TX Metro Area",88137,539
310M100US31020,31020,"Longview, WA Metro Area",43419,276
310M100US31100,31100,"Los Angeles-Long Beach-Santa Ana, CA Metro Area",4497179,2144
310M100US31140,31140,"Louisville/Jefferson County, KY-IN Metro Area",562932,1662
310M100US31180,31180,"Lubbock, TX Metro Area",120563,925
310M100US31340,31340,"Lynchburg, VA Metro Area",113005,1257
310M100US31420,31420,"Macon, GA Metro Area",101972,1119
310M100US31460,31460,"Madera-Chowchilla, CA Metro Area",49422,382
310M100US31540,31540,"Madison, WI Metro Area",254681,1209
310M100US31700,31700,"Manchester-Nashua, NH Metro Area",166755,605
310M100US31740,31740,"Manhattan, KS Metro Area",52871,664
310M100US31860,31860,"Mankato-North Mankato, MN Metro Area",39477,632
310M100US31900,31900,"Mansfield, OH Metro Area",54373,539
310M100US32580,32580,"McAllen-Edinburg-Mission, TX Metro Area",254809,454
310M100US32780,32780,"Medford, OR Metro Area",91186,358
310M100US32820,32820,"Memphis, TN-MS-AR Metro Area",553512,1076
310M100US32900,32900,"Merced, CA Metro Area",83571,1069
310M100US33100,33100,"Miami-Fort Lauderdale-Pompano Beach, FL Metro Area",2469418,1703
310M100US33140,33140,"Michigan City-La Porte, IN Metro Area",48552,595
310M100US33260,33260,"Midland, TX Metro Area",55223,269
310M100US33340,33340,"Milwaukee-Waukesha-West Allis, WI Metro Area",670195,899
310M100US33460,33460,"Minneapolis-St. Paul-Bloomington, MN-WI Metro Area",1366489,1643
310M100US33540,33540,"Missoula, MT Metro Area",50730,351
310M100US33660,33660,"Mobile, AL Metro Area",180484,1145
310M100US33700,33700,"Modesto, CA Metro Area",179199,461
310M100US33740,33740,"Monroe, LA Metro Area",78250,1181
310M100US33780,33780,"Monroe, MI Metro Area",62813,204
310M100US33860,33860,"Montgomery, AL Metro Area",163262,982
310M100US34060,34060,"Morgantown, WV Metro Area",58905,708
310M100US34100,34100,"Morristown, TN Metro Area",61550,1024
310M100US34580,34580,"Mount Vernon-Anacortes, WA Metro Area",51611,274
310M100US34620,34620,"Muncie, IN Metro Area",52175,705
310M100US34740,34740,"Muskegon-Norton Shores, MI Metro Area",73314,441
310M100US34820,34820,"Myrtle Beach-North Myrtle Beach-Conway, SC Metro Area",188590,427
310M100US34900,34900,"Napa, CA Metro Area",54736,595
310M100US34940,34940,"Naples-Marco Island, FL Metro Area",199397,754
310M100US34980,34980,"Nashville-Davidson--Murfreesboro--Franklin, TN Metro Area",677223,1778
310M100US35300,35300,"New Haven-Milford, CT Metro Area",361884,956
310M100US35380,35380,"New Orleans-Metairie-Kenner, LA Metro Area",541277,1016
310M100US35620,35620,"New York-Northern New Jersey-Long Island, NY-NJ-PA Metro Area",7554367,3807
310M100US35660,35660,"Niles-Benton Harbor, MI Metro Area",76725,758
310M100US35840,35840,"North Port-Bradenton-Sarasota, FL Metro Area",403561,767
310M100US35980,35980,"Norwich-New London, CT Metro Area",120993,429
310M100US36100,36100,"Ocala, FL Metro Area",163729,479
310M100US36140,36140,"Ocean City, NJ Metro Area",98653,376
310M100US36220,36220,"Odessa, TX Metro Area",54309,301
310M100US36260,36260,"Ogden-Clearfield, UT Metro Area",189581,747
310M100US36420,36420,"Oklahoma City, OK Metro Area",544644,1265
310M100US36500,36500,"Olympia, WA Metro Area",110057,476
310M100US36540,36540,"Omaha-Council Bluffs, NE-IA Metro Area",367763,819
310M100US36740,36740,"Orlando-Kissimmee-Sanford, FL Metro Area",950754,1423
310M100US36780,36780,"Oshkosh-Neenah, WI Metro Area",73780,663
310M100US36980,36980,"Owensboro, KY Metro Area",50096,658
310M100US37100,37100,"Oxnard-Thousand Oaks-Ventura, CA Metro Area",281700,558
310M100US37340,37340,"Palm Bay-Melbourne-Titusville, FL Metro Area",270773,511
310M100US37380,37380,"Palm Coast, FL Metro Area",48918,146
310M100US37460,37460,"Panama City-Lynn Haven-Panama City Beach, FL Metro Area",99790,455
310M100US37620,37620,"Parkersburg-Marietta-Vienna, WV-OH Metro Area",75578,733
310M100US37700,37700,"Pascagoula, MS Metro Area",69799,1028
310M100US37860,37860,"Pensacola-Ferry Pass-Brent, FL Metro Area",203515,1039
310M100US37900,37900,"Peoria, IL Metro Area",164543,695
310M100US37980,37980,"Philadelphia-Camden-Wilmington, PA-NJ-DE-MD Metro Area",2437382,2677
310M100US38060,38060,"Phoenix-Mesa-Glendale, AZ Metro Area",1817083,1260
310M100US38220,38220,"Pine Bluff, AR Metro Area",42051,836
310M100US38300,38300,"Pittsburgh, PA Metro Area",1102289,1960
310M100US38340,38340,"Pittsfield, MA Metro Area",68349,529
310M100US38540,38540,"Pocatello, ID Metro Area",36453,573
310M100US38860,38860,"Portland-South Portland-Biddeford, ME Metro Area",263856,552
310M100US38900,38900,"Portland-Vancouver-Hillsboro, OR-WA Metro Area",931271,1399
310M100US38940,38940,"Port St. Lucie, FL Metro Area",215315,484
310M100US39100,39100,"Poughkeepsie-Newburgh-Middletown, NY Metro Area",257082,1115
310M100US39140,39140,"Prescott, AZ Metro Area",111258,426
310M100US39300,39300,"Providence-New Bedford-Fall River, RI-MA Metro Area",692922,860
310M100US39340,39340,"Provo-Orem, UT Metro Area",155556,704
310M100US39380,39380,"Pueblo, CO Metro Area",69591,440
310M100US39460,39460,"Punta Gorda, FL Metro Area",100918,477
310M100US39540,39540,"Racine, WI Metro Area",82170,626
310M100US39580,39580,"Raleigh-Cary, NC Metro Area",476659,1363
310M100US39660,39660,"Rapid City, SD Metro Area",57053,921
310M100US39740,39740,"Reading, PA Metro Area",164689,533
310M100US39820,39820,"Redding, CA Metro Area",77308,313
310M100US39900,39900,"Reno-Sparks, NV Metro Area",187575,689
310M100US40060,40060,"Richmond, VA Metro Area",534929,2746
310M100US40140,40140,"Riverside-San Bernardino-Ontario, CA Metro Area",1505250,1438
310M100US40220,40220,"Roanoke, VA Metro Area",145689,1461
310M100US40340,40340,"Rochester, MN Metro Area",78975,517
310M100US40380,40380,"Rochester, NY Metro Area",456171,1333
310M100US40420,40420,"Rockford, IL Metro Area",145731,315
310M100US40580,40580,"Rocky Mount, NC Metro Area",67104,328
310M100US40660,40660,"Rome, GA Metro Area",40485,355
310M100US40900,40900,"Sacramento--Arden-Arcade--Roseville, CA Metro Area",874070,1135
310M100US40980,40980,"Saginaw-Saginaw Township North, MI Metro Area",86636,514
310M100US41060,41060,"St. Cloud, MN Metro Area",78505,725
310M100US41100,41100,"St. George, UT Metro Area",59405,409
310M100US41140,41140,"St. Joseph, MO-KS Metro Area",53657,601
310M100US41180,41180,"St. Louis, MO-IL Metro Area",1240345,1480
310M100US41420,41420,"Salem, OR Metro Area",152054,731
310M100US41500,41500,"Salinas, CA Metro Area",138871,517
310M100US41540,41540,"Salisbury, MD Metro Area",52310,2294
310M100US41620,41620,"Salt Lake City, UT Metro Area",415896,649
310M100US41660,41660,"San Angelo, TX Metro Area",47723,974
310M100US41700,41700,"San Antonio-New Braunfels, TX Metro Area",851567,1694
310M100US41740,41740,"San Diego-Carlsbad-San Marcos, CA Metro Area",1169225,1389
310M100US41780,41780,"Sandusky, OH Metro Area",37730,233
310M100US41860,41860,"San Francisco-Oakland-Fremont, CA Metro Area",1743711,1772
310M100US41940,41940,"San Jose-Sunnyvale-Santa Clara, CA Metro Area",654168,1166
310M100US42020,42020,"San Luis Obispo-Paso Robles, CA Metro Area",117552,845
310M100US42060,42060,"Santa Barbara-Santa Maria-Goleta, CA Metro Area",152699,726
310M100US42100,42100,"Santa Cruz-Watsonville, CA Metro Area",104286,642
310M100US42140,42140,"Santa Fe, NM Metro Area",71567,614
310M100US42220,42220,"Santa Rosa-Petaluma, CA Metro Area",204760,1016
310M100US42340,42340,"Savannah, GA Metro Area",152992,1156
310M100US42540,42540,"Scranton--Wilkes-Barre, PA Metro Area",258435,942
310M100US42660,42660,"Seattle-Tacoma-Bellevue, WA Metro Area",1478935,1272
310M100US42680,42680,"Sebastian-Vero Beach, FL Metro Area",76734,258
310M100US43100,43100,"Sheboygan, WI Metro Area",50640,224
310M100US43300,43300,"Sherman-Denison, TX Metro Area",54021,260
310M100US43340,43340,"Shreveport-Bossier City, LA Metro Area",176205,497
310M100US43580,43580,"Sioux City, IA-NE-SD Metro Area",59110,743
310M100US43620,43620,"Sioux Falls, SD Metro Area",97908,589
310M100US43780,43780,"South Bend-Mishawaka, IN-MI Metro Area",140839,528
310M100US43900,43900,"Spartanburg, SC Metro Area",123161,512
310M100US44060,44060,"Spokane, WA Metro Area",204024,984
310M100US44100,44100,"Springfield, IL Metro Area",95716,645
310M100US44140,44140,"Springfield, MA Metro Area",288112,1128
310M100US44180,44180,"Springfield, MO Metro Area",193682,1093
310M100US44220,44220,"Springfield, OH Metro Area",61260,305
310M100US44300,44300,"State College, PA Metro Area",63743,634
310M100US44600,44600,"Steubenville-Weirton, OH-WV Metro Area",57282,907
310M100US44700,44700,"Stockton, CA Metro Area",234605,581
310M100US44940,44940,"Sumter, SC Metro Area",46461,233
310M100US45060,45060,"Syracuse, NY Metro Area",288598,1314
310M100US45220,45220,"Tallahassee, FL Metro Area",163754,1627
310M100US45300,45300,"Tampa-St. Petersburg-Clearwater, FL Metro Area",1359858,1337
310M100US45460,45460,"Terre Haute, IN Metro Area",74432,1073
310M100US45500,45500,"Texarkana, TX-Texarkana, AR Metro Area",58267,663
310M100US45780,45780,"Toledo, OH Metro Area",300939,894
310M100US45820,45820,"Topeka, KS Metro Area",103975,536
310M100US45940,45940,"Trenton-Ewing, NJ Metro Area",144051,1341
310M100US46060,46060,"Tucson, AZ Metro Area",444349,1104
310M100US46140,46140,"Tulsa, OK Metro Area",414786,742
310M100US46220,46220,"Tuscaloosa, AL Metro Area",98715,1129
310M100US46340,46340,"Tyler, TX Metro Area",87755,346
310M100US46540,46540,"Utica-Rome, NY Metro Area",137314,703
310M100US46660,46660,"Valdosta, GA Metro Area",57433,1096
310M100US46700,46700,"Vallejo-Fairfield, CA Metro Area",153035,612
310M100US47020,47020,"Victoria, TX Metro Area",50124,884
310M100US47220,47220,"Vineland-Millville-Bridgeton, NJ Metro Area",56242,738
310M100US47260,47260,"Virginia Beach-Norfolk-Newport News, VA-NC Metro Area",692137,2265
310M100US47300,47300,"Visalia-Porterville, CA Metro Area",143458,361
310M100US47380,47380,"Waco, TX Metro Area",96063,707
310M100US47580,47580,"Warner Robins, GA Metro Area",59469,281
310M100US47900,47900,"Washington-Arlington-Alexandria, DC-VA-MD-WV Metro Area",2241288,2146
310M100US47940,47940,"Waterloo-Cedar Falls, IA Metro Area",71771,682
310M100US48140,48140,"Wausau, WI Metro Area",58011,375
310M100US48300,48300,"Wenatchee-East Wenatchee, WA Metro Area",51755,334
310M100US48540,48540,"Wheeling, WV-OH Metro Area",69259,594
310M100US48620,48620,"Wichita, KS Metro Area",264342,652
310M100US48660,48660,"Wichita Falls, TX Metro Area",64959,1336
310M100US48700,48700,"Williamsport, PA Metro Area",52533,449
310M100US48900,48900,"Wilmington, NC Metro Area",208373,795
310M100US49020,49020,"Winchester, VA-WV Metro Area",57170,1418
310M100US49180,49180,"Winston-Salem, NC Metro Area",216006,635
310M100US49340,49340,"Worcester, MA Metro Area",327427,995
310M100US49420,49420,"Yakima, WA Metro Area",86032,543
310M100US49620,49620,"York-Hanover, PA Metro Area",179687,719
310M100US49660,49660,"Youngstown-Warren-Boardman, OH-PA Metro Area",258806,1098
310M100US49700,49700,"Yuba City, CA Metro Area",61489,296
310M100US49740,49740,"Yuma, AZ Metro Area",88972,708
