GEO.id,GEO.id2,GEO.display-label,HD01_VD01,HD02_VD01
Id,Id2,Geography,Estimate; Total,Margin of Error; Total
310M200US10180,10180,"Abilene, TX Metro Area",166900,2419
310M200US10420,10420,"Akron, OH Metro Area",703825,*****
310M200US10500,10500,"Albany, GA Metro Area",152596,1637
310M200US10540,10540,"Albany, OR Metro Area",119356,*****
310M200US10580,10580,"Albany-Schenectady-Troy, NY Metro Area",880167,*****
310M200US10740,10740,"Albuquerque, NM Metro Area",905213,2468
310M200US10780,10780,"Alexandria, LA Metro Area",154872,*****
310M200US10900,10900,"Allentown-Bethlehem-Easton, PA-NJ Metro Area",829835,*****
310M200US11020,11020,"Altoona, PA Metro Area",125955,*****
310M200US11100,11100,"Amarillo, TX Metro Area",261752,2264
310M200US11180,11180,"Ames, IA Metro Area",94073,*****
310M200US11260,11260,"Anchorage, AK Metro Area",398892,*****
310M200US11460,11460,"Ann Arbor, MI Metro Area",356874,*****
310M200US11500,11500,"Anniston-Oxford-Jacksonville, AL Metro Area",115916,*****
310M200US11540,11540,"Appleton, WI Metro Area",231497,*****
310M200US11700,11700,"Asheville, NC Metro Area",442316,*****
310M200US12020,12020,"Athens-Clarke County, GA Metro Area",197268,1997
310M200US12060,12060,"Atlanta-Sandy Springs-Roswell, GA Metro Area",5611829,3945
310M200US12100,12100,"Atlantic City-Hammonton, NJ Metro Area",275209,*****
310M200US12220,12220,"Auburn-Opelika, AL Metro Area",154255,*****
310M200US12260,12260,"Augusta-Richmond County, GA-SC Metro Area",583010,1296
310M200US12420,12420,"Austin-Round Rock, TX Metro Area",1943299,*****
310M200US12540,12540,"Bakersfield, CA Metro Area",874589,*****
310M200US12580,12580,"Baltimore-Columbia-Towson, MD Metro Area",2785874,*****
310M200US12620,12620,"Bangor, ME Metro Area",153414,*****
310M200US12700,12700,"Barnstable Town, MA Metro Area",214914,*****
310M200US12940,12940,"Baton Rouge, LA Metro Area",825478,*****
310M200US12980,12980,"Battle Creek, MI Metro Area",134878,*****
310M200US13020,13020,"Bay City, MI Metro Area",106179,*****
310M200US13140,13140,"Beaumont-Port Arthur, TX Metro Area",403958,2235
310M200US13220,13220,"Beckley, WV Metro Area",123373,*****
310M200US13380,13380,"Bellingham, WA Metro Area",208351,*****
310M200US13460,13460,"Bend-Redmond, OR Metro Area",170388,*****
310M200US13740,13740,"Billings, MT Metro Area",167521,1049
310M200US13780,13780,"Binghamton, NY Metro Area",247219,*****
310M200US13820,13820,"Birmingham-Hoover, AL Metro Area",1143772,*****
310M200US13900,13900,"Bismarck, ND Metro Area",126526,1057
310M200US13980,13980,"Blacksburg-Christiansburg-Radford, VA Metro Area",181249,3321
310M200US14010,14010,"Bloomington, IL Metro Area",188917,1331
310M200US14020,14020,"Bloomington, IN Metro Area",164308,*****
310M200US14100,14100,"Bloomsburg-Berwick, PA Metro Area",85763,*****
310M200US14260,14260,"Boise City, ID Metro Area",666144,2914
310M200US14460,14460,"Boston-Cambridge-Newton, MA-NH Metro Area",4732161,*****
310M200US14500,14500,"Boulder, CO Metro Area",313333,*****
310M200US14540,14540,"Bowling Green, KY Metro Area",165928,2483
310M200US14740,14740,"Bremerton-Silverdale, WA Metro Area",254183,*****
310M200US14860,14860,"Bridgeport-Stamford-Norwalk, CT Metro Area",945438,*****
310M200US15180,15180,"Brownsville-Harlingen, TX Metro Area",420392,*****
310M200US15260,15260,"Brunswick, GA Metro Area",112663,3630
310M200US15380,15380,"Buffalo-Cheektowaga-Niagara Falls, NY Metro Area",1136360,*****
310M200US15500,15500,"Burlington, NC Metro Area",155792,*****
310M200US15540,15540,"Burlington-South Burlington, VT Metro Area",215824,740
310M200US15680,15680,"California-Lexington Park, MD Metro Area",110382,*****
310M200US15940,15940,"Canton-Massillon, OH Metro Area",403923,*****
310M200US15980,15980,"Cape Coral-Fort Myers, FL Metro Area",679513,*****
310M200US16020,16020,"Cape Girardeau, MO-IL Metro Area",97612,2319
310M200US16060,16060,"Carbondale-Marion, IL Metro Area",126685,*****
310M200US16180,16180,"Carson City, NV Metro Area",54522,*****
310M200US16220,16220,"Casper, WY Metro Area",81624,*****
310M200US16300,16300,"Cedar Rapids, IA Metro Area",263885,*****
310M200US16540,16540,"Chambersburg-Waynesboro, PA Metro Area",152892,*****
310M200US16580,16580,"Champaign-Urbana, IL Metro Area",238680,1331
310M200US16620,16620,"Charleston, WV Metro Area",223371,1526
310M200US16700,16700,"Charleston-North Charleston, SC Metro Area",727689,*****
310M200US16740,16740,"Charlotte-Concord-Gastonia, NC-SC Metro Area",2380314,*****
310M200US16820,16820,"Charlottesville, VA Metro Area",227738,2785
310M200US16860,16860,"Chattanooga, TN-GA Metro Area",543153,2970
310M200US16940,16940,"Cheyenne, WY Metro Area",96389,*****
310M200US16980,16980,"Chicago-Naperville-Elgin, IL-IN-WI Metro Area",9553810,1375
310M200US17020,17020,"Chico, CA Metro Area",224241,*****
310M200US17140,17140,"Cincinnati, OH-KY-IN Metro Area",2149971,3833
310M200US17300,17300,"Clarksville, TN-KY Metro Area",279593,1848
310M200US17420,17420,"Cleveland, TN Metro Area",118959,2123
310M200US17460,17460,"Cleveland-Elyria, OH Metro Area",2063598,*****
310M200US17660,17660,"Coeur d'Alene, ID Metro Area",147326,*****
310M200US17780,17780,"College Station-Bryan, TX Metro Area",239953,3319
310M200US17820,17820,"Colorado Springs, CO Metro Area",686908,*****
310M200US17860,17860,"Columbia, MO Metro Area",172717,*****
310M200US17900,17900,"Columbia, SC Metro Area",800752,2164
310M200US17980,17980,"Columbus, GA-AL Metro Area",312731,2293
310M200US18020,18020,"Columbus, IN Metro Area",80217,*****
310M200US18140,18140,"Columbus, OH Metro Area",1994536,*****
310M200US18580,18580,"Corpus Christi, TX Metro Area",443480,2417
310M200US18700,18700,"Corvallis, OR Metro Area",86316,*****
310M200US18880,18880,"Crestview-Fort Walton Beach-Destin, FL Metro Area",258042,*****
310M200US19060,19060,"Cumberland, MD-WV Metro Area",100530,*****
310M200US19100,19100,"Dallas-Fort Worth-Arlington, TX Metro Area",6954003,2223
310M200US19140,19140,"Dalton, GA Metro Area",142952,*****
310M200US19180,19180,"Danville, IL Metro Area",79728,*****
310M200US19300,19300,"Daphne-Fairhope-Foley, AL Metro Area",200111,*****
310M200US19340,19340,"Davenport-Moline-Rock Island, IA-IL Metro Area",382382,1034
310M200US19380,19380,"Dayton, OH Metro Area",800836,*****
310M200US19460,19460,"Decatur, AL Metro Area",153084,*****
310M200US19500,19500,"Decatur, IL Metro Area",108350,*****
310M200US19660,19660,"Deltona-Daytona Beach-Ormond Beach, FL Metro Area",609939,*****
310M200US19740,19740,"Denver-Aurora-Lakewood, CO Metro Area",2754258,*****
310M200US19780,19780,"Des Moines-West Des Moines, IA Metro Area",611549,*****
310M200US19820,19820,"Detroit-Warren-Dearborn, MI Metro Area",4296611,*****
310M200US20020,20020,"Dothan, AL Metro Area",148095,*****
310M200US20100,20100,"Dover, DE Metro Area",171987,*****
310M200US20220,20220,"Dubuque, IA Metro Area",96370,*****
310M200US20260,20260,"Duluth, MN-WI Metro Area",280218,*****
310M200US20500,20500,"Durham-Chapel Hill, NC Metro Area",542710,*****
310M200US20700,20700,"East Stroudsburg, PA Metro Area",166314,*****
310M200US20740,20740,"Eau Claire, WI Metro Area",165024,*****
310M200US20940,20940,"El Centro, CA Metro Area",179091,*****
310M200US21060,21060,"Elizabethtown-Fort Knox, KY Metro Area",151491,1678
310M200US21140,21140,"Elkhart-Goshen, IN Metro Area",201971,*****
310M200US21300,21300,"Elmira, NY Metro Area",87770,*****
310M200US21340,21340,"El Paso, TX Metro Area",836444,1691
310M200US21500,21500,"Erie, PA Metro Area",278443,*****
310M200US21660,21660,"Eugene, OR Metro Area",358337,*****
310M200US21780,21780,"Evansville, IN-KY Metro Area",315162,*****
310M200US21820,21820,"Fairbanks, AK Metro Area",99357,*****
310M200US22020,22020,"Fargo, ND-MN Metro Area",228291,*****
310M200US22140,22140,"Farmington, NM Metro Area",123785,*****
310M200US22180,22180,"Fayetteville, NC Metro Area",377939,*****
310M200US22220,22220,"Fayetteville-Springdale-Rogers, AR-MO Metro Area",503046,3403
310M200US22380,22380,"Flagstaff, AZ Metro Area",137682,*****
310M200US22420,22420,"Flint, MI Metro Area",412895,*****
310M200US22500,22500,"Florence, SC Metro Area",207030,*****
310M200US22520,22520,"Florence-Muscle Shoals, AL Metro Area",147639,*****
310M200US22540,22540,"Fond du Lac, WI Metro Area",101759,*****
310M200US22660,22660,"Fort Collins, CO Metro Area",324122,*****
310M200US22900,22900,"Fort Smith, AR-OK Metro Area",279592,*****
310M200US23060,23060,"Fort Wayne, IN Metro Area",427183,*****
310M200US23420,23420,"Fresno, CA Metro Area",965974,*****
310M200US23460,23460,"Gadsden, AL Metro Area",103531,*****
310M200US23540,23540,"Gainesville, FL Metro Area",272994,1958
310M200US23580,23580,"Gainesville, GA Metro Area",190761,*****
310M200US23900,23900,"Gettysburg, PA Metro Area",101714,*****
310M200US24020,24020,"Glens Falls, NY Metro Area",127345,*****
310M200US24140,24140,"Goldsboro, NC Metro Area",124456,*****
310M200US24220,24220,"Grand Forks, ND-MN Metro Area",101842,*****
310M200US24260,24260,"Grand Island, NE Metro Area",84467,688
310M200US24300,24300,"Grand Junction, CO Metro Area",148255,*****
310M200US24340,24340,"Grand Rapids-Wyoming, MI Metro Area",1027703,*****
310M200US24420,24420,"Grants Pass, OR Metro Area",83599,*****
310M200US24500,24500,"Great Falls, MT Metro Area",82344,*****
310M200US24540,24540,"Greeley, CO Metro Area",277670,*****
310M200US24580,24580,"Green Bay, WI Metro Area",314531,*****
310M200US24660,24660,"Greensboro-High Point, NC Metro Area",746593,*****
310M200US24780,24780,"Greenville, NC Metro Area",175354,*****
310M200US24860,24860,"Greenville-Anderson-Mauldin, SC Metro Area",862463,*****
310M200US25060,25060,"Gulfport-Biloxi-Pascagoula, MS Metro Area",386144,*****
310M200US25180,25180,"Hagerstown-Martinsburg, MD-WV Metro Area",260070,*****
310M200US25220,25220,"Hammond, LA Metro Area",127049,*****
310M200US25260,25260,"Hanford-Corcoran, CA Metro Area",150269,*****
310M200US25420,25420,"Harrisburg-Carlisle, PA Metro Area",560849,*****
310M200US25500,25500,"Harrisonburg, VA Metro Area",130649,*****
310M200US25540,25540,"Hartford-West Hartford-East Hartford, CT Metro Area",1214295,*****
310M200US25620,25620,"Hattiesburg, MS Metro Area",149312,1876
310M200US25860,25860,"Hickory-Lenoir-Morganton, NC Metro Area",362896,*****
310M200US25940,25940,"Hilton Head Island-Bluffton-Beaufort, SC Metro Area",203022,*****
310M200US25980,25980,"Hinesville, GA Metro Area",82768,2606
310M200US26140,26140,"Homosassa Springs, FL Metro Area",139377,*****
310M200US26300,26300,"Hot Springs, AR Metro Area",97322,*****
310M200US26380,26380,"Houma-Thibodaux, LA Metro Area",211348,*****
310M200US26420,26420,"Houston-The Woodlands-Sugar Land, TX Metro Area",6490180,*****
310M200US26580,26580,"Huntington-Ashland, WV-KY-OH Metro Area",363325,*****
310M200US26620,26620,"Huntsville, AL Metro Area",441086,*****
310M200US26820,26820,"Idaho Falls, ID Metro Area",138403,668
310M200US26900,26900,"Indianapolis-Carmel-Anderson, IN Metro Area",1972241,2058
310M200US26980,26980,"Iowa City, IA Metro Area",164357,*****
310M200US27060,27060,"Ithaca, NY Metro Area",104691,*****
310M200US27100,27100,"Jackson, MI Metro Area",159741,*****
310M200US27140,27140,"Jackson, MS Metro Area",576246,2228
310M200US27180,27180,"Jackson, TN Metro Area",130225,*****
310M200US27260,27260,"Jacksonville, FL Metro Area",1419127,*****
310M200US27340,27340,"Jacksonville, NC Metro Area",187589,*****
310M200US27500,27500,"Janesville-Beloit, WI Metro Area",161188,*****
310M200US27620,27620,"Jefferson City, MO Metro Area",150131,2342
310M200US27740,27740,"Johnson City, TN Metro Area",201750,1729
310M200US27780,27780,"Johnstown, PA Metro Area",137732,*****
310M200US27860,27860,"Jonesboro, AR Metro Area",126764,*****
310M200US27900,27900,"Joplin, MO Metro Area",176141,*****
310M200US27980,27980,"Kahului-Wailuku-Lahaina, HI Metro Area",163108,*****
310M200US28020,28020,"Kalamazoo-Portage, MI Metro Area",334017,*****
310M200US28100,28100,"Kankakee, IL Metro Area",111375,*****
310M200US28140,28140,"Kansas City, MO-KS Metro Area",2070221,1662
310M200US28420,28420,"Kennewick-Richland, WA Metro Area",274295,*****
310M200US28660,28660,"Killeen-Temple, TX Metro Area",425239,2113
310M200US28700,28700,"Kingsport-Bristol-Bristol, TN-VA Metro Area",308590,1764
310M200US28740,28740,"Kingston, NY Metro Area",180445,*****
310M200US28940,28940,"Knoxville, TN Metro Area",857385,1489
310M200US29020,29020,"Kokomo, IN Metro Area",82982,*****
310M200US29100,29100,"La Crosse-Onalaska, WI-MN Metro Area",136749,*****
310M200US29180,29180,"Lafayette, LA Metro Area",484974,*****
310M200US29200,29200,"Lafayette-West Lafayette, IN Metro Area",211515,1447
310M200US29340,29340,"Lake Charles, LA Metro Area",204059,1814
310M200US29420,29420,"Lake Havasu City-Kingman, AZ Metro Area",203361,*****
310M200US29460,29460,"Lakeland-Winter Haven, FL Metro Area",634638,*****
310M200US29540,29540,"Lancaster, PA Metro Area",533320,*****
310M200US29620,29620,"Lansing-East Lansing, MI Metro Area",470458,*****
310M200US29700,29700,"Laredo, TX Metro Area",266673,*****
310M200US29740,29740,"Las Cruces, NM Metro Area",213676,*****
310M200US29820,29820,"Las Vegas-Henderson-Paradise, NV Metro Area",2069681,*****
310M200US29940,29940,"Lawrence, KS Metro Area",116585,*****
310M200US30020,30020,"Lawton, OK Metro Area",131395,775
310M200US30140,30140,"Lebanon, PA Metro Area",136359,*****
310M200US30300,30300,"Lewiston, ID-WA Metro Area",62196,*****
310M200US30340,30340,"Lewiston-Auburn, ME Metro Area",107440,*****
310M200US30460,30460,"Lexington-Fayette, KY Metro Area",494189,*****
310M200US30620,30620,"Lima, OH Metro Area",105040,*****
310M200US30700,30700,"Lincoln, NE Metro Area",320227,1204
310M200US30780,30780,"Little Rock-North Little Rock-Conway, AR Metro Area",727777,1972
310M200US30860,30860,"Logan, UT-ID Metro Area",130934,1349
310M200US30980,30980,"Longview, TX Metro Area",217481,*****
310M200US31020,31020,"Longview, WA Metro Area",102133,*****
310M200US31080,31080,"Los Angeles-Long Beach-Anaheim, CA Metro Area",13262220,*****
310M200US31140,31140,"Louisville/Jefferson County, KY-IN Metro Area",1265210,3983
310M200US31180,31180,"Lubbock, TX Metro Area",305262,1413
310M200US31340,31340,"Lynchburg, VA Metro Area",257570,1996
310M200US31420,31420,"Macon, GA Metro Area",233212,2668
310M200US31460,31460,"Madera, CA Metro Area",154548,*****
310M200US31540,31540,"Madison, WI Metro Area",633787,*****
310M200US31700,31700,"Manchester-Nashua, NH Metro Area",405184,*****
310M200US31740,31740,"Manhattan, KS Metro Area",98091,*****
310M200US31860,31860,"Mankato-North Mankato, MN Metro Area",98478,*****
310M200US31900,31900,"Mansfield, OH Metro Area",121942,*****
310M200US32580,32580,"McAllen-Edinburg-Mission, TX Metro Area",831073,*****
310M200US32780,32780,"Medford, OR Metro Area",210287,*****
310M200US32820,32820,"Memphis, TN-MS-AR Metro Area",1344121,3082
310M200US32900,32900,"Merced, CA Metro Area",266353,*****
310M200US33100,33100,"Miami-Fort Lauderdale-West Palm Beach, FL Metro Area",5929819,*****
310M200US33140,33140,"Michigan City-La Porte, IN Metro Area",111444,*****
310M200US33220,33220,"Midland, MI Metro Area",83427,*****
310M200US33260,33260,"Midland, TX Metro Area",163470,1533
310M200US33340,33340,"Milwaukee-Waukesha-West Allis, WI Metro Area",1572245,*****
310M200US33460,33460,"Minneapolis-St. Paul-Bloomington, MN-WI Metro Area",3495176,*****
310M200US33540,33540,"Missoula, MT Metro Area",112684,*****
310M200US33660,33660,"Mobile, AL Metro Area",415123,*****
310M200US33700,33700,"Modesto, CA Metro Area",531997,*****
310M200US33740,33740,"Monroe, LA Metro Area",178864,*****
310M200US33780,33780,"Monroe, MI Metro Area",149824,*****
310M200US33860,33860,"Montgomery, AL Metro Area",374430,1231
310M200US34060,34060,"Morgantown, WV Metro Area",137251,*****
310M200US34100,34100,"Morristown, TN Metro Area",115713,*****
310M200US34580,34580,"Mount Vernon-Anacortes, WA Metro Area",120365,*****
310M200US34620,34620,"Muncie, IN Metro Area",117074,*****
310M200US34740,34740,"Muskegon, MI Metro Area",172344,*****
310M200US34820,34820,"Myrtle Beach-Conway-North Myrtle Beach, SC-NC Metro Area",417668,*****
310M200US34900,34900,"Napa, CA Metro Area",141667,*****
310M200US34940,34940,"Naples-Immokalee-Marco Island, FL Metro Area",348777,*****
310M200US34980,34980,"Nashville-Davidson--Murfreesboro--Franklin, TN Metro Area",1792468,1905
310M200US35100,35100,"New Bern, NC Metro Area",127886,2089
310M200US35300,35300,"New Haven-Milford, CT Metro Area",861277,*****
310M200US35380,35380,"New Orleans-Metairie, LA Metro Area",1251849,*****
310M200US35620,35620,"New York-Newark-Jersey City, NY-NJ-PA Metro Area",20092883,*****
310M200US35660,35660,"Niles-Benton Harbor, MI Metro Area",155233,*****
310M200US35840,35840,"North Port-Sarasota-Bradenton, FL Metro Area",748708,*****
310M200US35980,35980,"Norwich-New London, CT Metro Area",273676,*****
310M200US36100,36100,"Ocala, FL Metro Area",339167,*****
310M200US36140,36140,"Ocean City, NJ Metro Area",95344,*****
310M200US36220,36220,"Odessa, TX Metro Area",153904,*****
310M200US36260,36260,"Ogden-Clearfield, UT Metro Area",631146,1445
310M200US36420,36420,"Oklahoma City, OK Metro Area",1336767,*****
310M200US36500,36500,"Olympia-Tumwater, WA Metro Area",265851,*****
310M200US36540,36540,"Omaha-Council Bluffs, NE-IA Metro Area",904491,1047
310M200US36740,36740,"Orlando-Kissimmee-Sanford, FL Metro Area",2321418,*****
310M200US36780,36780,"Oshkosh-Neenah, WI Metro Area",169511,*****
310M200US36980,36980,"Owensboro, KY Metro Area",116170,2119
310M200US37100,37100,"Oxnard-Thousand Oaks-Ventura, CA Metro Area",846178,*****
310M200US37340,37340,"Palm Bay-Melbourne-Titusville, FL Metro Area",556885,*****
310M200US37460,37460,"Panama City, FL Metro Area",192406,2236
310M200US37620,37620,"Parkersburg-Vienna, WV Metro Area",92684,1529
310M200US37860,37860,"Pensacola-Ferry Pass-Brent, FL Metro Area",474081,*****
310M200US37900,37900,"Peoria, IL Metro Area",379520,915
310M200US37980,37980,"Philadelphia-Camden-Wilmington, PA-NJ-DE-MD Metro Area",6051170,*****
310M200US38060,38060,"Phoenix-Mesa-Scottsdale, AZ Metro Area",4489109,*****
310M200US38220,38220,"Pine Bluff, AR Metro Area",95127,1156
310M200US38300,38300,"Pittsburgh, PA Metro Area",2355968,*****
310M200US38340,38340,"Pittsfield, MA Metro Area",128715,*****
310M200US38540,38540,"Pocatello, ID Metro Area",83347,*****
310M200US38860,38860,"Portland-South Portland, ME Metro Area",523552,*****
310M200US38900,38900,"Portland-Vancouver-Hillsboro, OR-WA Metro Area",2347127,1347
310M200US38940,38940,"Port St. Lucie, FL Metro Area",444420,*****
310M200US39140,39140,"Prescott, AZ Metro Area",218844,*****
310M200US39300,39300,"Providence-Warwick, RI-MA Metro Area",1609367,*****
310M200US39340,39340,"Provo-Orem, UT Metro Area",572798,1410
310M200US39380,39380,"Pueblo, CO Metro Area",161875,*****
310M200US39460,39460,"Punta Gorda, FL Metro Area",168474,*****
310M200US39540,39540,"Racine, WI Metro Area",195163,*****
310M200US39580,39580,"Raleigh, NC Metro Area",1242974,*****
310M200US39660,39660,"Rapid City, SD Metro Area",143867,2566
310M200US39740,39740,"Reading, PA Metro Area",413691,*****
310M200US39820,39820,"Redding, CA Metro Area",179804,*****
310M200US39900,39900,"Reno, NV Metro Area",444487,1187
310M200US40060,40060,"Richmond, VA Metro Area",1260668,4478
310M200US40140,40140,"Riverside-San Bernardino-Ontario, CA Metro Area",4441890,*****
310M200US40220,40220,"Roanoke, VA Metro Area",312837,1532
310M200US40340,40340,"Rochester, MN Metro Area",212778,*****
310M200US40380,40380,"Rochester, NY Metro Area",1083393,*****
310M200US40420,40420,"Rockford, IL Metro Area",342411,*****
310M200US40580,40580,"Rocky Mount, NC Metro Area",149290,*****
310M200US40660,40660,"Rome, GA Metro Area",96063,*****
310M200US40900,40900,"Sacramento--Roseville--Arden-Arcade, CA Metro Area",2244397,*****
310M200US40980,40980,"Saginaw, MI Metro Area",195012,*****
310M200US41060,41060,"St. Cloud, MN Metro Area",192418,*****
310M200US41100,41100,"St. George, UT Metro Area",151948,*****
310M200US41140,41140,"St. Joseph, MO-KS Metro Area",127671,1307
310M200US41180,41180,"St. Louis, MO-IL Metro Area",2805856,2151
310M200US41420,41420,"Salem, OR Metro Area",404026,*****
310M200US41500,41500,"Salinas, CA Metro Area",431344,*****
310M200US41540,41540,"Salisbury, MD-DE Metro Area",389922,*****
310M200US41620,41620,"Salt Lake City, UT Metro Area",1153340,*****
310M200US41660,41660,"San Angelo, TX Metro Area",118296,715
310M200US41700,41700,"San Antonio-New Braunfels, TX Metro Area",2326665,2174
310M200US41740,41740,"San Diego-Carlsbad, CA Metro Area",3263431,*****
310M200US41860,41860,"San Francisco-Oakland-Hayward, CA Metro Area",4594060,*****
310M200US41940,41940,"San Jose-Sunnyvale-Santa Clara, CA Metro Area",1952872,*****
310M200US42020,42020,"San Luis Obispo-Paso Robles-Arroyo Grande, CA Metro Area",279083,*****
310M200US42100,42100,"Santa Cruz-Watsonville, CA Metro Area",271804,*****
310M200US42140,42140,"Santa Fe, NM Metro Area",148164,*****
310M200US42200,42200,"Santa Maria-Santa Barbara, CA Metro Area",440668,*****
310M200US42220,42220,"Santa Rosa, CA Metro Area",500292,*****
310M200US42340,42340,"Savannah, GA Metro Area",372708,*****
310M200US42540,42540,"Scranton--Wilkes-Barre--Hazleton, PA Metro Area",559679,*****
310M200US42660,42660,"Seattle-Tacoma-Bellevue, WA Metro Area",3671478,*****
310M200US42680,42680,"Sebastian-Vero Beach, FL Metro Area",144755,*****
310M200US42700,42700,"Sebring, FL Metro Area",98236,*****
310M200US43100,43100,"Sheboygan, WI Metro Area",115290,*****
310M200US43300,43300,"Sherman-Denison, TX Metro Area",123534,*****
310M200US43340,43340,"Shreveport-Bossier City, LA Metro Area",445142,*****
310M200US43420,43420,"Sierra Vista-Douglas, AZ Metro Area",127448,*****
310M200US43580,43580,"Sioux City, IA-NE-SD Metro Area",169058,1934
310M200US43620,43620,"Sioux Falls, SD Metro Area",248252,652
310M200US43780,43780,"South Bend-Mishawaka, IN-MI Metro Area",319226,*****
310M200US43900,43900,"Spartanburg, SC Metro Area",321418,*****
310M200US44060,44060,"Spokane-Spokane Valley, WA Metro Area",542073,1347
310M200US44100,44100,"Springfield, IL Metro Area",211311,1250
310M200US44140,44140,"Springfield, MA Metro Area",629100,*****
310M200US44180,44180,"Springfield, MO Metro Area",450619,2170
310M200US44220,44220,"Springfield, OH Metro Area",136554,*****
310M200US44300,44300,"State College, PA Metro Area",158742,*****
310M200US44420,44420,"Staunton-Waynesboro, VA Metro Area",119766,*****
310M200US44700,44700,"Stockton-Lodi, CA Metro Area",715597,*****
310M200US44940,44940,"Sumter, SC Metro Area",107919,*****
310M200US45060,45060,"Syracuse, NY Metro Area",661478,*****
310M200US45220,45220,"Tallahassee, FL Metro Area",374890,1431
310M200US45300,45300,"Tampa-St. Petersburg-Clearwater, FL Metro Area",2915582,*****
310M200US45460,45460,"Terre Haute, IN Metro Area",171555,2571
310M200US45500,45500,"Texarkana, TX-AR Metro Area",147740,1815
310M200US45540,45540,"The Villages, FL Metro Area",114350,*****
310M200US45780,45780,"Toledo, OH Metro Area",607456,*****
310M200US45820,45820,"Topeka, KS Metro Area",233758,*****
310M200US45940,45940,"Trenton, NJ Metro Area",371537,*****
310M200US46060,46060,"Tucson, AZ Metro Area",1004516,*****
310M200US46140,46140,"Tulsa, OK Metro Area",970391,1010
310M200US46220,46220,"Tuscaloosa, AL Metro Area",235954,3211
310M200US46340,46340,"Tyler, TX Metro Area",218842,*****
310M200US46520,46520,"Urban Honolulu, HI Metro Area",991788,*****
310M200US46540,46540,"Utica-Rome, NY Metro Area",296615,*****
310M200US46660,46660,"Valdosta, GA Metro Area",143140,1146
310M200US46700,46700,"Vallejo-Fairfield, CA Metro Area",431131,*****
310M200US47020,47020,"Victoria, TX Metro Area",99536,1767
310M200US47220,47220,"Vineland-Bridgeton, NJ Metro Area",157389,*****
310M200US47260,47260,"Virginia Beach-Norfolk-Newport News, VA-NC Metro Area",1717387,3549
310M200US47300,47300,"Visalia-Porterville, CA Metro Area",458198,*****
310M200US47380,47380,"Waco, TX Metro Area",261958,1933
310M200US47460,47460,"Walla Walla, WA Metro Area",63706,790
310M200US47580,47580,"Warner Robins, GA Metro Area",186675,1680
310M200US47900,47900,"Washington-Arlington-Alexandria, DC-VA-MD-WV Metro Area",6032744,2312
310M200US47940,47940,"Waterloo-Cedar Falls, IA Metro Area",169993,*****
310M200US48060,48060,"Watertown-Fort Drum, NY Metro Area",119103,*****
310M200US48140,48140,"Wausau, WI Metro Area",135780,*****
310M200US48260,48260,"Weirton-Steubenville, WV-OH Metro Area",125467,2180
310M200US48300,48300,"Wenatchee, WA Metro Area",114392,*****
310M200US48540,48540,"Wheeling, WV-OH Metro Area",145205,*****
310M200US48620,48620,"Wichita, KS Metro Area",641225,991
310M200US48660,48660,"Wichita Falls, TX Metro Area",151536,*****
310M200US48700,48700,"Williamsport, PA Metro Area",116508,*****
310M200US48900,48900,"Wilmington, NC Metro Area",272548,*****
310M200US49020,49020,"Winchester, VA-WV Metro Area",134221,2486
310M200US49180,49180,"Winston-Salem, NC Metro Area",655015,*****
310M200US49340,49340,"Worcester, MA-CT Metro Area",930473,*****
310M200US49420,49420,"Yakima, WA Metro Area",247687,*****
310M200US49620,49620,"York-Hanover, PA Metro Area",440755,*****
310M200US49660,49660,"Youngstown-Warren-Boardman, OH-PA Metro Area",553263,*****
310M200US49700,49700,"Yuba City, CA Metro Area",169813,*****
310M200US49740,49740,"Yuma, AZ Metro Area",203247,*****
