GEO.id,GEO.id2,GEO.display-label,HD01_VD01,HD02_VD01
Id,Id2,Geography,Estimate; Total,Margin of Error; Total
310M100US10180,10180,"Abilene, TX Metro Area",167800,2194
310M100US10420,10420,"Akron, OH Metro Area",702262,*****
310M100US10500,10500,"Albany, GA Metro Area",155019,1333
310M100US10580,10580,"Albany-Schenectady-Troy, NY Metro Area",874646,*****
310M100US10740,10740,"Albuquerque, NM Metro Area",902794,2711
310M100US10780,10780,"Alexandria, LA Metro Area",154441,*****
310M100US10900,10900,"Allentown-Bethlehem-Easton, PA-NJ Metro Area",827171,*****
310M100US11020,11020,"Altoona, PA Metro Area",127121,*****
310M100US11100,11100,"Amarillo, TX Metro Area",254579,1158
310M100US11180,11180,"Ames, IA Metro Area",91140,*****
310M100US11260,11260,"Anchorage, AK Metro Area",392535,*****
310M100US11300,11300,"Anderson, IN Metro Area",130348,*****
310M100US11340,11340,"Anderson, SC Metro Area",189355,*****
310M100US11460,11460,"Ann Arbor, MI Metro Area",350946,*****
310M100US11500,11500,"Anniston-Oxford, AL Metro Area",117296,*****
310M100US11540,11540,"Appleton, WI Metro Area",228450,*****
310M100US11700,11700,"Asheville, NC Metro Area",432406,*****
310M100US12020,12020,"Athens-Clarke County, GA Metro Area",194337,2186
310M100US12060,12060,"Atlanta-Sandy Springs-Marietta, GA Metro Area",5442113,2802
310M100US12100,12100,"Atlantic City-Hammonton, NJ Metro Area",275422,*****
310M100US12220,12220,"Auburn-Opelika, AL Metro Area",147257,*****
310M100US12260,12260,"Augusta-Richmond County, GA-SC Metro Area",568161,*****
310M100US12420,12420,"Austin-Round Rock-San Marcos, TX Metro Area",1834303,*****
310M100US12540,12540,"Bakersfield-Delano, CA Metro Area",856158,*****
310M100US12580,12580,"Baltimore-Towson, MD Metro Area",2753149,*****
310M100US12620,12620,"Bangor, ME Metro Area",153746,*****
310M100US12700,12700,"Barnstable Town, MA Metro Area",215423,*****
310M100US12940,12940,"Baton Rouge, LA Metro Area",815298,*****
310M100US12980,12980,"Battle Creek, MI Metro Area",135099,*****
310M100US13020,13020,"Bay City, MI Metro Area",106935,*****
310M100US13140,13140,"Beaumont-Port Arthur, TX Metro Area",389980,*****
310M100US13380,13380,"Bellingham, WA Metro Area",205262,*****
310M100US13460,13460,"Bend, OR Metro Area",162277,*****
310M100US13740,13740,"Billings, MT Metro Area",161487,1067
310M100US13780,13780,"Binghamton, NY Metro Area",248538,*****
310M100US13820,13820,"Birmingham-Hoover, AL Metro Area",1136650,*****
310M100US13900,13900,"Bismarck, ND Metro Area",113875,*****
310M100US13980,13980,"Blacksburg-Christiansburg-Radford, VA Metro Area",165969,3165
310M100US14020,14020,"Bloomington, IN Metro Area",195339,*****
310M100US14060,14060,"Bloomington-Normal, IL Metro Area",172281,*****
310M100US14260,14260,"Boise City-Nampa, ID Metro Area",635964,2642
310M100US14460,14460,"Boston-Cambridge-Quincy, MA-NH Metro Area",4640802,*****
310M100US14500,14500,"Boulder, CO Metro Area",305318,*****
310M100US14540,14540,"Bowling Green, KY Metro Area",128016,1738
310M100US14740,14740,"Bremerton-Silverdale, WA Metro Area",254991,*****
310M100US14860,14860,"Bridgeport-Stamford-Norwalk, CT Metro Area",933835,*****
310M100US15180,15180,"Brownsville-Harlingen, TX Metro Area",415557,*****
310M100US15260,15260,"Brunswick, GA Metro Area",111088,3285
310M100US15380,15380,"Buffalo-Niagara Falls, NY Metro Area",1134210,*****
310M100US15500,15500,"Burlington, NC Metro Area",153920,*****
310M100US15540,15540,"Burlington-South Burlington, VT Metro Area",213280,539
310M100US15940,15940,"Canton-Massillon, OH Metro Area",403455,*****
310M100US15980,15980,"Cape Coral-Fort Myers, FL Metro Area",645293,*****
310M100US16020,16020,"Cape Girardeau-Jackson, MO-IL Metro Area",96410,2041
310M100US16180,16180,"Carson City, NV Metro Area",54838,*****
310M100US16220,16220,"Casper, WY Metro Area",78621,*****
310M100US16300,16300,"Cedar Rapids, IA Metro Area",261761,*****
310M100US16580,16580,"Champaign-Urbana, IL Metro Area",234072,1641
310M100US16620,16620,"Charleston, WV Metro Area",305091,1666
310M100US16700,16700,"Charleston-North Charleston-Summerville, SC Metro Area",697439,*****
310M100US16740,16740,"Charlotte-Gastonia-Rock Hill, NC-SC Metro Area",1831084,*****
310M100US16820,16820,"Charlottesville, VA Metro Area",206414,1924
310M100US16860,16860,"Chattanooga, TN-GA Metro Area",539094,2637
310M100US16940,16940,"Cheyenne, WY Metro Area",94483,*****
310M100US16980,16980,"Chicago-Joliet-Naperville, IL-IN-WI Metro Area",9522446,1443
310M100US17020,17020,"Chico, CA Metro Area",221539,*****
310M100US17140,17140,"Cincinnati-Middletown, OH-KY-IN Metro Area",2146560,3194
310M100US17300,17300,"Clarksville, TN-KY Metro Area",286973,2280
310M100US17420,17420,"Cleveland, TN Metro Area",119445,1715
310M100US17460,17460,"Cleveland-Elyria-Mentor, OH Metro Area",2063535,*****
310M100US17660,17660,"Coeur d'Alene, ID Metro Area",142357,*****
310M100US17780,17780,"College Station-Bryan, TX Metro Area",233135,2512
310M100US17820,17820,"Colorado Springs, CO Metro Area",668353,*****
310M100US17860,17860,"Columbia, MO Metro Area",178101,1165
310M100US17900,17900,"Columbia, SC Metro Area",785641,1840
310M100US17980,17980,"Columbus, GA-AL Metro Area",306326,2717
310M100US18020,18020,"Columbus, IN Metro Area",79129,*****
310M100US18140,18140,"Columbus, OH Metro Area",1878714,*****
310M100US18580,18580,"Corpus Christi, TX Metro Area",435596,2118
310M100US18700,18700,"Corvallis, OR Metro Area",86430,*****
310M100US18880,18880,"Crestview-Fort Walton Beach-Destin, FL Metro Area",190083,*****
310M100US19060,19060,"Cumberland, MD-WV Metro Area",101968,*****
310M100US19100,19100,"Dallas-Fort Worth-Arlington, TX Metro Area",6647496,1773
310M100US19140,19140,"Dalton, GA Metro Area",142751,*****
310M100US19180,19180,"Danville, IL Metro Area",80727,*****
310M100US19260,19260,"Danville, VA Metro Area",105803,*****
310M100US19340,19340,"Davenport-Moline-Rock Island, IA-IL Metro Area",381928,1258
310M100US19380,19380,"Dayton, OH Metro Area",842858,*****
310M100US19460,19460,"Decatur, AL Metro Area",154233,*****
310M100US19500,19500,"Decatur, IL Metro Area",110122,*****
310M100US19660,19660,"Deltona-Daytona Beach-Ormond Beach, FL Metro Area",496950,*****
310M100US19740,19740,"Denver-Aurora-Broomfield, CO Metro Area",2645209,*****
310M100US19780,19780,"Des Moines-West Des Moines, IA Metro Area",588999,*****
310M100US19820,19820,"Detroit-Warren-Livonia, MI Metro Area",4292060,*****
310M100US20020,20020,"Dothan, AL Metro Area",147620,*****
310M100US20100,20100,"Dover, DE Metro Area",167626,*****
310M100US20220,20220,"Dubuque, IA Metro Area",95097,*****
310M100US20260,20260,"Duluth, MN-WI Metro Area",279452,*****
310M100US20500,20500,"Durham-Chapel Hill, NC Metro Area",522826,*****
310M100US20740,20740,"Eau Claire, WI Metro Area",163599,*****
310M100US20940,20940,"El Centro, CA Metro Area",176948,*****
310M100US21060,21060,"Elizabethtown, KY Metro Area",121165,1662
310M100US21140,21140,"Elkhart-Goshen, IN Metro Area",199619,*****
310M100US21300,21300,"Elmira, NY Metro Area",88911,*****
310M100US21340,21340,"El Paso, TX Metro Area",827398,*****
310M100US21500,21500,"Erie, PA Metro Area",280646,*****
310M100US21660,21660,"Eugene-Springfield, OR Metro Area",354542,*****
310M100US21780,21780,"Evansville, IN-KY Metro Area",358960,1390
310M100US21820,21820,"Fairbanks, AK Metro Area",100272,*****
310M100US22020,22020,"Fargo, ND-MN Metro Area",216312,*****
310M100US22140,22140,"Farmington, NM Metro Area",128529,*****
310M100US22180,22180,"Fayetteville, NC Metro Area",374585,*****
310M100US22220,22220,"Fayetteville-Springdale-Rogers, AR-MO Metro Area",482013,2935
310M100US22380,22380,"Flagstaff, AZ Metro Area",136011,*****
310M100US22420,22420,"Flint, MI Metro Area",418408,*****
310M100US22500,22500,"Florence, SC Metro Area",206087,*****
310M100US22520,22520,"Florence-Muscle Shoals, AL Metro Area",146988,*****
310M100US22540,22540,"Fond du Lac, WI Metro Area",101843,*****
310M100US22660,22660,"Fort Collins-Loveland, CO Metro Area",310487,*****
310M100US22900,22900,"Fort Smith, AR-OK Metro Area",298110,2024
310M100US23060,23060,"Fort Wayne, IN Metro Area",421406,*****
310M100US23420,23420,"Fresno, CA Metro Area",947895,*****
310M100US23460,23460,"Gadsden, AL Metro Area",104392,*****
310M100US23540,23540,"Gainesville, FL Metro Area",268698,2052
310M100US23580,23580,"Gainesville, GA Metro Area",185416,*****
310M100US24020,24020,"Glens Falls, NY Metro Area",128472,*****
310M100US24140,24140,"Goldsboro, NC Metro Area",124246,*****
310M100US24220,24220,"Grand Forks, ND-MN Metro Area",98888,*****
310M100US24300,24300,"Grand Junction, CO Metro Area",147848,*****
310M100US24340,24340,"Grand Rapids-Wyoming, MI Metro Area",785352,*****
310M100US24500,24500,"Great Falls, MT Metro Area",81723,*****
310M100US24540,24540,"Greeley, CO Metro Area",263691,*****
310M100US24580,24580,"Green Bay, WI Metro Area",311098,*****
310M100US24660,24660,"Greensboro-High Point, NC Metro Area",736065,*****
310M100US24780,24780,"Greenville, NC Metro Area",194252,1501
310M100US24860,24860,"Greenville-Mauldin-Easley, SC Metro Area",653498,*****
310M100US25060,25060,"Gulfport-Biloxi, MS Metro Area",257312,*****
310M100US25180,25180,"Hagerstown-Martinsburg, MD-WV Metro Area",273604,2362
310M100US25260,25260,"Hanford-Corcoran, CA Metro Area",151364,*****
310M100US25420,25420,"Harrisburg-Carlisle, PA Metro Area",553980,*****
310M100US25500,25500,"Harrisonburg, VA Metro Area",128372,*****
310M100US25540,25540,"Hartford-West Hartford-East Hartford, CT Metro Area",1214400,*****
310M100US25620,25620,"Hattiesburg, MS Metro Area",147408,2167
310M100US25860,25860,"Hickory-Lenoir-Morganton, NC Metro Area",363627,*****
310M100US25980,25980,"Hinesville-Fort Stewart, GA Metro Area",84165,2457
310M100US26100,26100,"Holland-Grand Haven, MI Metro Area",269099,*****
310M100US26180,26180,"Honolulu, HI Metro Area",976372,*****
310M100US26300,26300,"Hot Springs, AR Metro Area",96903,*****
310M100US26380,26380,"Houma-Bayou Cane-Thibodaux, LA Metro Area",208922,*****
310M100US26420,26420,"Houston-Sugar Land-Baytown, TX Metro Area",6204161,*****
310M100US26580,26580,"Huntington-Ashland, WV-KY-OH Metro Area",286603,*****
310M100US26620,26620,"Huntsville, AL Metro Area",430734,*****
310M100US26820,26820,"Idaho Falls, ID Metro Area",133368,*****
310M100US26900,26900,"Indianapolis-Carmel, IN Metro Area",1798786,1597
310M100US26980,26980,"Iowa City, IA Metro Area",158231,*****
310M100US27060,27060,"Ithaca, NY Metro Area",102554,*****
310M100US27100,27100,"Jackson, MI Metro Area",160309,*****
310M100US27140,27140,"Jackson, MS Metro Area",548945,1762
310M100US27180,27180,"Jackson, TN Metro Area",115257,1862
310M100US27260,27260,"Jacksonville, FL Metro Area",1377850,*****
310M100US27340,27340,"Jacksonville, NC Metro Area",183263,*****
310M100US27500,27500,"Janesville, WI Metro Area",160418,*****
310M100US27620,27620,"Jefferson City, MO Metro Area",149889,1987
310M100US27740,27740,"Johnson City, TN Metro Area",200684,*****
310M100US27780,27780,"Johnstown, PA Metro Area",141584,*****
310M100US27860,27860,"Jonesboro, AR Metro Area",124042,*****
310M100US27900,27900,"Joplin, MO Metro Area",174327,*****
310M100US28020,28020,"Kalamazoo-Portage, MI Metro Area",330034,*****
310M100US28100,28100,"Kankakee-Bradley, IL Metro Area",113040,*****
310M100US28140,28140,"Kansas City, MO-KS Metro Area",2064296,1633
310M100US28420,28420,"Kennewick-Pasco-Richland, WA Metro Area",268243,*****
310M100US28660,28660,"Killeen-Temple-Fort Hood, TX Metro Area",420133,2141
310M100US28700,28700,"Kingsport-Bristol-Bristol, TN-VA Metro Area",309654,1686
310M100US28740,28740,"Kingston, NY Metro Area",181791,*****
310M100US28940,28940,"Knoxville, TN Metro Area",709492,1509
310M100US29020,29020,"Kokomo, IN Metro Area",97599,1800
310M100US29100,29100,"La Crosse, WI-MN Metro Area",135298,*****
310M100US29140,29140,"Lafayette, IN Metro Area",205917,1228
310M100US29180,29180,"Lafayette, LA Metro Area",279781,*****
310M100US29340,29340,"Lake Charles, LA Metro Area",200509,1348
310M100US29420,29420,"Lake Havasu City-Kingman, AZ Metro Area",203334,*****
310M100US29460,29460,"Lakeland-Winter Haven, FL Metro Area",616158,*****
310M100US29540,29540,"Lancaster, PA Metro Area",526823,*****
310M100US29620,29620,"Lansing-East Lansing, MI Metro Area",465732,*****
310M100US29700,29700,"Laredo, TX Metro Area",259172,*****
310M100US29740,29740,"Las Cruces, NM Metro Area",214445,*****
310M100US29820,29820,"Las Vegas-Paradise, NV Metro Area",2000759,*****
310M100US29940,29940,"Lawrence, KS Metro Area",112864,*****
310M100US30020,30020,"Lawton, OK Metro Area",126390,*****
310M100US30140,30140,"Lebanon, PA Metro Area",135251,*****
310M100US30300,30300,"Lewiston, ID-WA Metro Area",61419,*****
310M100US30340,30340,"Lewiston-Auburn, ME Metro Area",107609,*****
310M100US30460,30460,"Lexington-Fayette, KY Metro Area",485023,*****
310M100US30620,30620,"Lima, OH Metro Area",105141,*****
310M100US30700,30700,"Lincoln, NE Metro Area",309387,1452
310M100US30780,30780,"Little Rock-North Little Rock-Conway, AR Metro Area",715210,2528
310M100US30860,30860,"Logan, UT-ID Metro Area",128374,956
310M100US30980,30980,"Longview, TX Metro Area",216679,*****
310M100US31020,31020,"Longview, WA Metro Area",101996,*****
310M100US31100,31100,"Los Angeles-Long Beach-Santa Ana, CA Metro Area",13052921,*****
310M100US31140,31140,"Louisville/Jefferson County, KY-IN Metro Area",1302457,3265
310M100US31180,31180,"Lubbock, TX Metro Area",291548,958
310M100US31340,31340,"Lynchburg, VA Metro Area",256934,2282
310M100US31420,31420,"Macon, GA Metro Area",232398,2445
310M100US31460,31460,"Madera-Chowchilla, CA Metro Area",152218,*****
310M100US31540,31540,"Madison, WI Metro Area",583869,*****
310M100US31700,31700,"Manchester-Nashua, NH Metro Area",402922,*****
310M100US31740,31740,"Manhattan, KS Metro Area",135823,*****
310M100US31860,31860,"Mankato-North Mankato, MN Metro Area",98020,*****
310M100US31900,31900,"Mansfield, OH Metro Area",122673,*****
310M100US32580,32580,"McAllen-Edinburg-Mission, TX Metro Area",806552,*****
310M100US32780,32780,"Medford, OR Metro Area",206412,*****
310M100US32820,32820,"Memphis, TN-MS-AR Metro Area",1333315,1706
310M100US32900,32900,"Merced, CA Metro Area",262305,*****
310M100US33100,33100,"Miami-Fort Lauderdale-Pompano Beach, FL Metro Area",5762717,*****
310M100US33140,33140,"Michigan City-La Porte, IN Metro Area",111246,*****
310M100US33260,33260,"Midland, TX Metro Area",146645,*****
310M100US33340,33340,"Milwaukee-Waukesha-West Allis, WI Metro Area",1566981,*****
310M100US33460,33460,"Minneapolis-St. Paul-Bloomington, MN-WI Metro Area",3353724,*****
310M100US33540,33540,"Missoula, MT Metro Area",110977,*****
310M100US33660,33660,"Mobile, AL Metro Area",413936,*****
310M100US33700,33700,"Modesto, CA Metro Area",521726,*****
310M100US33740,33740,"Monroe, LA Metro Area",177781,*****
310M100US33780,33780,"Monroe, MI Metro Area",151048,*****
310M100US33860,33860,"Montgomery, AL Metro Area",377844,1295
310M100US34060,34060,"Morgantown, WV Metro Area",134164,*****
310M100US34100,34100,"Morristown, TN Metro Area",137643,*****
310M100US34580,34580,"Mount Vernon-Anacortes, WA Metro Area",118222,*****
310M100US34620,34620,"Muncie, IN Metro Area",117364,*****
310M100US34740,34740,"Muskegon-Norton Shores, MI Metro Area",170182,*****
310M100US34820,34820,"Myrtle Beach-North Myrtle Beach-Conway, SC Metro Area",282285,*****
310M100US34900,34900,"Napa, CA Metro Area",139045,*****
310M100US34940,34940,"Naples-Marco Island, FL Metro Area",332427,*****
310M100US34980,34980,"Nashville-Davidson--Murfreesboro--Franklin, TN Metro Area",1645638,1815
310M100US35300,35300,"New Haven-Milford, CT Metro Area",862813,*****
310M100US35380,35380,"New Orleans-Metairie-Kenner, LA Metro Area",1205374,*****
310M100US35620,35620,"New York-Northern New Jersey-Long Island, NY-NJ-PA Metro Area",19160024,*****
310M100US35660,35660,"Niles-Benton Harbor, MI Metro Area",156067,*****
310M100US35840,35840,"North Port-Bradenton-Sarasota, FL Metro Area",720042,*****
310M100US35980,35980,"Norwich-New London, CT Metro Area",274170,*****
310M100US36100,36100,"Ocala, FL Metro Area",335125,*****
310M100US36140,36140,"Ocean City, NJ Metro Area",96304,*****
310M100US36220,36220,"Odessa, TX Metro Area",144325,*****
310M100US36260,36260,"Ogden-Clearfield, UT Metro Area",562356,1253
310M100US36420,36420,"Oklahoma City, OK Metro Area",1296565,*****
310M100US36500,36500,"Olympia, WA Metro Area",258332,*****
310M100US36540,36540,"Omaha-Council Bluffs, NE-IA Metro Area",886348,1054
310M100US36740,36740,"Orlando-Kissimmee-Sanford, FL Metro Area",2223674,*****
310M100US36780,36780,"Oshkosh-Neenah, WI Metro Area",168794,*****
310M100US36980,36980,"Owensboro, KY Metro Area",117609,2059
310M100US37100,37100,"Oxnard-Thousand Oaks-Ventura, CA Metro Area",835981,*****
310M100US37340,37340,"Palm Bay-Melbourne-Titusville, FL Metro Area",547307,*****
310M100US37380,37380,"Palm Coast, FL Metro Area",98359,*****
310M100US37460,37460,"Panama City-Lynn Haven-Panama City Beach, FL Metro Area",171903,*****
310M100US37620,37620,"Parkersburg-Marietta-Vienna, WV-OH Metro Area",163853,1805
310M100US37700,37700,"Pascagoula, MS Metro Area",163228,*****
310M100US37860,37860,"Pensacola-Ferry Pass-Brent, FL Metro Area",461227,*****
310M100US37900,37900,"Peoria, IL Metro Area",380558,821
310M100US37980,37980,"Philadelphia-Camden-Wilmington, PA-NJ-DE-MD Metro Area",6018800,*****
310M100US38060,38060,"Phoenix-Mesa-Glendale, AZ Metro Area",4329534,*****
310M100US38220,38220,"Pine Bluff, AR Metro Area",97798,1423
310M100US38300,38300,"Pittsburgh, PA Metro Area",2360733,*****
310M100US38340,38340,"Pittsfield, MA Metro Area",130016,*****
310M100US38540,38540,"Pocatello, ID Metro Area",91096,1346
310M100US38860,38860,"Portland-South Portland-Biddeford, ME Metro Area",518117,*****
310M100US38900,38900,"Portland-Vancouver-Hillsboro, OR-WA Metro Area",2289651,1494
310M100US38940,38940,"Port St. Lucie, FL Metro Area",432683,*****
310M100US39100,39100,"Poughkeepsie-Newburgh-Middletown, NY Metro Area",671834,*****
310M100US39140,39140,"Prescott, AZ Metro Area",212637,*****
310M100US39300,39300,"Providence-New Bedford-Fall River, RI-MA Metro Area",1601374,*****
310M100US39340,39340,"Provo-Orem, UT Metro Area",550461,1263
310M100US39380,39380,"Pueblo, CO Metro Area",160852,*****
310M100US39460,39460,"Punta Gorda, FL Metro Area",162449,*****
310M100US39540,39540,"Racine, WI Metro Area",194797,*****
310M100US39580,39580,"Raleigh-Cary, NC Metro Area",1188564,*****
310M100US39660,39660,"Rapid City, SD Metro Area",131668,2183
310M100US39740,39740,"Reading, PA Metro Area",413491,*****
310M100US39820,39820,"Redding, CA Metro Area",178586,*****
310M100US39900,39900,"Reno-Sparks, NV Metro Area",433612,861
310M100US40060,40060,"Richmond, VA Metro Area",1280678,4432
310M100US40140,40140,"Riverside-San Bernardino-Ontario, CA Metro Area",4350096,*****
310M100US40220,40220,"Roanoke, VA Metro Area",309408,1533
310M100US40340,40340,"Rochester, MN Metro Area",188773,*****
310M100US40380,40380,"Rochester, NY Metro Area",1056940,*****
310M100US40420,40420,"Rockford, IL Metro Area",346009,*****
310M100US40580,40580,"Rocky Mount, NC Metro Area",151662,*****
310M100US40660,40660,"Rome, GA Metro Area",96177,*****
310M100US40900,40900,"Sacramento--Arden-Arcade--Roseville, CA Metro Area",2196482,*****
310M100US40980,40980,"Saginaw-Saginaw Township North, MI Metro Area",198353,*****
310M100US41060,41060,"St. Cloud, MN Metro Area",190471,*****
310M100US41100,41100,"St. George, UT Metro Area",144809,*****
310M100US41140,41140,"St. Joseph, MO-KS Metro Area",128278,1216
310M100US41180,41180,"St. Louis, MO-IL Metro Area",2819381,1803
310M100US41420,41420,"Salem, OR Metro Area",396338,*****
310M100US41500,41500,"Salinas, CA Metro Area",426762,*****
310M100US41540,41540,"Salisbury, MD Metro Area",126900,*****
310M100US41620,41620,"Salt Lake City, UT Metro Area",1161715,*****
310M100US41660,41660,"San Angelo, TX Metro Area",114946,576
310M100US41700,41700,"San Antonio-New Braunfels, TX Metro Area",2234003,*****
310M100US41740,41740,"San Diego-Carlsbad-San Marcos, CA Metro Area",3177063,*****
310M100US41780,41780,"Sandusky, OH Metro Area",76398,*****
310M100US41860,41860,"San Francisco-Oakland-Fremont, CA Metro Area",4455560,*****
310M100US41940,41940,"San Jose-Sunnyvale-Santa Clara, CA Metro Area",1894388,*****
310M100US42020,42020,"San Luis Obispo-Paso Robles, CA Metro Area",274804,*****
310M100US42060,42060,"Santa Barbara-Santa Maria-Goleta, CA Metro Area",431249,*****
310M100US42100,42100,"Santa Cruz-Watsonville, CA Metro Area",266776,*****
310M100US42140,42140,"Santa Fe, NM Metro Area",146375,*****
310M100US42220,42220,"Santa Rosa-Petaluma, CA Metro Area",491829,*****
310M100US42340,42340,"Savannah, GA Metro Area",361941,*****
310M100US42540,42540,"Scranton--Wilkes-Barre, PA Metro Area",563629,*****
310M100US42660,42660,"Seattle-Tacoma-Bellevue, WA Metro Area",3552157,*****
310M100US42680,42680,"Sebastian-Vero Beach, FL Metro Area",140567,*****
310M100US43100,43100,"Sheboygan, WI Metro Area",115009,*****
310M100US43300,43300,"Sherman-Denison, TX Metro Area",121935,*****
310M100US43340,43340,"Shreveport-Bossier City, LA Metro Area",406253,*****
310M100US43580,43580,"Sioux City, IA-NE-SD Metro Area",144243,1964
310M100US43620,43620,"Sioux Falls, SD Metro Area",237597,727
310M100US43780,43780,"South Bend-Mishawaka, IN-MI Metro Area",318586,*****
310M100US43900,43900,"Spartanburg, SC Metro Area",288745,*****
310M100US44060,44060,"Spokane, WA Metro Area",475735,*****
310M100US44100,44100,"Springfield, IL Metro Area",211610,1215
310M100US44140,44140,"Springfield, MA Metro Area",697258,*****
310M100US44180,44180,"Springfield, MO Metro Area",444407,2211
310M100US44220,44220,"Springfield, OH Metro Area",137206,*****
310M100US44300,44300,"State College, PA Metro Area",155171,*****
310M100US44600,44600,"Steubenville-Weirton, OH-WV Metro Area",122207,1987
310M100US44700,44700,"Stockton, CA Metro Area",702612,*****
310M100US44940,44940,"Sumter, SC Metro Area",108052,*****
310M100US45060,45060,"Syracuse, NY Metro Area",660934,*****
310M100US45220,45220,"Tallahassee, FL Metro Area",376331,1487
310M100US45300,45300,"Tampa-St. Petersburg-Clearwater, FL Metro Area",2842878,*****
310M100US45460,45460,"Terre Haute, IN Metro Area",173704,2181
310M100US45500,45500,"Texarkana, TX-Texarkana, AR Metro Area",136782,*****
310M100US45780,45780,"Toledo, OH Metro Area",650050,*****
310M100US45820,45820,"Topeka, KS Metro Area",234566,*****
310M100US45940,45940,"Trenton-Ewing, NJ Metro Area",368303,*****
310M100US46060,46060,"Tucson, AZ Metro Area",992394,*****
310M100US46140,46140,"Tulsa, OK Metro Area",951514,1102
310M100US46220,46220,"Tuscaloosa, AL Metro Area",223468,1888
310M100US46340,46340,"Tyler, TX Metro Area",214821,*****
310M100US46540,46540,"Utica-Rome, NY Metro Area",298064,*****
310M100US46660,46660,"Valdosta, GA Metro Area",145348,1509
310M100US46700,46700,"Vallejo-Fairfield, CA Metro Area",420757,*****
310M100US47020,47020,"Victoria, TX Metro Area",118429,1558
310M100US47220,47220,"Vineland-Millville-Bridgeton, NJ Metro Area",157785,*****
310M100US47260,47260,"Virginia Beach-Norfolk-Newport News, VA-NC Metro Area",1693567,3469
310M100US47300,47300,"Visalia-Porterville, CA Metro Area",451977,*****
310M100US47380,47380,"Waco, TX Metro Area",238707,*****
310M100US47580,47580,"Warner Robins, GA Metro Area",146136,*****
310M100US47900,47900,"Washington-Arlington-Alexandria, DC-VA-MD-WV Metro Area",5804333,1924
310M100US47940,47940,"Waterloo-Cedar Falls, IA Metro Area",168747,*****
310M100US48140,48140,"Wausau, WI Metro Area",134735,*****
310M100US48300,48300,"Wenatchee-East Wenatchee, WA Metro Area",113037,*****
310M100US48540,48540,"Wheeling, WV-OH Metro Area",146420,*****
310M100US48620,48620,"Wichita, KS Metro Area",628242,*****
310M100US48660,48660,"Wichita Falls, TX Metro Area",150829,*****
310M100US48700,48700,"Williamsport, PA Metro Area",117168,*****
310M100US48900,48900,"Wilmington, NC Metro Area",375686,*****
310M100US49020,49020,"Winchester, VA-WV Metro Area",131052,2362
310M100US49180,49180,"Winston-Salem, NC Metro Area",484437,*****
310M100US49340,49340,"Worcester, MA Metro Area",806163,*****
310M100US49420,49420,"Yakima, WA Metro Area",246977,*****
310M100US49620,49620,"York-Hanover, PA Metro Area",437846,*****
310M100US49660,49660,"Youngstown-Warren-Boardman, OH-PA Metro Area",558206,*****
310M100US49700,49700,"Yuba City, CA Metro Area",167948,*****
310M100US49740,49740,"Yuma, AZ Metro Area",200022,*****
