GEO.id,GEO.id2,GEO.display-label,HD01_VD01,HD02_VD01
Id,Id2,Geography,Estimate; Total,Margin of Error; Total
310M100US10180,10180,"Abilene, TX Metro Area",165858,1164
310M100US10420,10420,"Akron, OH Metro Area",701456,*****
310M100US10500,10500,"Albany, GA Metro Area",161617,3859
310M100US10580,10580,"Albany-Schenectady-Troy, NY Metro Area",871478,*****
310M100US10740,10740,"Albuquerque, NM Metro Area",899149,1951
310M100US10780,10780,"Alexandria, LA Metro Area",154505,*****
310M100US10900,10900,"Allentown-Bethlehem-Easton, PA-NJ Metro Area",824916,*****
310M100US11020,11020,"Altoona, PA Metro Area",127099,*****
310M100US11100,11100,"Amarillo, TX Metro Area",254635,1499
310M100US11180,11180,"Ames, IA Metro Area",89663,*****
310M100US11260,11260,"Anchorage, AK Metro Area",387516,*****
310M100US11300,11300,"Anderson, IN Metro Area",131235,*****
310M100US11340,11340,"Anderson, SC Metro Area",188488,*****
310M100US11460,11460,"Ann Arbor, MI Metro Area",347962,*****
310M100US11500,11500,"Anniston-Oxford, AL Metro Area",117797,*****
310M100US11540,11540,"Appleton, WI Metro Area",227403,*****
310M100US11700,11700,"Asheville, NC Metro Area",428906,2388
310M100US12020,12020,"Athens-Clarke County, GA Metro Area",193317,*****
310M100US12060,12060,"Atlanta-Sandy Springs-Marietta, GA Metro Area",5365726,4219
310M100US12100,12100,"Atlantic City-Hammonton, NJ Metro Area",274338,*****
310M100US12220,12220,"Auburn-Opelika, AL Metro Area",143468,*****
310M100US12260,12260,"Augusta-Richmond County, GA-SC Metro Area",560467,2305
310M100US12420,12420,"Austin-Round Rock-San Marcos, TX Metro Area",1783519,*****
310M100US12540,12540,"Bakersfield-Delano, CA Metro Area",851710,*****
310M100US12580,12580,"Baltimore-Towson, MD Metro Area",2729110,*****
310M100US12620,12620,"Bangor, ME Metro Area",153786,*****
310M100US12700,12700,"Barnstable Town, MA Metro Area",215769,*****
310M100US12940,12940,"Baton Rouge, LA Metro Area",808242,*****
310M100US12980,12980,"Battle Creek, MI Metro Area",135490,*****
310M100US13020,13020,"Bay City, MI Metro Area",107110,*****
310M100US13140,13140,"Beaumont-Port Arthur, TX Metro Area",390535,*****
310M100US13380,13380,"Bellingham, WA Metro Area",203663,*****
310M100US13460,13460,"Bend, OR Metro Area",160338,*****
310M100US13740,13740,"Billings, MT Metro Area",159712,1017
310M100US13780,13780,"Binghamton, NY Metro Area",250074,*****
310M100US13820,13820,"Birmingham-Hoover, AL Metro Area",1132264,*****
310M100US13900,13900,"Bismarck, ND Metro Area",110879,*****
310M100US13980,13980,"Blacksburg-Christiansburg-Radford, VA Metro Area",160866,3169
310M100US14020,14020,"Bloomington, IN Metro Area",194566,2062
310M100US14060,14060,"Bloomington-Normal, IL Metro Area",170556,*****
310M100US14260,14260,"Boise City-Nampa, ID Metro Area",627281,3043
310M100US14460,14460,"Boston-Cambridge-Quincy, MA-NH Metro Area",4591112,*****
310M100US14500,14500,"Boulder, CO Metro Area",299378,*****
310M100US14540,14540,"Bowling Green, KY Metro Area",128341,1757
310M100US14740,14740,"Bremerton-Silverdale, WA Metro Area",254633,*****
310M100US14860,14860,"Bridgeport-Stamford-Norwalk, CT Metro Area",925899,*****
310M100US15180,15180,"Brownsville-Harlingen, TX Metro Area",414123,*****
310M100US15260,15260,"Brunswick, GA Metro Area",109308,1909
310M100US15380,15380,"Buffalo-Niagara Falls, NY Metro Area",1134039,*****
310M100US15500,15500,"Burlington, NC Metro Area",153291,*****
310M100US15540,15540,"Burlington-South Burlington, VT Metro Area",213624,1140
310M100US15940,15940,"Canton-Massillon, OH Metro Area",405693,1742
310M100US15980,15980,"Cape Coral-Fort Myers, FL Metro Area",631330,*****
310M100US16020,16020,"Cape Girardeau-Jackson, MO-IL Metro Area",96227,2360
310M100US16180,16180,"Carson City, NV Metro Area",55439,*****
310M100US16220,16220,"Casper, WY Metro Area",76366,*****
310M100US16300,16300,"Cedar Rapids, IA Metro Area",260575,*****
310M100US16580,16580,"Champaign-Urbana, IL Metro Area",232050,2075
310M100US16620,16620,"Charleston, WV Metro Area",304270,2209
310M100US16700,16700,"Charleston-North Charleston-Summerville, SC Metro Area",682121,*****
310M100US16740,16740,"Charlotte-Gastonia-Rock Hill, NC-SC Metro Area",1795472,*****
310M100US16820,16820,"Charlottesville, VA Metro Area",202406,5276
310M100US16860,16860,"Chattanooga, TN-GA Metro Area",529123,4000
310M100US16940,16940,"Cheyenne, WY Metro Area",92680,*****
310M100US16980,16980,"Chicago-Joliet-Naperville, IL-IN-WI Metro Area",9504024,1627
310M100US17020,17020,"Chico, CA Metro Area",220266,*****
310M100US17140,17140,"Cincinnati-Middletown, OH-KY-IN Metro Area",2137735,2341
310M100US17300,17300,"Clarksville, TN-KY Metro Area",276777,2220
310M100US17420,17420,"Cleveland, TN Metro Area",119879,2485
310M100US17460,17460,"Cleveland-Elyria-Mentor, OH Metro Area",2068283,*****
310M100US17660,17660,"Coeur d'Alene, ID Metro Area",141132,*****
310M100US17780,17780,"College Station-Bryan, TX Metro Area",227997,3784
310M100US17820,17820,"Colorado Springs, CO Metro Area",660276,1940
310M100US17860,17860,"Columbia, MO Metro Area",175065,1631
310M100US17900,17900,"Columbia, SC Metro Area",775897,1988
310M100US17980,17980,"Columbus, GA-AL Metro Area",297181,4201
310M100US18020,18020,"Columbus, IN Metro Area",77870,*****
310M100US18140,18140,"Columbus, OH Metro Area",1858464,*****
310M100US18580,18580,"Corpus Christi, TX Metro Area",431381,*****
310M100US18700,18700,"Corvallis, OR Metro Area",85928,*****
310M100US18880,18880,"Crestview-Fort Walton Beach-Destin, FL Metro Area",183482,*****
310M100US19060,19060,"Cumberland, MD-WV Metro Area",102884,*****
310M100US19100,19100,"Dallas-Fort Worth-Arlington, TX Metro Area",6526566,1482
310M100US19140,19140,"Dalton, GA Metro Area",142741,*****
310M100US19180,19180,"Danville, IL Metro Area",81509,*****
310M100US19260,19260,"Danville, VA Metro Area",105696,*****
310M100US19340,19340,"Davenport-Moline-Rock Island, IA-IL Metro Area",379592,2512
310M100US19380,19380,"Dayton, OH Metro Area",845388,*****
310M100US19460,19460,"Decatur, AL Metro Area",154070,*****
310M100US19500,19500,"Decatur, IL Metro Area",110730,*****
310M100US19660,19660,"Deltona-Daytona Beach-Ormond Beach, FL Metro Area",494804,*****
310M100US19740,19740,"Denver-Aurora-Broomfield, CO Metro Area",2600594,2896
310M100US19780,19780,"Des Moines-West Des Moines, IA Metro Area",578665,2145
310M100US19820,19820,"Detroit-Warren-Livonia, MI Metro Area",4285832,*****
310M100US20020,20020,"Dothan, AL Metro Area",146562,*****
310M100US20100,20100,"Dover, DE Metro Area",164834,*****
310M100US20220,20220,"Dubuque, IA Metro Area",94648,*****
310M100US20260,20260,"Duluth, MN-WI Metro Area",279761,1445
310M100US20500,20500,"Durham-Chapel Hill, NC Metro Area",512979,*****
310M100US20740,20740,"Eau Claire, WI Metro Area",162657,*****
310M100US20940,20940,"El Centro, CA Metro Area",177057,*****
310M100US21060,21060,"Elizabethtown, KY Metro Area",120373,1528
310M100US21140,21140,"Elkhart-Goshen, IN Metro Area",198941,*****
310M100US21300,21300,"Elmira, NY Metro Area",88840,*****
310M100US21340,21340,"El Paso, TX Metro Area",820790,*****
310M100US21500,21500,"Erie, PA Metro Area",280985,*****
310M100US21660,21660,"Eugene-Springfield, OR Metro Area",353416,*****
310M100US21780,21780,"Evansville, IN-KY Metro Area",360304,1902
310M100US21820,21820,"Fairbanks, AK Metro Area",99192,*****
310M100US22020,22020,"Fargo, ND-MN Metro Area",211729,1497
310M100US22140,22140,"Farmington, NM Metro Area",128200,*****
310M100US22180,22180,"Fayetteville, NC Metro Area",374157,*****
310M100US22220,22220,"Fayetteville-Springdale-Rogers, AR-MO Metro Area",475085,1324
310M100US22380,22380,"Flagstaff, AZ Metro Area",134511,*****
310M100US22420,22420,"Flint, MI Metro Area",422080,*****
310M100US22500,22500,"Florence, SC Metro Area",206161,*****
310M100US22520,22520,"Florence-Muscle Shoals, AL Metro Area",147293,*****
310M100US22540,22540,"Fond du Lac, WI Metro Area",102079,*****
310M100US22660,22660,"Fort Collins-Loveland, CO Metro Area",305525,*****
310M100US22900,22900,"Fort Smith, AR-OK Metro Area",299379,1841
310M100US23060,23060,"Fort Wayne, IN Metro Area",418148,2006
310M100US23420,23420,"Fresno, CA Metro Area",942904,*****
310M100US23460,23460,"Gadsden, AL Metro Area",104303,*****
310M100US23540,23540,"Gainesville, FL Metro Area",265246,3561
310M100US23580,23580,"Gainesville, GA Metro Area",183052,*****
310M100US24020,24020,"Glens Falls, NY Metro Area",128996,*****
310M100US24140,24140,"Goldsboro, NC Metro Area",123697,*****
310M100US24220,24220,"Grand Forks, ND-MN Metro Area",98512,848
310M100US24300,24300,"Grand Junction, CO Metro Area",147083,*****
310M100US24340,24340,"Grand Rapids-Wyoming, MI Metro Area",779604,*****
310M100US24500,24500,"Great Falls, MT Metro Area",81837,*****
310M100US24540,24540,"Greeley, CO Metro Area",258638,*****
310M100US24580,24580,"Green Bay, WI Metro Area",309469,*****
310M100US24660,24660,"Greensboro-High Point, NC Metro Area",730966,*****
310M100US24780,24780,"Greenville, NC Metro Area",192690,*****
310M100US24860,24860,"Greenville-Mauldin-Easley, SC Metro Area",647401,*****
310M100US25060,25060,"Gulfport-Biloxi, MS Metro Area",250611,3124
310M100US25180,25180,"Hagerstown-Martinsburg, MD-WV Metro Area",270943,1960
310M100US25260,25260,"Hanford-Corcoran, CA Metro Area",153765,*****
310M100US25420,25420,"Harrisburg-Carlisle, PA Metro Area",552911,*****
310M100US25500,25500,"Harrisonburg, VA Metro Area",126562,*****
310M100US25540,25540,"Hartford-West Hartford-East Hartford, CT Metro Area",1213255,*****
310M100US25620,25620,"Hattiesburg, MS Metro Area",146509,2045
310M100US25860,25860,"Hickory-Lenoir-Morganton, NC Metro Area",364567,*****
310M100US25980,25980,"Hinesville-Fort Stewart, GA Metro Area",81144,2137
310M100US26100,26100,"Holland-Grand Haven, MI Metro Area",266300,*****
310M100US26180,26180,"Honolulu, HI Metro Area",963607,*****
310M100US26300,26300,"Hot Springs, AR Metro Area",97124,*****
310M100US26380,26380,"Houma-Bayou Cane-Thibodaux, LA Metro Area",208583,*****
310M100US26420,26420,"Houston-Sugar Land-Baytown, TX Metro Area",6086895,2485
310M100US26580,26580,"Huntington-Ashland, WV-KY-OH Metro Area",287599,*****
310M100US26620,26620,"Huntsville, AL Metro Area",425480,*****
310M100US26820,26820,"Idaho Falls, ID Metro Area",132585,1799
310M100US26900,26900,"Indianapolis-Carmel, IN Metro Area",1777684,3291
310M100US26980,26980,"Iowa City, IA Metro Area",154893,*****
310M100US27060,27060,"Ithaca, NY Metro Area",101723,*****
310M100US27100,27100,"Jackson, MI Metro Area",159748,*****
310M100US27140,27140,"Jackson, MS Metro Area",545394,*****
310M100US27180,27180,"Jackson, TN Metro Area",116995,2375
310M100US27260,27260,"Jacksonville, FL Metro Area",1358593,2069
310M100US27340,27340,"Jacksonville, NC Metro Area",179719,*****
310M100US27500,27500,"Janesville, WI Metro Area",160092,*****
310M100US27620,27620,"Jefferson City, MO Metro Area",152370,1435
310M100US27740,27740,"Johnson City, TN Metro Area",199818,*****
310M100US27780,27780,"Johnstown, PA Metro Area",143728,*****
310M100US27860,27860,"Jonesboro, AR Metro Area",121569,2422
310M100US27900,27900,"Joplin, MO Metro Area",176849,*****
310M100US28020,28020,"Kalamazoo-Portage, MI Metro Area",328205,*****
310M100US28100,28100,"Kankakee-Bradley, IL Metro Area",113698,*****
310M100US28140,28140,"Kansas City, MO-KS Metro Area",2049773,3778
310M100US28420,28420,"Kennewick-Pasco-Richland, WA Metro Area",264133,*****
310M100US28660,28660,"Killeen-Temple-Fort Hood, TX Metro Area",411595,*****
310M100US28700,28700,"Kingsport-Bristol-Bristol, TN-VA Metro Area",312908,2805
310M100US28740,28740,"Kingston, NY Metro Area",182448,*****
310M100US28940,28940,"Knoxville, TN Metro Area",704500,*****
310M100US29020,29020,"Kokomo, IN Metro Area",99893,2006
310M100US29100,29100,"La Crosse, WI-MN Metro Area",134488,*****
310M100US29140,29140,"Lafayette, IN Metro Area",206322,2150
310M100US29180,29180,"Lafayette, LA Metro Area",277307,*****
310M100US29340,29340,"Lake Charles, LA Metro Area",201411,1894
310M100US29420,29420,"Lake Havasu City-Kingman, AZ Metro Area",202351,*****
310M100US29460,29460,"Lakeland-Winter Haven, FL Metro Area",609492,*****
310M100US29540,29540,"Lancaster, PA Metro Area",523594,*****
310M100US29620,29620,"Lansing-East Lansing, MI Metro Area",465138,*****
310M100US29700,29700,"Laredo, TX Metro Area",256496,*****
310M100US29740,29740,"Las Cruces, NM Metro Area",213598,*****
310M100US29820,29820,"Las Vegas-Paradise, NV Metro Area",1969975,*****
310M100US29940,29940,"Lawrence, KS Metro Area",112211,*****
310M100US30020,30020,"Lawton, OK Metro Area",125815,*****
310M100US30140,30140,"Lebanon, PA Metro Area",134311,*****
310M100US30300,30300,"Lewiston, ID-WA Metro Area",61352,880
310M100US30340,30340,"Lewiston-Auburn, ME Metro Area",107398,*****
310M100US30460,30460,"Lexington-Fayette, KY Metro Area",479244,*****
310M100US30620,30620,"Lima, OH Metro Area",106094,*****
310M100US30700,30700,"Lincoln, NE Metro Area",307165,1519
310M100US30780,30780,"Little Rock-North Little Rock-Conway, AR Metro Area",708084,2335
310M100US30860,30860,"Logan, UT-ID Metro Area",124813,2048
310M100US30980,30980,"Longview, TX Metro Area",216666,*****
310M100US31020,31020,"Longview, WA Metro Area",102478,*****
310M100US31100,31100,"Los Angeles-Long Beach-Santa Ana, CA Metro Area",12944801,*****
310M100US31140,31140,"Louisville/Jefferson County, KY-IN Metro Area",1296820,2635
310M100US31180,31180,"Lubbock, TX Metro Area",290842,1240
310M100US31340,31340,"Lynchburg, VA Metro Area",253713,2743
310M100US31420,31420,"Macon, GA Metro Area",227488,4055
310M100US31460,31460,"Madera-Chowchilla, CA Metro Area",152925,*****
310M100US31540,31540,"Madison, WI Metro Area",576467,*****
310M100US31700,31700,"Manchester-Nashua, NH Metro Area",401696,*****
310M100US31740,31740,"Manhattan, KS Metro Area",129369,1558
310M100US31860,31860,"Mankato-North Mankato, MN Metro Area",97204,*****
310M100US31900,31900,"Mansfield, OH Metro Area",123510,*****
310M100US32580,32580,"McAllen-Edinburg-Mission, TX Metro Area",797810,*****
310M100US32780,32780,"Medford, OR Metro Area",204822,*****
310M100US32820,32820,"Memphis, TN-MS-AR Metro Area",1324108,3123
310M100US32900,32900,"Merced, CA Metro Area",259898,*****
310M100US33100,33100,"Miami-Fort Lauderdale-Pompano Beach, FL Metro Area",5670125,*****
310M100US33140,33140,"Michigan City-La Porte, IN Metro Area",111374,*****
310M100US33260,33260,"Midland, TX Metro Area",140308,*****
310M100US33340,33340,"Milwaukee-Waukesha-West Allis, WI Metro Area",1562216,*****
310M100US33460,33460,"Minneapolis-St. Paul-Bloomington, MN-WI Metro Area",3318486,*****
310M100US33540,33540,"Missoula, MT Metro Area",110138,*****
310M100US33660,33660,"Mobile, AL Metro Area",412577,*****
310M100US33700,33700,"Modesto, CA Metro Area",518522,*****
310M100US33740,33740,"Monroe, LA Metro Area",177651,*****
310M100US33780,33780,"Monroe, MI Metro Area",151560,*****
310M100US33860,33860,"Montgomery, AL Metro Area",378582,1759
310M100US34060,34060,"Morgantown, WV Metro Area",132251,*****
310M100US34100,34100,"Morristown, TN Metro Area",137494,*****
310M100US34580,34580,"Mount Vernon-Anacortes, WA Metro Area",118109,*****
310M100US34620,34620,"Muncie, IN Metro Area",117660,*****
310M100US34740,34740,"Muskegon-Norton Shores, MI Metro Area",171302,*****
310M100US34820,34820,"Myrtle Beach-North Myrtle Beach-Conway, SC Metro Area",276340,*****
310M100US34900,34900,"Napa, CA Metro Area",138088,*****
310M100US34940,34940,"Naples-Marco Island, FL Metro Area",328134,*****
310M100US34980,34980,"Nashville-Davidson--Murfreesboro--Franklin, TN Metro Area",1620403,2487
310M100US35300,35300,"New Haven-Milford, CT Metro Area",861113,*****
310M100US35380,35380,"New Orleans-Metairie-Kenner, LA Metro Area",1191089,*****
310M100US35620,35620,"New York-Northern New Jersey-Long Island, NY-NJ-PA Metro Area",19015900,*****
310M100US35660,35660,"Niles-Benton Harbor, MI Metro Area",156941,*****
310M100US35840,35840,"North Port-Bradenton-Sarasota, FL Metro Area",709355,*****
310M100US35980,35980,"Norwich-New London, CT Metro Area",273502,*****
310M100US36100,36100,"Ocala, FL Metro Area",332529,*****
310M100US36140,36140,"Ocean City, NJ Metro Area",96601,*****
310M100US36220,36220,"Odessa, TX Metro Area",140111,*****
310M100US36260,36260,"Ogden-Clearfield, UT Metro Area",555437,1369
310M100US36420,36420,"Oklahoma City, OK Metro Area",1278053,*****
310M100US36500,36500,"Olympia, WA Metro Area",256591,*****
310M100US36540,36540,"Omaha-Council Bluffs, NE-IA Metro Area",875074,2368
310M100US36740,36740,"Orlando-Kissimmee-Sanford, FL Metro Area",2171360,*****
310M100US36780,36780,"Oshkosh-Neenah, WI Metro Area",167699,*****
310M100US36980,36980,"Owensboro, KY Metro Area",118118,2055
310M100US37100,37100,"Oxnard-Thousand Oaks-Ventura, CA Metro Area",831771,*****
310M100US37340,37340,"Palm Bay-Melbourne-Titusville, FL Metro Area",543566,*****
310M100US37380,37380,"Palm Coast, FL Metro Area",97376,*****
310M100US37460,37460,"Panama City-Lynn Haven-Panama City Beach, FL Metro Area",169856,*****
310M100US37620,37620,"Parkersburg-Marietta-Vienna, WV-OH Metro Area",162488,2384
310M100US37700,37700,"Pascagoula, MS Metro Area",162790,*****
310M100US37860,37860,"Pensacola-Ferry Pass-Brent, FL Metro Area",453218,*****
310M100US37900,37900,"Peoria, IL Metro Area",380961,1738
310M100US37980,37980,"Philadelphia-Camden-Wilmington, PA-NJ-DE-MD Metro Area",5992414,*****
310M100US38060,38060,"Phoenix-Mesa-Glendale, AZ Metro Area",4263236,*****
310M100US38220,38220,"Pine Bluff, AR Metro Area",99334,1485
310M100US38300,38300,"Pittsburgh, PA Metro Area",2359746,*****
310M100US38340,38340,"Pittsfield, MA Metro Area",130458,*****
310M100US38540,38540,"Pocatello, ID Metro Area",90777,1601
310M100US38860,38860,"Portland-South Portland-Biddeford, ME Metro Area",515807,*****
310M100US38900,38900,"Portland-Vancouver-Hillsboro, OR-WA Metro Area",2262702,1740
310M100US38940,38940,"Port St. Lucie, FL Metro Area",427874,*****
310M100US39100,39100,"Poughkeepsie-Newburgh-Middletown, NY Metro Area",672871,*****
310M100US39140,39140,"Prescott, AZ Metro Area",211888,*****
310M100US39300,39300,"Providence-New Bedford-Fall River, RI-MA Metro Area",1600224,*****
310M100US39340,39340,"Provo-Orem, UT Metro Area",541710,1350
310M100US39380,39380,"Pueblo, CO Metro Area",160545,*****
310M100US39460,39460,"Punta Gorda, FL Metro Area",160511,*****
310M100US39540,39540,"Racine, WI Metro Area",195388,*****
310M100US39580,39580,"Raleigh-Cary, NC Metro Area",1163515,*****
310M100US39660,39660,"Rapid City, SD Metro Area",128361,*****
310M100US39740,39740,"Reading, PA Metro Area",412778,*****
310M100US39820,39820,"Redding, CA Metro Area",177774,*****
310M100US39900,39900,"Reno-Sparks, NV Metro Area",429767,1361
310M100US40060,40060,"Richmond, VA Metro Area",1270541,6155
310M100US40140,40140,"Riverside-San Bernardino-Ontario, CA Metro Area",4304997,*****
310M100US40220,40220,"Roanoke, VA Metro Area",307464,2083
310M100US40340,40340,"Rochester, MN Metro Area",187612,*****
310M100US40380,40380,"Rochester, NY Metro Area",1055278,*****
310M100US40420,40420,"Rockford, IL Metro Area",348360,*****
310M100US40580,40580,"Rocky Mount, NC Metro Area",152157,*****
310M100US40660,40660,"Rome, GA Metro Area",95989,*****
310M100US40900,40900,"Sacramento--Arden-Arcade--Roseville, CA Metro Area",2176235,*****
310M100US40980,40980,"Saginaw-Saginaw Township North, MI Metro Area",199088,*****
310M100US41060,41060,"St. Cloud, MN Metro Area",190014,*****
310M100US41100,41100,"St. George, UT Metro Area",141666,*****
310M100US41140,41140,"St. Joseph, MO-KS Metro Area",127482,2320
310M100US41180,41180,"St. Louis, MO-IL Metro Area",2813680,3719
310M100US41420,41420,"Salem, OR Metro Area",394865,*****
310M100US41500,41500,"Salinas, CA Metro Area",421898,*****
310M100US41540,41540,"Salisbury, MD Metro Area",125529,*****
310M100US41620,41620,"Salt Lake City, UT Metro Area",1145905,*****
310M100US41660,41660,"San Angelo, TX Metro Area",113614,713
310M100US41700,41700,"San Antonio-New Braunfels, TX Metro Area",2196132,2603
310M100US41740,41740,"San Diego-Carlsbad-San Marcos, CA Metro Area",3140069,*****
310M100US41780,41780,"Sandusky, OH Metro Area",76751,*****
310M100US41860,41860,"San Francisco-Oakland-Fremont, CA Metro Area",4391037,*****
310M100US41940,41940,"San Jose-Sunnyvale-Santa Clara, CA Metro Area",1865450,*****
310M100US42020,42020,"San Luis Obispo-Paso Robles, CA Metro Area",271969,*****
310M100US42060,42060,"Santa Barbara-Santa Maria-Goleta, CA Metro Area",426878,*****
310M100US42100,42100,"Santa Cruz-Watsonville, CA Metro Area",264298,*****
310M100US42140,42140,"Santa Fe, NM Metro Area",145648,*****
310M100US42220,42220,"Santa Rosa-Petaluma, CA Metro Area",488116,*****
310M100US42340,42340,"Savannah, GA Metro Area",355576,*****
310M100US42540,42540,"Scranton--Wilkes-Barre, PA Metro Area",563184,848
310M100US42660,42660,"Seattle-Tacoma-Bellevue, WA Metro Area",3500026,*****
310M100US42680,42680,"Sebastian-Vero Beach, FL Metro Area",138894,*****
310M100US43100,43100,"Sheboygan, WI Metro Area",115149,*****
310M100US43300,43300,"Sherman-Denison, TX Metro Area",121419,*****
310M100US43340,43340,"Shreveport-Bossier City, LA Metro Area",403595,*****
310M100US43580,43580,"Sioux City, IA-NE-SD Metro Area",144014,1264
310M100US43620,43620,"Sioux Falls, SD Metro Area",232347,1181
310M100US43780,43780,"South Bend-Mishawaka, IN-MI Metro Area",318688,*****
310M100US43900,43900,"Spartanburg, SC Metro Area",286868,*****
310M100US44060,44060,"Spokane, WA Metro Area",473761,*****
310M100US44100,44100,"Springfield, IL Metro Area",211282,1615
310M100US44140,44140,"Springfield, MA Metro Area",693204,*****
310M100US44180,44180,"Springfield, MO Metro Area",438094,2605
310M100US44220,44220,"Springfield, OH Metro Area",137691,*****
310M100US44300,44300,"State College, PA Metro Area",154722,*****
310M100US44600,44600,"Steubenville-Weirton, OH-WV Metro Area",123243,*****
310M100US44700,44700,"Stockton, CA Metro Area",696214,*****
310M100US44940,44940,"Sumter, SC Metro Area",107460,*****
310M100US45060,45060,"Syracuse, NY Metro Area",662553,*****
310M100US45220,45220,"Tallahassee, FL Metro Area",370292,1149
310M100US45300,45300,"Tampa-St. Petersburg-Clearwater, FL Metro Area",2824724,*****
310M100US45460,45460,"Terre Haute, IN Metro Area",173275,2260
310M100US45500,45500,"Texarkana, TX-Texarkana, AR Metro Area",136552,*****
310M100US45780,45780,"Toledo, OH Metro Area",650266,*****
310M100US45820,45820,"Topeka, KS Metro Area",234380,1886
310M100US45940,45940,"Trenton-Ewing, NJ Metro Area",367063,*****
310M100US46060,46060,"Tucson, AZ Metro Area",989569,*****
310M100US46140,46140,"Tulsa, OK Metro Area",947382,2200
310M100US46220,46220,"Tuscaloosa, AL Metro Area",220720,2083
310M100US46340,46340,"Tyler, TX Metro Area",213381,*****
310M100US46540,46540,"Utica-Rome, NY Metro Area",298447,*****
310M100US46660,46660,"Valdosta, GA Metro Area",140599,1818
310M100US46700,46700,"Vallejo-Fairfield, CA Metro Area",416471,*****
310M100US47020,47020,"Victoria, TX Metro Area",115873,1341
310M100US47220,47220,"Vineland-Millville-Bridgeton, NJ Metro Area",157095,*****
310M100US47260,47260,"Virginia Beach-Norfolk-Newport News, VA-NC Metro Area",1677984,3317
310M100US47300,47300,"Visalia-Porterville, CA Metro Area",449253,*****
310M100US47380,47380,"Waco, TX Metro Area",238564,*****
310M100US47580,47580,"Warner Robins, GA Metro Area",143925,*****
310M100US47900,47900,"Washington-Arlington-Alexandria, DC-VA-MD-WV Metro Area",5703948,*****
310M100US47940,47940,"Waterloo-Cedar Falls, IA Metro Area",167818,1522
310M100US48140,48140,"Wausau, WI Metro Area",134400,*****
310M100US48300,48300,"Wenatchee-East Wenatchee, WA Metro Area",112448,*****
310M100US48540,48540,"Wheeling, WV-OH Metro Area",147197,*****
310M100US48620,48620,"Wichita, KS Metro Area",625039,1526
310M100US48660,48660,"Wichita Falls, TX Metro Area",149024,1954
310M100US48700,48700,"Williamsport, PA Metro Area",116747,*****
310M100US48900,48900,"Wilmington, NC Metro Area",369685,*****
310M100US49020,49020,"Winchester, VA-WV Metro Area",130065,*****
310M100US49180,49180,"Winston-Salem, NC Metro Area",482025,*****
310M100US49340,49340,"Worcester, MA Metro Area",801227,*****
310M100US49420,49420,"Yakima, WA Metro Area",247141,*****
310M100US49620,49620,"York-Hanover, PA Metro Area",436770,*****
310M100US49660,49660,"Youngstown-Warren-Boardman, OH-PA Metro Area",562739,*****
310M100US49700,49700,"Yuba City, CA Metro Area",167497,*****
310M100US49740,49740,"Yuma, AZ Metro Area",200870,*****
